都道府県,設置区分,学校名,所在市町村,地域ブロック,公式サイトURL,メールアドレス,お問い合わせフォームURL,備考
北海道,道立,北海道札幌南高等学校,札幌市,石狩,https://www.sapporominami.hokkaido-c.ed.jp/,sapporominami-z0@hokkaido-c.ed.jp,,
北海道,道立,北海道札幌北高等学校,札幌市,石狩,https://www.sapporokita.hokkaido-c.ed.jp/,sapporokita-z0@hokkaido-c.ed.jp,,
北海道,道立,北海道札幌西高等学校,札幌市,石狩,https://www.sapporonishi.hokkaido-c.ed.jp/,sapporonishi-z0@hokkaido-c.ed.jp,,
北海道,道立,北海道札幌東高等学校,札幌市,石狩,https://www.sapporohigashi.hokkaido-c.ed.jp/,sapporohigashi-z0@hokkaido-c.ed.jp,,
北海道,道立,北海道札幌旭丘高等学校,札幌市,石狩,https://www.sapporoasahigaoka.hokkaido-c.ed.jp/,sapporoasahigaoka-z0@hokkaido-c.ed.jp,,
北海道,道立,北海道札幌月寒高等学校,札幌市,石狩,https://www.sapporotsukisamu.hokkaido-c.ed.jp/,sapporotsukisamu-z0@hokkaido-c.ed.jp,,
北海道,道立,北海道札幌平岡高等学校,札幌市,石狩,https://www.sapporahiraoka.hokkaido-c.ed.jp/,sapporahiraoka-z0@hokkaido-c.ed.jp,,
北海道,道立,北海道札幌白石高等学校,札幌市,石狩,https://www.sapporoshiraishi.hokkaido-c.ed.jp/,sapporoshiraishi-z0@hokkaido-c.ed.jp,,
北海道,道立,北海道札幌清田高等学校,札幌市,石狩,https://www.sapporoseita.hokkaido-c.ed.jp/,sapporoseita-z0@hokkaido-c.ed.jp,,
北海道,道立,北海道札幌手稲高等学校,札幌市,石狩,https://www.sapporoteine.hokkaido-c.ed.jp/,sapporoteine-z0@hokkaido-c.ed.jp,,
北海道,道立,北海道札幌東陵高等学校,札幌市,石狩,https://www.sapporotoryou.hokkaido-c.ed.jp/,sapporotoryou-z0@hokkaido-c.ed.jp,,
北海道,道立,北海道札幌厚別高等学校,札幌市,石狩,https://www.sapporoatsubetsu.hokkaido-c.ed.jp/,sapporoatsubetsu-z0@hokkaido-c.ed.jp,,
北海道,道立,北海道札幌北陵高等学校,札幌市,石狩,https://www.sapporohokuryou.hokkaido-c.ed.jp/,sapporohokuryou-z0@hokkaido-c.ed.jp,,
北海道,道立,北海道札幌稲雲高等学校,札幌市,石狩,https://www.s-touun-h.hokkaido-c.ed.jp/,s-touun-h-z0@hokkaido-c.ed.jp,,
北海道,道立,北海道札幌英藍高等学校,札幌市,石狩,https://www.sapporoeiran.hokkaido-c.ed.jp/,sapporoeiran-z0@hokkaido-c.ed.jp,,
北海道,道立,北海道札幌あすかぜ高等学校,札幌市,石狩,https://www.sapporoasukaze.hokkaido-c.ed.jp/,sapporoasukaze-z0@hokkaido-c.ed.jp,,
北海道,道立,北海道札幌南陵高等学校,札幌市,石狩,https://www.sapporonanryo.hokkaido-c.ed.jp/,sapporonanryo-z0@hokkaido-c.ed.jp,,
北海道,道立,北海道札幌東商業高等学校,札幌市,石狩,https://www.sapporohigashishogyo.hokkaido-c.ed.jp/,sapporohigashishogyo-z0@hokkaido-c.ed.jp,,
北海道,道立,北海道札幌工業高等学校,札幌市,石狩,https://www.sakko.hokkaido-c.ed.jp/,sakko-z0@hokkaido-c.ed.jp,,
北海道,道立,北海道札幌琴似工業高等学校,札幌市,石狩,https://www.sapporokotoni.hokkaido-c.ed.jp/,sapporokotoni-z0@hokkaido-c.ed.jp,,
北海道,道立,北海道札幌農業高等学校,札幌市,石狩,https://www.sapporonogyo.hokkaido-c.ed.jp/,sapporonogyo-z0@hokkaido-c.ed.jp,,
北海道,道立,北海道札幌国際情報高等学校,札幌市,石狩,https://www.sapporokokusaijyoho.hokkaido-c.ed.jp/,sapporokokusaijyoho-z0@hokkaido-c.ed.jp,,
北海道,道立,北海道有朋高等学校,札幌市,石狩,https://www.yuho.hokkaido-c.ed.jp/,yuho-z0@hokkaido-c.ed.jp,,
北海道,道立,北海道札幌白陵高等学校,札幌市,石狩,https://www.sapporohakuryou.hokkaido-c.ed.jp/,sapporohakuryou-z0@hokkaido-c.ed.jp,,
北海道,道立,北海道札幌啓成高等学校,札幌市,石狩,https://www.sapporokeise.hokkaido-c.ed.jp/,sapporokeise-z0@hokkaido-c.ed.jp,,
北海道,道立,北海道江別高等学校,江別市,石狩,https://www.ebetsu.hokkaido-c.ed.jp/,ebetsu-z0@hokkaido-c.ed.jp,,
北海道,道立,北海道野幌高等学校,江別市,石狩,https://www.nopporo.hokkaido-c.ed.jp/,nopporo-z0@hokkaido-c.ed.jp,,
北海道,道立,北海道大麻高等学校,江別市,石狩,https://www.ohasa.hokkaido-c.ed.jp/,ohasa-z0@hokkaido-c.ed.jp,,
北海道,道立,北海道千歳高等学校,千歳市,石狩,https://www.chitose.hokkaido-c.ed.jp/,chitose-z0@hokkaido-c.ed.jp,,
北海道,道立,北海道千歳北陽高等学校,千歳市,石狩,https://www.chitosehokuyo.hokkaido-c.ed.jp/,chitosehokuyo-z0@hokkaido-c.ed.jp,,
北海道,道立,北海道恵庭北高等学校,恵庭市,石狩,https://www.eniwakita.hokkaido-c.ed.jp/,eniwakita-z0@hokkaido-c.ed.jp,,
北海道,道立,北海道恵庭南高等学校,恵庭市,石狩,https://www.eniwaminami.hokkaido-c.ed.jp/,eniwaminami-z0@hokkaido-c.ed.jp,,
北海道,道立,北海道北広島高等学校,北広島市,石狩,https://www.kitahiroshima.hokkaido-c.ed.jp/,kitahiroshima-z0@hokkaido-c.ed.jp,,
北海道,道立,北海道石狩翔陽高等学校,石狩市,石狩,https://www.ishikarishoyo.hokkaido-c.ed.jp/,ishikarishoyo-z0@hokkaido-c.ed.jp,,
北海道,道立,北海道石狩南高等学校,石狩市,石狩,https://www.ishikariminami.hokkaido-c.ed.jp/,ishikariminami-z0@hokkaido-c.ed.jp,,
北海道,道立,北海道当別高等学校,石狩郡当別町,石狩,https://www.tobetsu.hokkaido-c.ed.jp/,tobetsu-z0@hokkaido-c.ed.jp,,
北海道,道立,北海道夕張高等学校,夕張市,空知,https://www.yubari.hokkaido-c.ed.jp/,yubari-z0@hokkaido-c.ed.jp,,
北海道,道立,北海道岩見沢東高等学校,岩見沢市,空知,https://www.iwamizawahigashi.hokkaido-c.ed.jp/,iwamizawahigashi-z0@hokkaido-c.ed.jp,,
北海道,道立,北海道岩見沢西高等学校,岩見沢市,空知,https://www.iwamizawanishi.hokkaido-c.ed.jp/,iwamizawanishi-z0@hokkaido-c.ed.jp,,
北海道,道立,北海道岩見沢農業高等学校,岩見沢市,空知,https://www.iwamizawanogyo.hokkaido-c.ed.jp/,iwamizawanogyo-z0@hokkaido-c.ed.jp,,
北海道,道立,北海道美唄尚栄高等学校,美唄市,空知,https://www.bibaisyouei.hokkaido-c.ed.jp/,bibaisyouei-z0@hokkaido-c.ed.jp,,
北海道,道立,北海道美唄聖華高等学校,美唄市,空知,https://www.bibaiseika.hokkaido-c.ed.jp/,bibaiseika-z0@hokkaido-c.ed.jp,,
北海道,道立,北海道芦別高等学校,芦別市,空知,https://www.ashibetsu.hokkaido-c.ed.jp/,ashibetsu-z0@hokkaido-c.ed.jp,,
北海道,道立,北海道赤平高等学校,赤平市,空知,https://www.akabira.hokkaido-c.ed.jp/,akabira-z0@hokkaido-c.ed.jp,,
北海道,道立,北海道三笠高等学校,三笠市,空知,https://www.mikasa.hokkaido-c.ed.jp/,mikasa-z0@hokkaido-c.ed.jp,,
北海道,道立,北海道滝川高等学校,滝川市,空知,https://www.takikawa.hokkaido-c.ed.jp/,takikawa-z0@hokkaido-c.ed.jp,,
北海道,道立,北海道滝川工業高等学校,滝川市,空知,https://www.takikawakogyo.hokkaido-c.ed.jp/,takikawakogyo-z0@hokkaido-c.ed.jp,,
北海道,道立,北海道砂川高等学校,砂川市,空知,https://www.sunagawa.hokkaido-c.ed.jp/,sunagawa-z0@hokkaido-c.ed.jp,,
北海道,道立,北海道歌志内高等学校,歌志内市,空知,https://www.utashinai.hokkaido-c.ed.jp/,utashinai-z0@hokkaido-c.ed.jp,,
北海道,道立,北海道深川東高等学校,深川市,空知,https://www.fukatoko.hokkaido-c.ed.jp/,fukatoko-z0@hokkaido-c.ed.jp,,
北海道,道立,北海道深川西高等学校,深川市,空知,https://www.fukagawanishi.hokkaido-c.ed.jp/,fukagawanishi-z0@hokkaido-c.ed.jp,,
北海道,道立,北海道奈井江商業高等学校,空知郡奈井江町,空知,https://www.naieshougyou.hokkaido-c.ed.jp/,naieshougyou-z0@hokkaido-c.ed.jp,,
北海道,道立,北海道月形高等学校,樺戸郡月形町,空知,https://www.tsukigata.hokkaido-c.ed.jp/,tsukigata-z0@hokkaido-c.ed.jp,,
北海道,道立,北海道新十津川農業高等学校,樺戸郡新十津川町,空知,https://www.shintotsukawanog.hokkaido-c.ed.jp/,shintotsukawanog-z0@hokkaido-c.ed.jp,,
北海道,道立,北海道浦臼高等学校,樺戸郡浦臼町,空知,https://www.urausu.hokkaido-c.ed.jp/,urausu-z0@hokkaido-c.ed.jp,,
北海道,道立,北海道栗山高等学校,夕張郡栗山町,空知,https://www.kuriyama.hokkaido-c.ed.jp/,kuriyama-z0@hokkaido-c.ed.jp,,
北海道,道立,北海道長沼高等学校,夕張郡長沼町,空知,https://www.naganuma.hokkaido-c.ed.jp/,naganuma-z0@hokkaido-c.ed.jp,,
北海道,道立,北海道由仁高等学校,夕張郡由仁町,空知,https://www.yuni.hokkaido-c.ed.jp/,yuni-z0@hokkaido-c.ed.jp,,
北海道,道立,北海道小樽潮陵高等学校,小樽市,後志,https://www.otaruchoryou.hokkaido-c.ed.jp/,otaruchoryou-z0@hokkaido-c.ed.jp,,
北海道,道立,北海道小樽桜陽高等学校,小樽市,後志,https://www.otarukouyo.hokkaido-c.ed.jp/,otarukouyo-z0@hokkaido-c.ed.jp,,
北海道,道立,北海道小樽水産高等学校,小樽市,後志,https://www.otarusuisan.hokkaido-c.ed.jp/,otarusuisan-z0@hokkaido-c.ed.jp,,
北海道,道立,北海道小樽未来創造高等学校,小樽市,後志,https://www.otarumiraiso.hokkaido-c.ed.jp/,otarumiraiso-z0@hokkaido-c.ed.jp,,
北海道,道立,北海道余市紅志高等学校,余市郡余市町,後志,https://www.yoichikoshi.hokkaido-c.ed.jp/,yoichikoshi-z0@hokkaido-c.ed.jp,,
北海道,道立,北海道岩内高等学校,岩内郡岩内町,後志,https://www.iwanai.hokkaido-c.ed.jp/,iwanai-z0@hokkaido-c.ed.jp,,
北海道,道立,北海道寿都高等学校,寿都郡寿都町,後志,https://www.suttu.hokkaido-c.ed.jp/,suttu-z0@hokkaido-c.ed.jp,,
北海道,道立,北海道黒松内高等学校,寿都郡黒松内町,後志,https://www.kuromatsunai.hokkaido-c.ed.jp/,kuromatsunai-z0@hokkaido-c.ed.jp,,
北海道,道立,北海道蘭越高等学校,磯谷郡蘭越町,後志,https://www.rankoshi.hokkaido-c.ed.jp/,rankoshi-z0@hokkaido-c.ed.jp,,
北海道,道立,北海道ニセコ高等学校,虻田郡ニセコ町,後志,https://www.niseko.hokkaido-c.ed.jp/,niseko-z0@hokkaido-c.ed.jp,,
北海道,道立,北海道倶知安高等学校,虻田郡倶知安町,後志,https://www.kutchan.hokkaido-c.ed.jp/,kutchan-z0@hokkaido-c.ed.jp,,
北海道,道立,北海道共和高等学校,岩内郡共和町,後志,https://www.kyouwa.hokkaido-c.ed.jp/,kyouwa-z0@hokkaido-c.ed.jp,,
北海道,道立,北海道室蘭栄高等学校,室蘭市,胆振,https://www.muroran-sakae.hokkaido-c.ed.jp/,muroran-sakae-z0@hokkaido-c.ed.jp,,
北海道,道立,北海道室蘭清水丘高等学校,室蘭市,胆振,https://www.muroran-shimizugaoka.hokkaido-c.ed.jp/,muroran-shimizugaoka-z0@hokkaido-c.ed.jp,,
北海道,道立,北海道室蘭工業高等学校,室蘭市,胆振,https://www.muroran-kogyo.hokkaido-c.ed.jp/,muroran-kogyo-z0@hokkaido-c.ed.jp,,
北海道,道立,北海道登別明日中等教育学校,登別市,胆振,https://www.noboribetsuasu.hokkaido-c.ed.jp/,noboribetsuasu-z0@hokkaido-c.ed.jp,,
北海道,道立,北海道登別青嶺高等学校,登別市,胆振,https://www.noboribetsusei.hokkaido-c.ed.jp/,noboribetsusei-z0@hokkaido-c.ed.jp,,
北海道,道立,北海道伊達高等学校,伊達市,胆振,https://www.date.hokkaido-c.ed.jp/,date-z0@hokkaido-c.ed.jp,,
北海道,道立,北海道伊達緑丘高等学校,伊達市,胆振,https://www.date-midoriga.hokkaido-c.ed.jp/,date-midoriga-z0@hokkaido-c.ed.jp,,
北海道,道立,北海道苫小牧東高等学校,苫小牧市,胆振,https://www.tomakoma-higashi.hokkaido-c.ed.jp/,tomakoma-higashi-z0@hokkaido-c.ed.jp,,
北海道,道立,北海道苫小牧西高等学校,苫小牧市,胆振,https://www.tomakomanishi.hokkaido-c.ed.jp/,tomakomanishi-z0@hokkaido-c.ed.jp,,
北海道,道立,北海道苫小牧工業高等学校,苫小牧市,胆振,https://www.tomakoma-kogyo.hokkaido-c.ed.jp/,tomakoma-kogyo-z0@hokkaido-c.ed.jp,,
北海道,道立,北海道苫小牧総合経済高等学校,苫小牧市,胆振,https://www.tomakoma-sogo.hokkaido-c.ed.jp/,tomakoma-sogo-z0@hokkaido-c.ed.jp,,
北海道,道立,北海道苫小牧高等学校,苫小牧市,胆振,https://www.tomakomai.hokkaido-c.ed.jp/,tomakomai-z0@hokkaido-c.ed.jp,,
北海道,道立,北海道白老東高等学校,白老郡白老町,胆振,https://www.shiraoi-higashi.hokkaido-c.ed.jp/,shiraoi-higashi-z0@hokkaido-c.ed.jp,,
北海道,道立,北海道虻田高等学校,虻田郡洞爺湖町,胆振,https://www.abuta.hokkaido-c.ed.jp/,abuta-z0@hokkaido-c.ed.jp,,
北海道,道立,北海道豊浦高等学校,虻田郡豊浦町,胆振,https://www.toyoura.hokkaido-c.ed.jp/,toyoura-z0@hokkaido-c.ed.jp,,
北海道,道立,北海道壮瞥高等学校,有珠郡壮瞥町,胆振,https://www.sobetsu.hokkaido-c.ed.jp/,sobetsu-z0@hokkaido-c.ed.jp,,
北海道,道立,北海道浦河高等学校,浦河郡浦河町,日高,https://www.urakawa.hokkaido-c.ed.jp/,urakawa-z0@hokkaido-c.ed.jp,,
北海道,道立,北海道浦河商業高等学校,浦河郡浦河町,日高,https://www.urakawashogyo.hokkaido-c.ed.jp/,urakawashogyo-z0@hokkaido-c.ed.jp,,
北海道,道立,北海道静内高等学校,日高郡新ひだか町,日高,https://www.shizunai.hokkaido-c.ed.jp/,shizunai-z0@hokkaido-c.ed.jp,,
北海道,道立,北海道三石高等学校,日高郡新ひだか町,日高,https://www.mitsuishi.hokkaido-c.ed.jp/,mitsuishi-z0@hokkaido-c.ed.jp,,
北海道,道立,北海道日高高等学校,沙流郡日高町,日高,https://hokkaido-hidaka-hs.ed.jp/,hidakahigh3@hokkaido-c.ed.jp,,
北海道,道立,北海道富川高等学校,沙流郡平取町,日高,https://www.tomikawa.hokkaido-c.ed.jp/,tomikawa-z0@hokkaido-c.ed.jp,,
北海道,道立,北海道様似高等学校,様似郡様似町,日高,https://www.samani.hokkaido-c.ed.jp/,samani-z0@hokkaido-c.ed.jp,,
北海道,道立,北海道えりも高等学校,幌泉郡えりも町,日高,https://www.erimo.hokkaido-c.ed.jp/,erimo-z0@hokkaido-c.ed.jp,,
北海道,道立,北海道新冠高等学校,新冠郡新冠町,日高,https://www.niikappu.hokkaido-c.ed.jp/,niikappu-z0@hokkaido-c.ed.jp,,
北海道,道立,北海道函館中部高等学校,函館市,渡島,https://www.hakodate-chuo.hokkaido-c.ed.jp/,hakodate-chuo-z0@hokkaido-c.ed.jp,,
北海道,道立,北海道函館西高等学校,函館市,渡島,https://www.hakodatenishi.hokkaido-c.ed.jp/,hakodatenishi-z0@hokkaido-c.ed.jp,,
北海道,道立,北海道函館商業高等学校,函館市,渡島,https://www.hakodateshogyo.hokkaido-c.ed.jp/,hakodateshogyo-z0@hokkaido-c.ed.jp,,
北海道,道立,北海道函館工業高等学校,函館市,渡島,https://www.kanko.hokkaido-c.ed.jp/,kanko-z0@hokkaido-c.ed.jp,,
北海道,道立,北海道函館水産高等学校,北斗市,渡島,https://www.hakodatesuisan.hokkaido-c.ed.jp/,hakodatesuisan-z0@hokkaido-c.ed.jp,,
北海道,道立,北海道函館稜北高等学校,函館市,渡島,https://www.hakodateryouhoku.hokkaido-c.ed.jp/,hakodateryouhoku-z0@hokkaido-c.ed.jp,,
北海道,道立,北海道七飯高等学校,亀田郡七飯町,渡島,https://www.nanae.hokkaido-c.ed.jp/,nanae-z0@hokkaido-c.ed.jp,,
北海道,道立,北海道上磯高等学校,北斗市,渡島,https://www.kamiiso.hokkaido-c.ed.jp/,kamiiso-z0@hokkaido-c.ed.jp,,
北海道,道立,北海道大野農業高等学校,北斗市,渡島,https://www.ohnonogyo.hokkaido-c.ed.jp/,ohnonogyo-z0@hokkaido-c.ed.jp,,
北海道,道立,北海道長万部高等学校,山越郡長万部町,渡島,https://www.oshamanbe.hokkaido-c.ed.jp/,oshamanbe-z0@hokkaido-c.ed.jp,,
北海道,道立,北海道八雲高等学校,二海郡八雲町,渡島,https://www.yakumo.hokkaido-c.ed.jp/,yakumo-z0@hokkaido-c.ed.jp,,
北海道,道立,北海道森高等学校,茅部郡森町,渡島,https://www.mori.hokkaido-c.ed.jp/,mori-z0@hokkaido-c.ed.jp,,
北海道,道立,北海道砂原高等学校,茅部郡森町,渡島,https://www.sunabara.hokkaido-c.ed.jp/,sunabara-z0@hokkaido-c.ed.jp,,
北海道,道立,北海道南茅部高等学校,函館市,渡島,https://www.minamikayabe.hokkaido-c.ed.jp/,minamikayabe-z0@hokkaido-c.ed.jp,,
北海道,道立,北海道松前高等学校,松前郡松前町,渡島,https://www.matsumae.hokkaido-c.ed.jp/,matsumae-z0@hokkaido-c.ed.jp,,
北海道,道立,北海道福島商業高等学校,松前郡福島町,渡島,https://www.fukushimashogyo.hokkaido-c.ed.jp/,fukushimashogyo-z0@hokkaido-c.ed.jp,,
北海道,道立,北海道江差高等学校,檜山郡江差町,檜山,https://www.esashi.hokkaido-c.ed.jp/,esashi-z0@hokkaido-c.ed.jp,,
北海道,道立,北海道上ノ国高等学校,檜山郡上ノ国町,檜山,https://www.kaminokuni.hokkaido-c.ed.jp/,kaminokuni-z0@hokkaido-c.ed.jp,,
北海道,道立,北海道厚沢部高等学校,檜山郡厚沢部町,檜山,https://www.assabu.hokkaido-c.ed.jp/,assabu-z0@hokkaido-c.ed.jp,,
北海道,道立,北海道乙部高等学校,爾志郡乙部町,檜山,https://www.otobe.hokkaido-c.ed.jp/,otobe-z0@hokkaido-c.ed.jp,,
北海道,道立,北海道奥尻高等学校,奥尻郡奥尻町,檜山,https://www.okushiri.hokkaido-c.ed.jp/,okushiri-z0@hokkaido-c.ed.jp,,
北海道,道立,北海道檜山北高等学校,久遠郡せたな町,檜山,https://www.hiyamakita.hokkaido-c.ed.jp/,hiyamakita-z0@hokkaido-c.ed.jp,,
北海道,道立,北海道今金高等学校,瀬棚郡今金町,檜山,https://www.imagane.hokkaido-c.ed.jp/,imagane-z0@hokkaido-c.ed.jp,,
北海道,道立,北海道旭川東高等学校,旭川市,上川,https://www.asahikawahigashi.hokkaido-c.ed.jp/,asahikawahigashi-z0@hokkaido-c.ed.jp,,
北海道,道立,北海道旭川西高等学校,旭川市,上川,https://www.asahikawaonishi.hokkaido-c.ed.jp/,asahikawaonishi-z0@hokkaido-c.ed.jp,,
北海道,道立,北海道旭川北高等学校,旭川市,上川,https://www.asahikawakita.hokkaido-c.ed.jp/,asahikawakita-z0@hokkaido-c.ed.jp,,
北海道,道立,北海道旭川南高等学校,旭川市,上川,https://www.asahikawaminami.hokkaido-c.ed.jp/,asahikawaminami-z0@hokkaido-c.ed.jp,,
北海道,道立,北海道旭川商業高等学校,旭川市,上川,https://www.asahikawashogyo.hokkaido-c.ed.jp/,asahikawashogyo-z0@hokkaido-c.ed.jp,,
北海道,道立,北海道旭川工業高等学校,旭川市,上川,https://www.asahikawakogyo.hokkaido-c.ed.jp/,asahikawakogyo-z0@hokkaido-c.ed.jp,,
北海道,道立,北海道旭川農業高等学校,旭川市,上川,https://www.asahikawanog.hokkaido-c.ed.jp/,asahikawanog-z0@hokkaido-c.ed.jp,,
北海道,道立,北海道旭川永嶺高等学校,旭川市,上川,https://www.asahikawanagamine.hokkaido-c.ed.jp/,asahikawanagamine-z0@hokkaido-c.ed.jp,,
北海道,道立,北海道鷹栖高等学校,上川郡鷹栖町,上川,https://www.takasu.hokkaido-c.ed.jp/,takasu-z0@hokkaido-c.ed.jp,,
北海道,道立,北海道東川高等学校,上川郡東川町,上川,https://www.higashikawa.hokkaido-c.ed.jp/,higashikawa-z0@hokkaido-c.ed.jp,,
北海道,道立,北海道富良野高等学校,富良野市,上川,https://www.furano.hokkaido-c.ed.jp/,furano-z0@hokkaido-c.ed.jp,,
北海道,道立,北海道富良野緑峰高等学校,富良野市,上川,https://www.furanoryokuho.hokkaido-c.ed.jp/,furanoryokuho-z0@hokkaido-c.ed.jp,,
北海道,道立,北海道美瑛高等学校,上川郡美瑛町,上川,https://www.biei.hokkaido-c.ed.jp/,biei-z0@hokkaido-c.ed.jp,,
北海道,道立,北海道士別高等学校,士別市,上川,https://www.shimbetsu.hokkaido-c.ed.jp/,shimbetsu-z0@hokkaido-c.ed.jp,,
北海道,道立,北海道士別翔雲高等学校,士別市,上川,https://www.shimbetsushoun.hokkaido-c.ed.jp/,shimbetsushoun-z0@hokkaido-c.ed.jp,,
北海道,道立,北海道名寄高等学校,名寄市,上川,https://www.nayoro.hokkaido-c.ed.jp/,nayoro-z0@hokkaido-c.ed.jp,,
北海道,道立,北海道名寄産業高等学校,名寄市,上川,https://www.nayoro-sangyo.hokkaido-c.ed.jp/,nayoro-sangyo-z0@hokkaido-c.ed.jp,,
北海道,道立,北海道和寒高等学校,上川郡和寒町,上川,https://www.wassamu.hokkaido-c.ed.jp/,wassamu-z0@hokkaido-c.ed.jp,,
北海道,道立,北海道剣淵高等学校,上川郡剣淵町,上川,https://www.kembuchi.hokkaido-c.ed.jp/,kembuchi-z0@hokkaido-c.ed.jp,,
北海道,道立,北海道上川高等学校,上川郡上川町,上川,https://www.kamikawa.hokkaido-c.ed.jp/,kamikawa-z0@hokkaido-c.ed.jp,,
北海道,道立,北海道下川商業高等学校,上川郡下川町,上川,https://www.shimokawashogyo.hokkaido-c.ed.jp/,shimokawashogyo-z0@hokkaido-c.ed.jp,,
北海道,道立,北海道美深高等学校,中川郡美深町,上川,https://www.bifuka.hokkaido-c.ed.jp/,bifuka-z0@hokkaido-c.ed.jp,,
北海道,道立,北海道音威子府高等学校,中川郡音威子府村,上川,https://www.otoineppu.hokkaido-c.ed.jp/,otoineppu-z0@hokkaido-c.ed.jp,,
北海道,道立,北海道中川高等学校,中川郡中川町,上川,https://www.nakagawa.hokkaido-c.ed.jp/,nakagawa-z0@hokkaido-c.ed.jp,,
北海道,道立,北海道幌加内高等学校,雨竜郡幌加内町,上川,https://www.horokanai.hokkaido-c.ed.jp/,horokanai-z0@hokkaido-c.ed.jp,,
北海道,道立,北海道留萌高等学校,留萌市,留萌,https://www.rumoi.hokkaido-c.ed.jp/,rumoi-z0@hokkaido-c.ed.jp,,
北海道,道立,北海道留萌千望高等学校,留萌市,留萌,https://www.rumoisenbou.hokkaido-c.ed.jp/,rumoisenbou-z0@hokkaido-c.ed.jp,,
北海道,道立,北海道羽幌高等学校,苫前郡羽幌町,留萌,https://www.haboro.hokkaido-c.ed.jp/,haboro-z0@hokkaido-c.ed.jp,,
北海道,道立,北海道苫前商業高等学校,苫前郡苫前町,留萌,https://www.tomamaeshogyo.hokkaido-c.ed.jp/,tomamaeshogyo-z0@hokkaido-c.ed.jp,,
北海道,道立,北海道増毛高等学校,増毛郡増毛町,留萌,https://www.mashike.hokkaido-c.ed.jp/,mashike-z0@hokkaido-c.ed.jp,,
北海道,道立,北海道稚内高等学校,稚内市,宗谷,https://www.chikou.hokkaido-c.ed.jp/,chikou-z0@hokkaido-c.ed.jp,,
北海道,道立,北海道稚内南高等学校,稚内市,宗谷,https://www.wakkanaminami.hokkaido-c.ed.jp/,wakkanaminami-z0@hokkaido-c.ed.jp,,
北海道,道立,北海道枝幸高等学校,枝幸郡枝幸町,宗谷,https://www.esashi-soya.hokkaido-c.ed.jp/,esashi-soya-z0@hokkaido-c.ed.jp,,
北海道,道立,北海道浜頓別高等学校,枝幸郡浜頓別町,宗谷,https://www.hamatombetsu.hokkaido-c.ed.jp/,hamatombetsu-z0@hokkaido-c.ed.jp,,
北海道,道立,北海道中頓別高等学校,枝幸郡中頓別町,宗谷,https://www.nakatombetsu.hokkaido-c.ed.jp/,nakatombetsu-z0@hokkaido-c.ed.jp,,
北海道,道立,北海道豊富高等学校,天塩郡豊富町,宗谷,https://www.toyotomi.hokkaido-c.ed.jp/,toyotomi-z0@hokkaido-c.ed.jp,,
北海道,道立,北海道幌延高等学校,天塩郡幌延町,宗谷,https://www.horonobe.hokkaido-c.ed.jp/,horonobe-z0@hokkaido-c.ed.jp,,
北海道,道立,北海道天塩高等学校,天塩郡天塩町,宗谷,https://www.teshio.hokkaido-c.ed.jp/,teshio-z0@hokkaido-c.ed.jp,,
北海道,道立,北海道利尻高等学校,利尻郡利尻富士町,宗谷,https://www.rishiri.hokkaido-c.ed.jp/,rishiri-z0@hokkaido-c.ed.jp,,
北海道,道立,北海道網走南ケ丘高等学校,網走市,オホーツク,https://www.abashiri-minagaoka.hokkaido-c.ed.jp/,abashiri-minagaoka-z0@hokkaido-c.ed.jp,,
北海道,道立,北海道網走桂陽高等学校,網走市,オホーツク,https://www.abashiri-keiyo.hokkaido-c.ed.jp/,abashiri-keiyo-z0@hokkaido-c.ed.jp,,
北海道,道立,北海道紋別高等学校,紋別市,オホーツク,https://www.mombetsu.hokkaido-c.ed.jp/,mombetsu-z0@hokkaido-c.ed.jp,,
北海道,道立,北海道北見北斗高等学校,北見市,オホーツク,https://www.kitami-hokuto.hokkaido-c.ed.jp/,kitami-hokuto-z0@hokkaido-c.ed.jp,,
北海道,道立,北海道北見柏陽高等学校,北見市,オホーツク,https://www.kitami-kakuyo.hokkaido-c.ed.jp/,kitami-kakuyo-z0@hokkaido-c.ed.jp,,
北海道,道立,北海道北見工業高等学校,北見市,オホーツク,https://www.kitami-kogyo.hokkaido-c.ed.jp/,kitami-kogyo-z0@hokkaido-c.ed.jp,,
北海道,道立,北海道北見緑陵高等学校,北見市,オホーツク,https://www.kitami-ryokuryo.hokkaido-c.ed.jp/,kitami-ryokuryo-z0@hokkaido-c.ed.jp,,
北海道,道立,北海道遠軽高等学校,紋別郡遠軽町,オホーツク,https://www.engaru.hokkaido-c.ed.jp/,engaru-z0@hokkaido-c.ed.jp,,
北海道,道立,北海道遠軽緑陽高等学校,紋別郡遠軽町,オホーツク,https://www.engaru-ryokuyo.hokkaido-c.ed.jp/,engaru-ryokuyo-z0@hokkaido-c.ed.jp,,
北海道,道立,北海道湧別高等学校,紋別郡湧別町,オホーツク,https://www.yubetsu.hokkaido-c.ed.jp/,yubetsu-z0@hokkaido-c.ed.jp,,
北海道,道立,北海道佐呂間高等学校,常呂郡佐呂間町,オホーツク,https://www.saroma.hokkaido-c.ed.jp/,saroma-z0@hokkaido-c.ed.jp,,
北海道,道立,北海道斜里高等学校,斜里郡斜里町,オホーツク,https://www.shari.hokkaido-c.ed.jp/,shari-z0@hokkaido-c.ed.jp,,
北海道,道立,北海道清里高等学校,斜里郡清里町,オホーツク,https://www.kiyosato.hokkaido-c.ed.jp/,kiyosato-z0@hokkaido-c.ed.jp,,
北海道,道立,北海道小清水高等学校,斜里郡小清水町,オホーツク,https://www.koshimizu.hokkaido-c.ed.jp/,koshimizu-z0@hokkaido-c.ed.jp,,
北海道,道立,北海道津別高等学校,網走郡津別町,オホーツク,https://www.tsubetsu.hokkaido-c.ed.jp/,tsubetsu-z0@hokkaido-c.ed.jp,,
北海道,道立,北海道美幌高等学校,網走郡美幌町,オホーツク,https://www.bihoro.hokkaido-c.ed.jp/,bihoro-z0@hokkaido-c.ed.jp,,
北海道,道立,北海道訓子府高等学校,常呂郡訓子府町,オホーツク,https://www.kunneppu.hokkaido-c.ed.jp/,kunneppu-z0@hokkaido-c.ed.jp,,
北海道,道立,北海道置戸高等学校,常呂郡置戸町,オホーツク,https://www.oketo.hokkaido-c.ed.jp/,oketo-z0@hokkaido-c.ed.jp,,
北海道,道立,北海道生田原高等学校,紋別郡遠軽町,オホーツク,https://www.ikutahara.hokkaido-c.ed.jp/,ikutahara-z0@hokkaido-c.ed.jp,,
北海道,道立,北海道興部高等学校,紋別郡興部町,オホーツク,https://www.okoppe.hokkaido-c.ed.jp/,okoppe-z0@hokkaido-c.ed.jp,,
北海道,道立,北海道雄武高等学校,紋別郡雄武町,オホーツク,https://www.oumu.hokkaido-c.ed.jp/,oumu-z0@hokkaido-c.ed.jp,,
北海道,道立,北海道帯広柏葉高等学校,帯広市,十勝,https://www.obihiro-hakuyo.hokkaido-c.ed.jp/,obihiro-hakuyo-z0@hokkaido-c.ed.jp,,
北海道,道立,北海道帯広三条高等学校,帯広市,十勝,https://www.obihirosaijo.hokkaido-c.ed.jp/,obihirosaijo-z0@hokkaido-c.ed.jp,,
北海道,道立,北海道帯広緑陽高等学校,帯広市,十勝,https://www.obihiro-ryokuyo.hokkaido-c.ed.jp/,obihiro-ryokuyo-z0@hokkaido-c.ed.jp,,
北海道,道立,北海道帯広工業高等学校,帯広市,十勝,https://www.obi-kogyo.hokkaido-c.ed.jp/,obi-kogyo-z0@hokkaido-c.ed.jp,,
北海道,道立,北海道帯広農業高等学校,帯広市,十勝,https://www.obi-nogyo.hokkaido-c.ed.jp/,obi-nogyo-z0@hokkaido-c.ed.jp,,
北海道,道立,北海道芽室高等学校,河西郡芽室町,十勝,https://www.memuro.hokkaido-c.ed.jp/,memuro-z0@hokkaido-c.ed.jp,,
北海道,道立,北海道音更高等学校,河東郡音更町,十勝,https://www.otofuke.hokkaido-c.ed.jp/,otofuke-z0@hokkaido-c.ed.jp,,
北海道,道立,北海道幕別清陵高等学校,中川郡幕別町,十勝,https://www.makubetsu-seiry.hokkaido-c.ed.jp/,makubetsu-seiry-z0@hokkaido-c.ed.jp,,
北海道,道立,北海道池田高等学校,中川郡池田町,十勝,https://www.ikeda.hokkaido-c.ed.jp/,ikeda-z0@hokkaido-c.ed.jp,,
北海道,道立,北海道本別高等学校,中川郡本別町,十勝,https://www.honbetsu.hokkaido-c.ed.jp/,honbetsu-z0@hokkaido-c.ed.jp,,
北海道,道立,北海道足寄高等学校,足寄郡足寄町,十勝,https://www.ashoro.hokkaido-c.ed.jp/,ashoro-z0@hokkaido-c.ed.jp,,
北海道,道立,北海道清水高等学校,上川郡清水町,十勝,https://www.shimizu-tokachi.hokkaido-c.ed.jp/,shimizu-tokachi-z0@hokkaido-c.ed.jp,,
北海道,道立,北海道鹿追高等学校,河東郡鹿追町,十勝,https://www.shikao.hokkaido-c.ed.jp/,shikao-z0@hokkaido-c.ed.jp,,
北海道,道立,北海道新得高等学校,上川郡新得町,十勝,https://www.shintoku.hokkaido-c.ed.jp/,shintoku-z0@hokkaido-c.ed.jp,,
北海道,道立,北海道更別農業高等学校,河西郡更別村,十勝,https://www.sarabetsunog.hokkaido-c.ed.jp/,sarabetsunog-z0@hokkaido-c.ed.jp,,
北海道,道立,北海道広尾高等学校,広尾郡広尾町,十勝,https://www.hiroo.hokkaido-c.ed.jp/,hiroo-z0@hokkaido-c.ed.jp,,
北海道,道立,北海道大樹高等学校,広尾郡大樹町,十勝,https://www.taiki.hokkaido-c.ed.jp/,taiki-z0@hokkaido-c.ed.jp,,
北海道,道立,北海道浦幌高等学校,十勝郡浦幌町,十勝,https://www.urahoro.hokkaido-c.ed.jp/,urahoro-z0@hokkaido-c.ed.jp,,
北海道,道立,北海道釧路湖陵高等学校,釧路市,釧路,https://www.kushiro-koryo.hokkaido-c.ed.jp/,kushiro-koryo-z0@hokkaido-c.ed.jp,,
北海道,道立,北海道釧路江南高等学校,釧路市,釧路,https://www.kushiro-konan.hokkaido-c.ed.jp/,kushiro-konan-z0@hokkaido-c.ed.jp,,
北海道,道立,北海道釧路明輝高等学校,釧路市,釧路,https://www.kushiro-meiki.hokkaido-c.ed.jp/,kushiro-meiki-z0@hokkaido-c.ed.jp,,
北海道,道立,北海道釧路商業高等学校,釧路市,釧路,https://www.kushiro-shogyo.hokkaido-c.ed.jp/,kushiro-shogyo-z0@hokkaido-c.ed.jp,,
北海道,道立,北海道釧路工業高等学校,釧路市,釧路,https://www.kushiro-kogyo.hokkaido-c.ed.jp/,kushiro-kogyo-z0@hokkaido-c.ed.jp,,
北海道,道立,北海道釧路東高等学校,釧路郡釧路町,釧路,https://www.kushirohigashi.hokkaido-c.ed.jp/,kushirohigashi-z0@hokkaido-c.ed.jp,,
北海道,道立,北海道白糠高等学校,白糠郡白糠町,釧路,https://www.shirauka.hokkaido-c.ed.jp/,shirauka-z0@hokkaido-c.ed.jp,,
北海道,道立,北海道標茶高等学校,川上郡標茶町,釧路,https://www.shibecha.hokkaido-c.ed.jp/,shibecha-z0@hokkaido-c.ed.jp,,
北海道,道立,北海道弟子屈高等学校,川上郡弟子屈町,釧路,https://www.teshikaga.hokkaido-c.ed.jp/,teshikaga-z0@hokkaido-c.ed.jp,,
北海道,道立,北海道厚岸翔洋高等学校,厚岸郡厚岸町,釧路,https://www.akkeshi.hokkaido-c.ed.jp/,akkeshi-z0@hokkaido-c.ed.jp,,
北海道,道立,北海道阿寒高等学校,釧路市,釧路,https://www.akan.hokkaido-c.ed.jp/,akan-z0@hokkaido-c.ed.jp,,
北海道,道立,北海道根室高等学校,根室市,根室,https://www.nemuro.hokkaido-c.ed.jp/,nemuro-z0@hokkaido-c.ed.jp,,
北海道,道立,北海道根室西高等学校,根室市,根室,https://www.nemuro-nishi.hokkaido-c.ed.jp/,nemuro-nishi-z0@hokkaido-c.ed.jp,,
北海道,道立,北海道中標津高等学校,標津郡中標津町,根室,https://www.nakashibetsu.hokkaido-c.ed.jp/,nakashibetsu-z0@hokkaido-c.ed.jp,,
北海道,道立,北海道別海高等学校,野付郡別海町,根室,https://www.bekkai.hokkaido-c.ed.jp/,bekkai-z0@hokkaido-c.ed.jp,,
北海道,道立,北海道標津高等学校,標津郡標津町,根室,https://www.shibetsu.hokkaido-c.ed.jp/,shibetsu-z0@hokkaido-c.ed.jp,,
北海道,道立,北海道羅臼高等学校,目梨郡羅臼町,根室,https://www.rausu.hokkaido-c.ed.jp/,rausu-z0@hokkaido-c.ed.jp,,
北海道,道立,北海道浜中高等学校,厚岸郡浜中町,根室,https://www.hamanaka.hokkaido-c.ed.jp/,hamanaka-z0@hokkaido-c.ed.jp,,
北海道,道立,北海道厚床高等学校,根室市,根室,https://www.atsukoshi.hokkaido-c.ed.jp/,atsukoshi-z0@hokkaido-c.ed.jp,,
北海道,私立,北海高等学校,札幌市豊平区,,https://www.hokkai.ed.jp/,,,メール・フォームURL未確認。電話011-841-1161。お問い合わせページをサイト内で要確認
北海道,私立,北海学園札幌高等学校,札幌市豊平区,,https://www.hgs.ed.jp/,,,nyushi@hgs.ed.jp は入試係宛の可能性。学校代表窓口は要確認。フォームURL未確認
北海道,私立,北海道科学大学高等学校,札幌市手稲区,,https://hs.hus.ac.jp/,,https://hs.hus.ac.jp/form/toiawase/,お問い合わせフォーム経由
北海道,私立,北星学園女子中学高等学校,札幌市中央区,,https://www.hokusei-ghs-jh.ed.jp/,,https://www.hokusei-ghs-jh.ed.jp/contact/,お問い合わせフォーム経由
北海道,私立,札幌大谷中学校・高等学校,札幌市東区,,https://www.s-ohtani.ed.jp/,,https://www.s-ohtani.ed.jp/contact,お問い合わせフォーム経由。tetsuzuki@s-ohtani.ed.jp は手続き関連窓口の可能性
北海道,私立,札幌第一高等学校,札幌市豊平区,,http://www.kibou.ac.jp/daiichi/,,,メール・フォームURL未確認。電話011-851-9361
北海道,私立,札幌静修高等学校,札幌市中央区,,https://www.sapporoseishu.ed.jp/,,https://www.sapporoseishu.ed.jp/contact,お問い合わせフォーム経由
北海道,私立,札幌龍谷学園高等学校,札幌市中央区,,https://sapporo-ryukoku.ac.jp/,,https://sapporo-ryukoku.ac.jp/contact/,お問い合わせフォーム経由。電話011-631-4386
北海道,私立,札幌日本大学高等学校,札幌市清田区,,https://www.sapporonichidai.ed.jp/,,https://www.sapporonichidai.ed.jp/contact/,お問い合わせフォーム経由。nyushi_snuh@sapporonichidai.ed.jp は入試事務局窓口の可能性
北海道,私立,北海道文教大学附属高等学校,恵庭市,,https://www.bunkyo.ed.jp/,f2021@bunkyo.ed.jp,,検索結果で確認できた代表メールアドレス。電話0123-25-5570
北海道,私立,札幌山の手高等学校,札幌市西区,,https://www.yamanote.ed.jp/,jimu@yamanote.ed.jp,https://www.yamanote.ed.jp/contact,事務室(個人情報保護担当)宛メール確認。電話011-611-7301
北海道,私立,札幌創成高等学校,札幌市豊平区,,https://www.sosei.jp/,,https://www.sosei.jp/contact.html,お問い合わせフォーム経由(入試用は別フォームあり)
北海道,私立,立命館慶祥中学校・高等学校,江別市,,https://www2.spc.ritsumei.ac.jp/,,http://www.spc.ritsumei.ac.jp/inquiry/,お問い合わせフォーム経由
北海道,私立,札幌光星中学高等学校,札幌市東区,,https://www.sapporokosei.ac.jp/,,https://www.sapporokosei.ac.jp/contact/,お問い合わせフォーム経由。電話011-711-7161
北海道,私立,札幌新陽高等学校,札幌市南区,,https://sapporoshinyo-h.ed.jp/,,https://sapporoshinyo-h.ed.jp/contact,お問い合わせフォーム経由
北海道,私立,北星学園大学附属高等学校,札幌市厚別区,,https://www.hokusei-s-h.ed.jp/,,https://www.hokusei-s-h.ed.jp/contact/,お問い合わせフォーム経由。電話011-897-2881
北海道,私立,北海道栄高等学校,白老郡白老町,,https://www.hokkaidosakae.ed.jp/,,,所在地は白老町(学校法人京都育英館運営)。フォームURL未確認
北海道,私立,札幌北斗高等学校,札幌市東区,,https://www.sapporohokuto-h.ed.jp/,,https://www.sapporohokuto-h.ed.jp/about/access/,アクセスページにお問い合わせ情報あり。電話011-711-6121
北海道,私立,函館大谷高等学校,函館市,,https://www.hakodate-otani-h.ed.jp/,,https://www.hakodate-otani-h.ed.jp/contact/,お問い合わせフォーム経由。電話0138-51-5614
北海道,私立,函館大妻高等学校,函館市,,https://www.hakodate-otsuma.ed.jp/,,https://www.hakodate-otsuma.ed.jp/contact/,お問い合わせフォーム経由。電話0138-52-1890
北海道,私立,遺愛女子高等学校,函館市,,https://www.iaijoshi-h.ed.jp/,iaigirls@iaijoshi-h.ed.jp,https://www.iaijoshi-h.ed.jp/main/inquiry/index.html,検索結果でメールアドレス確認(直接確認は未完了)
北海道,私立,函館ラ・サール高等学校,函館市,,https://www.h-lasalle.ed.jp/,,http://jupiter.xsrv.jp/h-lasalle/contact.php,お問い合わせフォーム経由。電話0138-52-0365
北海道,私立,小樽双葉高等学校,小樽市,,https://www.r-futaba.ed.jp/,,https://www.r-futaba.ed.jp/inquiry/,お問い合わせフォーム経由。電話0134-32-1828
北海道,私立,北照高等学校,小樽市,,https://www.hokusho.ed.jp/,,https://www.hokusho.ed.jp/contact/,お問い合わせフォーム経由。電話0134-32-0331
北海道,私立,駒澤大学附属苫小牧高等学校,苫小牧市,,https://www.komazawa-uth.ed.jp/,,https://www.komazawa-uth.ed.jp/inquiry/,お問い合わせフォーム経由。電話0144-32-6291
北海道,私立,苫小牧中央高等学校,苫小牧市,,https://haragakuen.ac.jp/,,https://haragakuen.ac.jp/contact/,お問い合わせフォーム経由。電話0144-74-4300
北海道,私立,クラーク記念国際高等学校(北海道深川キャンパス・本校),深川市,,https://www.clark.ed.jp/campus/hokkaido-fukagawa/,,https://www.clark.ed.jp/contact/,本校は深川市納内町(旧拓殖大学北海道短期大学跡地)。フリーダイヤル0120-833-350
北海道,私立,函館白百合学園中学高等学校,函館市,,https://www.hakodate-shirayuri.ed.jp/shirayuri/,,https://www.hakodate-shirayuri.ed.jp/shirayuri/contact,お問い合わせフォーム経由。電話0138-55-6682
北海道,私立,函館大学付属有斗高等学校,函館市,,https://www.yuto.ed.jp/,,,メール・フォームURL未確認。電話0138-57-1381(男子校)
北海道,私立,稚内大谷高等学校,稚内市,,https://wakkanaiotani-h.jp/,waohtani@plum.ocn.ne.jp,https://wakkanaiotani-h.jp/pages/3/,お問い合わせページにメールアドレス記載確認。電話0162-32-2660
北海道,私立,武修館高等学校,釧路市,,https://bushukan.jp/,,https://bushukan.jp/contact/,お問い合わせフォーム経由。電話0154-47-3211
北海道,私立,旭川藤星高等学校,旭川市,,https://asahikawa-tosei.jp/,,https://asahikawa-tosei.jp/contact,お問い合わせフォーム経由。電話0166-51-8125
北海道,私立,旭川実業高等学校,旭川市,,https://www.asahikawa-jitsugyo.ed.jp/,,https://www.asahikawa-jitsugyo.ed.jp/jimu/contact,お問い合わせフォーム経由。電話0166-51-1246
北海道,私立,旭川大学高等学校,旭川市,,https://www.asahikawa-uhs.ed.jp/,,http://www.asahikawa-uhs.ed.jp/contact/,お問い合わせフォーム経由
北海道,私立,旭川龍谷高等学校,旭川市,,https://ryukoku.info/ja/,post@ryukoku.info,https://ryukoku.info/ja/etc/inquiry,検索結果でメールアドレス確認(直接確認は未完了)。電話0166-39-2700
北海道,私立,旭川明成高等学校,旭川市,,http://www.takarada.ed.jp/meisei/,,http://www.takarada.ed.jp/meisei/form/,お問い合わせフォーム経由。電話0166-51-3220
北海道,私立,とわの森三愛高等学校(酪農学園大学附属),江別市,,https://www.san-ai.ed.jp/,,https://www.san-ai.ed.jp/contact.html,お問い合わせフォーム経由
北海道,私立,帯広大谷高等学校,帯広市,,https://www.obihiro-ohtani.ed.jp/,office@obihiro-ohtani.ed.jp,https://www.obihiro-ohtani.ed.jp/contact.html,検索結果でメールアドレス確認(直接確認は未完了)。電話0155-33-5811
北海道,私立,東海大学付属札幌高等学校,札幌市南区,,https://www.sapporo.tokai.ed.jp/,tokaidaisapporo.jimu@tokai.ac.jp,https://www.sapporo.tokai.ed.jp/contact/,事務室メールアドレスを確認
北海道,私立,札幌聖心女子学院中学高等学校,札幌市南区,,https://spr-sacred-heart.ed.jp/,,,2025年3月末閉校。校地・校舎は学校法人北星学園へ譲渡。新規募集なし
北海道,市立,市立札幌旭丘高等学校,札幌市中央区,,https://www23.sapporo-c.ed.jp/asahigaoka/,,https://www23.sapporo-c.ed.jp/asahigaoka/,メール公開なし。電話011-561-1221
北海道,市立,市立札幌大通高等学校,札幌市中央区,,https://www23.sapporo-c.ed.jp/odori/,,https://www23.sapporo-c.ed.jp/odori/,単位制。メール公開なし。電話011-280-0017
北海道,市立,市立札幌新川高等学校,札幌市北区,,https://www23.sapporo-c.ed.jp/shinkawa/,,https://www23.sapporo-c.ed.jp/shinkawa/,メール公開なし。電話011-761-8022
北海道,市立,市立札幌平岸高等学校,札幌市豊平区,,https://www23.sapporo-c.ed.jp/hiragishi/,,https://www23.sapporo-c.ed.jp/hiragishi/,メール公開なし。電話011-811-6831
北海道,市立,市立札幌清田高等学校,札幌市清田区,,https://www23.sapporo-c.ed.jp/kiyota/,,https://www23.sapporo-c.ed.jp/kiyota/,メール公開なし。電話011-882-0100
北海道,市立,市立札幌啓北商業高等学校,札幌市北区,,https://www23.sapporo-c.ed.jp/keihoku/,,https://www23.sapporo-c.ed.jp/keihoku/,メール公開なし。電話011-771-5101。2026年度末に藻岩との再編統合により閉校予定
北海道,市立,市立札幌藻岩高等学校,札幌市南区,,https://www23.sapporo-c.ed.jp/moiwa/,,https://www23.sapporo-c.ed.jp/moiwa/,メール公開なし。電話011-591-3611。啓北商業と再編統合予定
北海道,市立,市立札幌開成中等教育学校,札幌市東区,,https://www23.sapporo-c.ed.jp/sapporo-kaisei/,,https://www23.sapporo-c.ed.jp/sapporo-kaisei/,中高一貫(中等教育学校)。高等部相当あり。メール公開なし。電話011-721-0418
北海道,町立,ニセコ国際高等学校,虻田郡ニセコ町,,https://niseko.ed.jp/,,,2026年4月開校のニセコ町立全日制高校。旧:北海道ニセコ高等学校(道立定時制)の後継として新設。電話0136-44-2224。メール・フォーム未確認
北海道,町立,羽幌町立北海道天売高等学校,苫前郡羽幌町,,http://www.teuri.ed.jp/,teuri-hs@hokkaido-c.ed.jp,,天売島唯一の高校。定時制課程。電話01648-3-5144
青森県,県立,青森県立青森高等学校,青森市,青森,https://www.aomori-h.asn.ed.jp/,,,
青森県,県立,青森県立青森西高等学校,青森市,青森,https://www.aomorinishi-h.asn.ed.jp/,,,
青森県,県立,青森県立青森東高等学校,青森市,青森,https://www.aomorihigashi-h.asn.ed.jp/,,,
青森県,県立,青森県立青森南高等学校,青森市,青森,https://www.aomoriminami-h.asn.ed.jp/,,,
青森県,県立,青森県立青森北高等学校,青森市,青森,https://www.aomorikita-h.asn.ed.jp/,,,
青森県,県立,青森県立青森中央高等学校,青森市,青森,https://www.aomorichuo-h.asn.ed.jp/,,,
青森県,県立,青森県立青森商業高等学校,青森市,青森,https://www.aomori-ch.asn.ed.jp/,,,
青森県,県立,青森県立青森工業高等学校,青森市,青森,https://www.aomori-th.asn.ed.jp/,,,
青森県,県立,青森県立浪岡高等学校,青森市,青森,https://www.namioka-h.asn.ed.jp/,,,
青森県,県立,青森県立北斗高等学校,青森市,青森,https://www.hokuto-h.asn.ed.jp/,,,定時制・通信制
青森県,県立,青森県立弘前高等学校,弘前市,津軽,https://www.hirosaki-h.asn.ed.jp/,,,
青森県,県立,青森県立弘前中央高等学校,弘前市,津軽,https://www.hirosakichuo-h.asn.ed.jp/,,,
青森県,県立,青森県立弘前南高等学校,弘前市,津軽,https://www.hirosakiminami-h.asn.ed.jp/,,,
青森県,県立,青森県立弘前工業高等学校,弘前市,津軽,https://www.hirosaki-th.asn.ed.jp/,hirosaki-th@asn.ed.jp,,
青森県,県立,青森県立弘前実業高等学校,弘前市,津軽,https://www.hirosaki-bh.asn.ed.jp/,,,
青森県,県立,青森県立黒石高等学校,黒石市,津軽,https://www.kuroishi-h.asn.ed.jp/,,,
青森県,県立,青森県立五所川原高等学校,五所川原市,津軽,https://www.goshogawara-h.asn.ed.jp/,,,
青森県,県立,青森県立五所川原農林高等学校,五所川原市,津軽,https://www.goshogawara-ah.asn.ed.jp/,,,
青森県,県立,青森県立五所川原工科高等学校,五所川原市,津軽,https://www.goshogawara-it.asn.ed.jp/,,,
青森県,県立,青森県立尾上総合高等学校,平川市,津軽,https://www.onoe-ih.asn.ed.jp/,,,全日制・通信制
青森県,県立,青森県立八戸高等学校,八戸市,三八,https://www.hachinohe-h.asn.ed.jp/,,,
青森県,県立,青森県立八戸東高等学校,八戸市,三八,https://www.hachinohehigashi-h.asn.ed.jp/,,,
青森県,県立,青森県立八戸西高等学校,八戸市,三八,https://www.hachinohenishi-h.asn.ed.jp/,,,
青森県,県立,青森県立八戸北高等学校,八戸市,三八,https://www.hachinohekita-h.asn.ed.jp/,,,
青森県,県立,青森県立八戸工業高等学校,八戸市,三八,https://www.hachinohe-th.asn.ed.jp/,,,
青森県,県立,青森県立八戸商業高等学校,八戸市,三八,https://www.hachinohe-ch.asn.ed.jp/,,,
青森県,県立,青森県立八戸水産高等学校,八戸市,三八,https://www.hachinohe-fh.asn.ed.jp/,,,
青森県,県立,青森県立八戸中央高等学校,八戸市,三八,https://www.hachinohechuo-h.asn.ed.jp/,,,定時制・通信制
青森県,県立,青森県立三沢高等学校,三沢市,三八,https://www.misawa-h.asn.ed.jp/,,,
青森県,県立,青森県立三沢商業高等学校,三沢市,三八,https://www.misawa-ch.asn.ed.jp/,,,
青森県,県立,青森県立三本木高等学校,十和田市,上北,https://www.sanbongi-h.asn.ed.jp/,,,附属中学校併設
青森県,県立,青森県立三本木農業恵拓高等学校,十和田市,上北,https://www.sanbongi-ah.asn.ed.jp/,,,
青森県,県立,青森県立十和田工業高等学校,十和田市,上北,https://www.towada-th.asn.ed.jp/,,,
青森県,県立,青森県立野辺地高等学校,野辺地町,上北,https://www.noheji-h.asn.ed.jp/,,,
青森県,県立,青森県立百石高等学校,おいらせ町,上北,https://www.momoishi-h.asn.ed.jp/,,,
青森県,県立,青森県立六ヶ所高等学校,六ヶ所村,上北,https://www.rokkasho-h.asn.ed.jp/,,,
青森県,県立,青森県立田名部高等学校,むつ市,下北,https://www.tanabu-h.asn.ed.jp/,,,
青森県,県立,青森県立大湊高等学校,むつ市,下北,https://www.ohminato-h.asn.ed.jp/,,,
青森県,県立,青森県立むつ工業高等学校,むつ市,下北,https://www.mutsu-th.asn.ed.jp/,,,
青森県,私立,青森明の星高等学校,青森市,青森,https://www.aomoriakenohoshi.ed.jp/,aoakekou@aomoriakenohoshi.ed.jp,,
青森県,私立,青森山田高等学校,青森市,青森,https://www.aomoriyamada-hs.jp/,,https://www.aomoriyamada-hs.jp/%E8%B3%87%E6%96%99%E8%AB%8B%E6%B1%82%E3%83%BB%E3%81%8A%E5%95%8F%E5%90%88%E3%81%9B/,
青森県,私立,東奥学園高等学校,青森市,青森,https://www.toogakuen.ac.jp/,,https://www.toogakuen.ac.jp/contact/,通信制課程あり
青森県,私立,東奥義塾高等学校,弘前市,津軽,https://www.gijuku.ac.jp/,gijuku@gijuku.ac.jp,https://www.gijuku.ac.jp/hs/etc/02.php,
青森県,私立,弘前学院聖愛高等学校,弘前市,津軽,https://seiai.hirogaku.ac.jp/,jimu@seiai.ed.jp,https://seiai.hirogaku.ac.jp/contact/,
青森県,私立,柴田学園大学附属柴田学園高等学校,弘前市,津軽,https://hs.shibata.ac.jp/,kyo_mu@shibagaku.ed.jp,,
青森県,私立,弘前東高等学校,弘前市,津軽,https://www.hirosakihigashi-th.ed.jp/,info@hirosakihigashi-th.ed.jp,,
青森県,私立,五所川原第一高等学校,五所川原市,津軽,https://goichiko.jp/,,,通信制課程あり
青森県,私立,八戸学院光星高等学校,八戸市,三八,https://kh.hachinohe-u.ac.jp/,ko-nyushi@kh.hachinohe-u.ac.jp,,入試窓口メール
青森県,私立,八戸聖ウルスラ学院高等学校,八戸市,三八,https://hs.ursula.ac.jp/,mail@ursula.ac.jp,,
青森県,私立,千葉学園高等学校,八戸市,三八,https://chibagakuen.ac.jp/,,,女子高校
青森県,私立,松風塾高等学校,平内町,青森,https://www.shofujuku-hs.ed.jp/,contact@shofujuku-hs.ed.jp,,全寮制
岩手県,県立,岩手県立盛岡第一高等学校,盛岡市,盛岡,https://www2.iwate-ed.jp/mo1-h/,mo1-h@iwate-ed.jp,,
岩手県,県立,岩手県立盛岡第二高等学校,盛岡市,盛岡,https://www2.iwate-ed.jp/mo2-h/,mo2-h@iwate-ed.jp,,
岩手県,県立,岩手県立盛岡第三高等学校,盛岡市,盛岡,https://www2.iwate-ed.jp/mo3-h/,mo3-h@iwate-ed.jp,,
岩手県,県立,岩手県立盛岡第四高等学校,盛岡市,盛岡,https://www2.iwate-ed.jp/mo4-h/,mo4-h@iwate-ed.jp,,
岩手県,県立,岩手県立盛岡北高等学校,盛岡市,盛岡,https://www2.iwate-ed.jp/mon-h/,mon-h@iwate-ed.jp,,
岩手県,県立,岩手県立南昌みらい高等学校,矢巾町,盛岡,https://www2.iwate-ed.jp/mos-h/,mos-h@iwate-ed.jp,,2025年4月盛岡南・不来方が統合
岩手県,県立,岩手県立杜陵高等学校,盛岡市,盛岡,https://www2.iwate-ed.jp/tor-h/,tor-h@iwate-ed.jp,,定時制・通信制
岩手県,県立,岩手県立盛岡農業高等学校,滝沢市,盛岡,https://www2.iwate-ed.jp/moa-h/,moa-h@iwate-ed.jp,,
岩手県,県立,岩手県立盛岡工業高等学校,盛岡市,盛岡,https://www2.iwate-ed.jp/mot-h/,mot-h@iwate-ed.jp,,
岩手県,県立,岩手県立盛岡商業高等学校,盛岡市,盛岡,https://www2.iwate-ed.jp/moc-h/,moc-h@iwate-ed.jp,,
岩手県,県立,岩手県立沼宮内高等学校,岩手町,盛岡,https://www2.iwate-ed.jp/nkn-h/,nkn-h@iwate-ed.jp,,
岩手県,県立,岩手県立葛巻高等学校,葛巻町,盛岡,https://www2.iwate-ed.jp/kuz-h/,kuz-h@iwate-ed.jp,,
岩手県,県立,岩手県立平舘高等学校,八幡平市,盛岡,https://www2.iwate-ed.jp/tar-h/,tar-h@iwate-ed.jp,,
岩手県,県立,岩手県立雫石高等学校,雫石町,盛岡,https://www2.iwate-ed.jp/shz-h/,shz-h@iwate-ed.jp,,
岩手県,県立,岩手県立紫波総合高等学校,紫波町,盛岡,https://www2.iwate-ed.jp/shw-h/,shw-h@iwate-ed.jp,,
岩手県,県立,岩手県立花巻北高等学校,花巻市,岩手中部,https://www2.iwate-ed.jp/hkn-h/,hkn-h@iwate-ed.jp,,
岩手県,県立,岩手県立花巻南高等学校,花巻市,岩手中部,https://www2.iwate-ed.jp/hks-h/,hks-h@iwate-ed.jp,,
岩手県,県立,岩手県立花巻農業高等学校,花巻市,岩手中部,https://www2.iwate-ed.jp/hka-h/,hka-h@iwate-ed.jp,,
岩手県,県立,岩手県立花北青雲高等学校,花巻市,岩手中部,https://www2.iwate-ed.jp/hkb-h/,hkb-h@iwate-ed.jp,,
岩手県,県立,岩手県立大迫高等学校,花巻市,岩手中部,https://www2.iwate-ed.jp/ooh-h/,ooh-h@iwate-ed.jp,,
岩手県,県立,岩手県立遠野高等学校,遠野市,岩手中部,https://www2.iwate-ed.jp/ton-h/,ton-h@iwate-ed.jp,,
岩手県,県立,岩手県立遠野緑峰高等学校,遠野市,岩手中部,https://www2.iwate-ed.jp/ryo-h/,ryo-h@iwate-ed.jp,,2029年廃止予定
岩手県,県立,岩手県立黒沢尻北高等学校,北上市,岩手中部,https://www2.iwate-ed.jp/ksn-h/,ksn-h@iwate-ed.jp,,
岩手県,県立,岩手県立黒沢尻工業高等学校,北上市,岩手中部,https://www2.iwate-ed.jp/kst-h/,kst-h@iwate-ed.jp,,
岩手県,県立,岩手県立北上翔南高等学校,北上市,岩手中部,https://www2.iwate-ed.jp/kss-h/,kss-h@iwate-ed.jp,,
岩手県,県立,岩手県立西和賀高等学校,西和賀町,岩手中部,https://www2.iwate-ed.jp/nwg-h/,nwg-h@iwate-ed.jp,,
岩手県,県立,岩手県立水沢高等学校,奥州市,胆江,https://www2.iwate-ed.jp/msw-h/,msw-h@iwate-ed.jp,,
岩手県,県立,岩手県立水沢工業高等学校,奥州市,胆江,https://www2.iwate-ed.jp/mst-h/,mst-h@iwate-ed.jp,,
岩手県,県立,岩手県立水沢農業高等学校,奥州市,胆江,https://www2.iwate-ed.jp/msa-h/,msa-h@iwate-ed.jp,,
岩手県,県立,岩手県立岩谷堂高等学校,奥州市,胆江,https://www2.iwate-ed.jp/iyd-h/,iyd-h@iwate-ed.jp,,
岩手県,県立,岩手県立江刺産業高等学校,奥州市,胆江,https://www2.iwate-ed.jp/ejs-h/,ejs-h@iwate-ed.jp,,
岩手県,県立,岩手県立一関第一高等学校,一関市,両磐,https://www2.iwate-ed.jp/ic1-h/,ic1-h@iwate-ed.jp,,
岩手県,県立,岩手県立一関第二高等学校,一関市,両磐,https://www2.iwate-ed.jp/ic2-h/,ic2-h@iwate-ed.jp,,
岩手県,県立,岩手県立一関工業高等学校,一関市,両磐,https://www2.iwate-ed.jp/ict-h/,ict-h@iwate-ed.jp,,
岩手県,県立,岩手県立千厩高等学校,一関市,両磐,https://www2.iwate-ed.jp/sen-h/,sen-h@iwate-ed.jp,,
岩手県,県立,岩手県立大東高等学校,一関市,両磐,https://www2.iwate-ed.jp/dai-h/,dai-h@iwate-ed.jp,,
岩手県,県立,岩手県立花泉高等学校,一関市,両磐,https://www2.iwate-ed.jp/han-h/,han-h@iwate-ed.jp,,
岩手県,県立,岩手県立大船渡高等学校,大船渡市,気仙・釜石,https://www2.iwate-ed.jp/ofu-h/,ofu-h@iwate-ed.jp,,
岩手県,県立,岩手県立大船渡東高等学校,大船渡市,気仙・釜石,https://www2.iwate-ed.jp/oft-h/,oft-h@iwate-ed.jp,,
岩手県,県立,岩手県立住田高等学校,住田町,気仙・釜石,https://www2.iwate-ed.jp/sum-h/,sum-h@iwate-ed.jp,,
岩手県,県立,岩手県立高田高等学校,陸前高田市,気仙・釜石,https://www2.iwate-ed.jp/tak-h/,tak-h@iwate-ed.jp,,
岩手県,県立,岩手県立釜石高等学校,釜石市,気仙・釜石,https://www2.iwate-ed.jp/kas-h/,kas-h@iwate-ed.jp,,
岩手県,県立,岩手県立釜石商工高等学校,釜石市,気仙・釜石,https://www2.iwate-ed.jp/kat-h/,kat-h@iwate-ed.jp,,
岩手県,県立,岩手県立大槌高等学校,大槌町,気仙・釜石,https://www2.iwate-ed.jp/oht-h/,oht-h@iwate-ed.jp,,
岩手県,県立,岩手県立宮古高等学校,宮古市,宮古,https://www2.iwate-ed.jp/myh-h/,myh-h@iwate-ed.jp,,全日制・定時制・通信制
岩手県,県立,岩手県立宮古北高等学校,宮古市,宮古,https://www2.iwate-ed.jp/myn-h/,myn-h@iwate-ed.jp,,
岩手県,県立,岩手県立宮古商工高等学校,宮古市,宮古,https://www2.iwate-ed.jp/myc-h/,myc-h@iwate-ed.jp,,
岩手県,県立,岩手県立宮古水産高等学校,宮古市,宮古,https://www2.iwate-ed.jp/myf-h/,myf-h@iwate-ed.jp,,
岩手県,県立,岩手県立山田高等学校,下閉伊郡山田町,宮古,https://www2.iwate-ed.jp/ymd-h/,ymd-h@iwate-ed.jp,,
岩手県,県立,岩手県立岩泉高等学校,岩泉町,宮古,https://www2.iwate-ed.jp/iwi-h/,iwi-h@iwate-ed.jp,,
岩手県,県立,岩手県立久慈翔北高等学校,久慈市,久慈,https://www2.iwate-ed.jp/kjs-h/,kjs-h@iwate-ed.jp,,2025年4月久慈東・久慈工業が統合
岩手県,県立,岩手県立大野高等学校,九戸郡洋野町,久慈,https://www2.iwate-ed.jp/ohn-h/,ohn-h@iwate-ed.jp,,
岩手県,県立,岩手県立種市高等学校,九戸郡洋野町,久慈,https://www2.iwate-ed.jp/tan-h/,tan-h@iwate-ed.jp,,
岩手県,県立,岩手県立軽米高等学校,九戸郡軽米町,久慈,https://www2.iwate-ed.jp/kar-h/,kar-h@iwate-ed.jp,,
岩手県,県立,岩手県立福岡高等学校,二戸市,二戸,https://www2.iwate-ed.jp/fuk-h/,fuk-h@iwate-ed.jp,,
岩手県,県立,岩手県立北桜高等学校,二戸市・一戸町,二戸,https://www2.iwate-ed.jp/hok-h/,hok-h@iwate-ed.jp,,2024年4月福岡工業・一戸が統合
岩手県,県立,岩手県立伊保内高等学校,九戸郡九戸村,二戸,https://www2.iwate-ed.jp/ibn-h/,ibn-h@iwate-ed.jp,,
岩手県,県立,岩手県立杜陵高等学校（奥州校定時制）,奥州市,胆江,https://www2.iwate-ed.jp/osh-h/,osh-h@iwate-ed.jp,,杜陵高等学校奥州校定時制課程
市立,市立,盛岡市立高等学校,盛岡市,盛岡,https://www2.iwate-ed.jp/mor-c/,mor-c@iwate-ed.jp,,
岩手県,私立,岩手高等学校,盛岡市,盛岡,https://iwate-jh.ed.jp/,,https://iwate-jh.ed.jp/contact,岩手中学校と併設
岩手県,私立,岩手女子高等学校,盛岡市,盛岡,https://iwatejoshi-h.ed.jp/,,,
岩手県,私立,盛岡白百合学園高等学校,盛岡市,盛岡,https://msgsp.jp/,naktaniy@msgsp.jp,,
岩手県,私立,江南義塾盛岡高等学校,盛岡市,盛岡,http://kounan-h.jp/,,,
岩手県,私立,盛岡誠桜高等学校,盛岡市,盛岡,https://www.morioka-seio.ed.jp/,,,
岩手県,私立,盛岡大学附属高等学校,盛岡市,盛岡,https://www.morifu.jp/,,https://www.morifu.jp/contact/,
岩手県,私立,盛岡スコーレ高等学校,盛岡市,盛岡,https://www.schole.jp/highschool/,,https://www.schole.jp/contact/,
岩手県,私立,盛岡中央高等学校,盛岡市,盛岡,https://chuo-hs.ed.jp/hs/,,https://chuo-hs.ed.jp/hs/inquiry/,
岩手県,私立,花巻東高等学校,花巻市,岩手中部,https://www.hanamakihigashi-h.jp/,main@hanamakihigashi-h.ed.jp,https://www.hanamakihigashi-h.jp/contact/index.php,
岩手県,私立,専修大学北上高等学校,北上市,岩手中部,https://www.senshu-u-kitakami.ed.jp/,,,
岩手県,私立,協和学院水沢第一高等学校,奥州市,胆江,https://www.mizuichi.ed.jp/,,,
岩手県,私立,一関学院高等学校,一関市,両磐,https://ichinoseki-gakuin.jp/,info@ichinoseki-gakuin.jp,https://ichinoseki-gakuin.jp/contact/index.html,
岩手県,私立,一関修紅高等学校,一関市,両磐,https://ichinoseki.tawawa.online/,,https://ichinoseki.tawawa.online/contact/,
宮城県,県立,宮城県仙台第一高等学校,仙台市若林区,仙台,https://sendai1.myswan.ed.jp/,sendai1@od.myswan.ed.jp,,全日制普通科
宮城県,県立,宮城県仙台第二高等学校,仙台市青葉区,仙台,https://sen2-h.myswan.ed.jp/,sen2-h@od.myswan.ed.jp,,全日制普通科
宮城県,県立,宮城県仙台第三高等学校,仙台市宮城野区,仙台,https://sensan.myswan.ed.jp/,sensan@od.myswan.ed.jp,,全日制普通科・SSH
宮城県,県立,宮城県仙台二華中学校・高等学校,仙台市若林区,仙台,https://nika.myswan.ed.jp/,nika@od.myswan.ed.jp,,中高一貫
宮城県,県立,宮城県仙台三桜高等学校,仙台市太白区,仙台,https://sen3o-h.myswan.ed.jp/,sen3o-h@od.myswan.ed.jp,,全日制普通科
宮城県,県立,宮城県仙台向山高等学校,仙台市太白区,仙台,https://mukaiyama.myswan.ed.jp/,mukaiyama@od.myswan.ed.jp,,全日制普通科
宮城県,県立,宮城県仙台南高等学校,仙台市太白区,仙台,https://sminami-h.myswan.ed.jp/,sminami-h@od.myswan.ed.jp,,全日制普通科
宮城県,県立,宮城県仙台東高等学校,仙台市若林区,仙台,https://higasi-h.myswan.ed.jp/,higasi-h@od.myswan.ed.jp,,全日制普通科
宮城県,県立,宮城県仙台西高等学校,仙台市青葉区,仙台,https://snishi-h.myswan.ed.jp/,snishi-h@od.myswan.ed.jp,,全日制普通科
宮城県,県立,宮城県宮城第一高等学校,仙台市青葉区,仙台,https://miyaichi.myswan.ed.jp/,miyaichi@od.myswan.ed.jp,,全日制普通科・女子校
宮城県,県立,宮城県宮城野高等学校,仙台市宮城野区,仙台,https://miyagino.myswan.ed.jp/,miyagino@od.myswan.ed.jp,,全日制総合学科
宮城県,県立,宮城県宮城広瀬高等学校,仙台市青葉区,仙台,https://hirose-h.myswan.ed.jp/,hirose-h@od.myswan.ed.jp,,全日制普通科
宮城県,県立,宮城県泉高等学校,仙台市泉区,仙台,https://izumihigh.myswan.ed.jp/,izumihigh@od.myswan.ed.jp,,全日制普通科
宮城県,県立,宮城県泉松陵高等学校,仙台市泉区,仙台,https://shoryo.myswan.ed.jp/,shoryo@od.myswan.ed.jp,,全日制普通科
宮城県,県立,宮城県泉館山高等学校,仙台市泉区,仙台,https://izumit-h.myswan.ed.jp/,izumit-h@od.myswan.ed.jp,,全日制普通科
宮城県,県立,宮城県工業高等学校,仙台市青葉区,仙台,https://miyagi-th.myswan.ed.jp/,miyagi-th@od.myswan.ed.jp,,全日制工業科
宮城県,県立,宮城県第二工業高等学校,仙台市宮城野区,仙台,https://m2k.myswan.ed.jp/,m2k@od.myswan.ed.jp,,全日制工業科・定時制
宮城県,県立,宮城県農業高等学校,仙台市青葉区,仙台,https://miyanou.myswan.ed.jp/,miyanou@od.myswan.ed.jp,,全日制農業科
宮城県,県立,宮城県富谷高等学校,富谷市,仙台,https://tomiya-h.myswan.ed.jp/,tomiya-h@od.myswan.ed.jp,,全日制普通科
宮城県,県立,宮城県美田園高等学校,名取市,仙台,https://mitazono.myswan.ed.jp/,mitazono@od.myswan.ed.jp,,全日制総合学科
宮城県,県立,宮城県名取高等学校,名取市,仙台,https://natori-h.myswan.ed.jp/,natori-h@od.myswan.ed.jp,,全日制普通科
宮城県,県立,宮城県名取高等学校定時制課程,名取市,仙台,https://natori-2h.myswan.ed.jp/,natori-2h@od.myswan.ed.jp,,定時制
宮城県,県立,宮城県名取北高等学校,名取市,仙台,https://natorikita.myswan.ed.jp/,natorikita@od.myswan.ed.jp,,全日制普通科
宮城県,県立,宮城県水産高等学校,塩竈市,仙台,https://miyagisuisan.myswan.ed.jp/,miyagisuisan@od.myswan.ed.jp,,全日制水産科
宮城県,県立,宮城県塩釜高等学校,塩竈市,仙台,https://shioko.myswan.ed.jp/,shioko@od.myswan.ed.jp,,全日制普通科
宮城県,県立,宮城県多賀城高等学校,多賀城市,仙台,https://tagajo-hs.myswan.ed.jp/,tagajo-hs@od.myswan.ed.jp,,全日制普通科・総合学科
宮城県,県立,宮城県松島高等学校,宮城郡松島町,仙台,https://matsushima-h.myswan.ed.jp/,matsushima-h@od.myswan.ed.jp,,全日制総合学科
宮城県,県立,宮城県東松島高等学校,東松島市,石巻,https://higashi-matsushima.myswan.ed.jp/,higashi-matsushima@od.myswan.ed.jp,,全日制普通科
宮城県,県立,宮城県利府高等学校,宮城郡利府町,仙台,https://rifu-h.myswan.ed.jp/,rifu-h@od.myswan.ed.jp,,全日制普通科
宮城県,県立,宮城県黒川高等学校,黒川郡大和町,仙台,https://kurokawa.myswan.ed.jp/,kurokawa@od.myswan.ed.jp,,全日制普通科
宮城県,県立,宮城県角田高等学校,角田市,仙台南部,https://kakuko.myswan.ed.jp/,kakuko@od.myswan.ed.jp,,全日制普通科
宮城県,県立,宮城県亘理高等学校,亘理郡亘理町,仙台南部,https://watari-h.myswan.ed.jp/,watari-h@od.myswan.ed.jp,,全日制普通科・食物科
宮城県,県立,宮城県白石高等学校,白石市,仙台南部,https://hakko.myswan.ed.jp/,hakko@od.myswan.ed.jp,,全日制普通科
宮城県,県立,宮城県白石高等学校七ヶ宿校,刈田郡七ヶ宿町,仙台南部,https://sitika.myswan.ed.jp/,sitika@od.myswan.ed.jp,,白石高校分校
宮城県,県立,宮城県白石工業高等学校,白石市,仙台南部,https://shiroishi-kougyou.myswan.ed.jp/,shiroishi-kougyou@od.myswan.ed.jp,,全日制工業科
宮城県,県立,宮城県柴田高等学校,柴田郡柴田町,仙台南部,https://sibata.myswan.ed.jp/,sibata@od.myswan.ed.jp,,全日制普通科
宮城県,県立,宮城県柴田農林高等学校,柴田郡大河原町,仙台南部,https://sibano.myswan.ed.jp/,sibano@od.myswan.ed.jp,,全日制農林科
宮城県,県立,宮城県大河原商業高等学校,柴田郡大河原町,仙台南部,https://ogs.myswan.ed.jp/,ogs@od.myswan.ed.jp,,全日制商業科
宮城県,県立,宮城県大河原産業高等学校,柴田郡大河原町,仙台南部,https://daisan.myswan.ed.jp/,daisan@od.myswan.ed.jp,,全日制産業科（旧柴田農林と大河原商業統合）
宮城県,県立,宮城県大河原産業高等学校川崎校,柴田郡川崎町,仙台南部,https://kawasa-h.myswan.ed.jp/,kawasa-h@od.myswan.ed.jp,,分校（旧柴田農林川崎校）
宮城県,県立,宮城県石巻高等学校,石巻市,石巻,https://sekikou.myswan.ed.jp/,sekikou@od.myswan.ed.jp,,全日制普通科
宮城県,県立,宮城県石巻好文館高等学校,石巻市,石巻,https://koubunkan.myswan.ed.jp/,koubunkan@od.myswan.ed.jp,,全日制普通科
宮城県,県立,宮城県石巻北高等学校,石巻市,石巻,https://ishikita.myswan.ed.jp/,ishikita@od.myswan.ed.jp,,全日制普通科
宮城県,県立,宮城県石巻西高等学校,東松島市,石巻,https://inisi.myswan.ed.jp/,inisi@od.myswan.ed.jp,,全日制普通科
宮城県,県立,宮城県石巻商業高等学校,石巻市,石巻,https://sekisyo.myswan.ed.jp/,sekisyo@od.myswan.ed.jp,,全日制商業科
宮城県,県立,宮城県石巻工業高等学校,石巻市,石巻,https://ishiko.myswan.ed.jp/,ishiko@od.myswan.ed.jp,,全日制工業科
宮城県,県立,宮城県気仙沼高等学校,気仙沼市,気仙沼,https://kesennuma-h.myswan.ed.jp/,kesennuma-h@od.myswan.ed.jp,,全日制普通科
宮城県,県立,宮城県気仙沼高等学校定時制課程,気仙沼市,気仙沼,https://kesennuma-teiji.myswan.ed.jp/,kesennuma-teiji@od.myswan.ed.jp,,定時制
宮城県,県立,宮城県気仙沼向洋高等学校,気仙沼市,気仙沼,https://kkouyo-h.myswan.ed.jp/,kkouyo-h@od.myswan.ed.jp,,全日制総合学科
宮城県,県立,宮城県本吉響高等学校,気仙沼市,気仙沼,https://hibiki-h.myswan.ed.jp/,hibiki-h@od.myswan.ed.jp,,全日制総合学科
宮城県,県立,宮城県南三陸高等学校,本吉郡南三陸町,気仙沼,https://msanriku-hs.myswan.ed.jp/,msanriku-hs@od.myswan.ed.jp,,全日制総合学科
宮城県,県立,宮城県古川高等学校,大崎市,大崎,https://furuko.myswan.ed.jp/,furuko@od.myswan.ed.jp,,全日制普通科
宮城県,県立,宮城県古川黎明高等学校,大崎市,大崎,https://freimei-h.myswan.ed.jp/,freimei-h@od.myswan.ed.jp,,中高一貫（併設型）
宮城県,県立,宮城県古川工業高等学校,大崎市,大崎,https://furukk-h.myswan.ed.jp/,furukk-h@od.myswan.ed.jp,,全日制工業科
宮城県,県立,宮城県古川工業高等学校定時制課程,大崎市,大崎,https://furuk2-h.myswan.ed.jp/,furuk2-h@od.myswan.ed.jp,,定時制
宮城県,県立,宮城県鹿島台商業高等学校,大崎市,大崎,https://kasimadai-ch.myswan.ed.jp/,kasimadai-ch@od.myswan.ed.jp,,全日制商業科
宮城県,県立,宮城県松山高等学校,大崎市,大崎,https://matuyama-h.myswan.ed.jp/,matuyama-h@od.myswan.ed.jp,,全日制普通科
宮城県,県立,宮城県岩出山高等学校,大崎市,大崎,https://iwadeyama-h.myswan.ed.jp/,iwadeyama-h@od.myswan.ed.jp,,全日制普通科
宮城県,県立,宮城県田尻さくら高等学校,大崎市,大崎,https://tajiri-hs.myswan.ed.jp/,tajiri-hs@od.myswan.ed.jp,,全日制総合学科（昼夜開講制）
宮城県,県立,宮城県小牛田農林高等学校,遠田郡美里町,大崎,https://kogotanourin.myswan.ed.jp/,kogotanourin@od.myswan.ed.jp,,全日制農林科
宮城県,県立,宮城県加美農業高等学校,加美郡加美町,大崎,https://kamino-h.myswan.ed.jp/,kamino-h@od.myswan.ed.jp,,全日制農業科
宮城県,県立,宮城県登米高等学校,登米市,登米,https://tome-h.myswan.ed.jp/,tome-h@od.myswan.ed.jp,,全日制普通科
宮城県,県立,宮城県登米総合産業高等学校,登米市,登米,https://tomesou.myswan.ed.jp/,tomesou@od.myswan.ed.jp,,全日制総合産業科
宮城県,県立,宮城県佐沼高等学校,登米市,登米,https://sanuma.myswan.ed.jp/,sanuma@od.myswan.ed.jp,,全日制普通科
宮城県,県立,宮城県築館高等学校,栗原市,栗原,https://tukiko.myswan.ed.jp/,tukiko@od.myswan.ed.jp,,全日制普通科
宮城県,県立,宮城県迫桜高等学校,栗原市,栗原,https://hakuou.myswan.ed.jp/,hakuou@od.myswan.ed.jp,,全日制総合学科
宮城県,県立,宮城県一迫商業高等学校,栗原市,栗原,https://ichisho.myswan.ed.jp/,ichisho@od.myswan.ed.jp,,全日制商業科
宮城県,県立,宮城県岩ヶ崎高等学校,栗原市,栗原,https://iwagasakikou.myswan.ed.jp/,iwagasakikou@od.myswan.ed.jp,,全日制普通科
宮城県,市立,仙台市立仙台高等学校,仙台市青葉区,仙台,https://sites.google.com/g.sendai-c.ed.jp/301-sendai-hs,,,全日制普通科・市立
宮城県,市立,仙台市立仙台工業高等学校,仙台市宮城野区,仙台,https://sites.google.com/g.sendai-c.ed.jp/302-sendaikogyo-hs,,,全日制工業科・市立
宮城県,市立,仙台市立仙台商業高等学校,仙台市泉区,仙台,https://sites.google.com/g.sendai-c.ed.jp/303-sendaisyogyo-hs,sensho@sendai-c.ed.jp,,全日制商業科・市立
宮城県,市立,仙台市立仙台大志高等学校,仙台市宮城野区,仙台,https://www.sendai-c.ed.jp/~taishi/,taishi@sendai-c.ed.jp,,昼夜開講制・市立
宮城県,私立,仙台育英学園高等学校,仙台市宮城野区,仙台,https://www.sendaiikuei.ed.jp/hs/,nyusibu@sendaiikuei.ed.jp,https://www.sendaiikuei.ed.jp/hs/intro/contact.html,多賀城校舎あり
宮城県,私立,東北高等学校,仙台市青葉区,仙台,https://www.tohoku.ed.jp/,,,泉キャンパスあり
宮城県,私立,東北学院高等学校,仙台市宮城野区,仙台,https://www.jhs.tohoku-gakuin.ac.jp/,,,
宮城県,私立,宮城学院高等学校,仙台市青葉区,仙台,https://www.miyagi-gakuin.ac.jp/highschool/,,https://www.miyagi-gakuin.ac.jp/information/contact,女子校
宮城県,私立,聖ウルスラ学院英智高等学校,仙台市若林区,仙台,https://www.st-ursula.ac.jp/high/,,,
宮城県,私立,常盤木学園高等学校,仙台市青葉区,仙台,https://www.tokiwagi.ed.jp/,,,女子校
宮城県,私立,尚絅学院高等学校,仙台市青葉区,仙台,https://sh.shokei.jp/hs/,,,
宮城県,私立,仙台白百合学園高等学校,仙台市泉区,仙台,https://jh.sendaishirayuri.net/,,,女子校
宮城県,私立,東北生活文化大学高等学校,仙台市泉区,仙台,https://www.seibun.ed.jp/,,,
宮城県,私立,聖和学園高等学校,仙台市若林区,仙台,https://highschool.seiwa.ac.jp/,info-hs@seiwa.ac.jp,,薬師堂・三神峯キャンパス
宮城県,私立,仙台城南高等学校,仙台市太白区,仙台,https://sendai-johnan.ed.jp/,,https://sendai-johnan.ed.jp/contact,東北工業大学附属
宮城県,私立,東陵高等学校,気仙沼市,気仙沼,https://www.toryo.ed.jp/,,,
秋田県,県立,秋田県立鹿角高等学校,鹿角市,鹿角地区,http://www.kazuno-h.akita-pref.ed.jp/,kazuno-h@akita-pref.ed.jp,,
秋田県,県立,秋田県立大館鳳鳴高等学校,大館市,大館地区,http://www.homei-h.akita-pref.ed.jp/,homei-h@akita-pref.ed.jp,,
秋田県,県立,秋田県立大館桂桜高等学校,大館市,大館地区,https://keio.odate.school/,odatekeio-h@akita-pref.ed.jp,,2022年に大館高・大館鳳鳴（一部）・大館商業が統合
秋田県,県立,秋田県立大館国際情報学院中学校・高等学校,大館市,大館地区,https://kj.odate.school/,okj-h@akita-pref.ed.jp,,中高一貫
秋田県,県立,秋田県立秋田北鷹高等学校,北秋田市,北秋田地区,http://www.akitahokuyou-h.akita-pref.ed.jp/,akitahokuyou-h@akita-pref.ed.jp,,
秋田県,県立,秋田県立能代高等学校,能代市,能代地区,http://www.noshiro-h.akita-pref.ed.jp/,noshiro-h@akita-pref.ed.jp,,
秋田県,県立,秋田県立能代松陽高等学校,能代市,能代地区,https://noshiroshoyo-h.com/,noshiroshoyo-h@akita-pref.ed.jp,,
秋田県,県立,秋田県立能代科学技術高等学校,能代市,能代地区,https://nst-h.school/,nst-h@akita-pref.ed.jp,,
秋田県,県立,秋田県立秋田高等学校,秋田市,秋田地区,https://www.akita-h.akita-pref.ed.jp/,akita-h@akita-pref.ed.jp,,
秋田県,県立,秋田県立秋田北高等学校,秋田市,秋田地区,https://akitakita-h.net/,akitakita-h@akita-pref.ed.jp,,
秋田県,県立,秋田県立秋田南高等学校,秋田市,秋田地区,https://akitaminami-h.wixsite.com/akitaminami,akitaminami-h@akita-pref.ed.jp,https://akitaminami-h.wixsite.com/akitaminami/contactus,中等部併設
秋田県,県立,秋田県立秋田中央高等学校,秋田市,秋田地区,https://akitachuo-h.jp/,akitachuo-h@akita-pref.ed.jp,,
秋田県,県立,秋田県立秋田西高等学校,秋田市,秋田地区,http://www.akitanishi-h.akita-pref.ed.jp/,akitanishi-h@akita-pref.ed.jp,,
秋田県,県立,秋田県立新屋高等学校,秋田市,秋田地区,http://www.araya-h.akita-pref.ed.jp/,araya-h@akita-pref.ed.jp,,
秋田県,県立,秋田県立秋田工業高等学校,秋田市,秋田地区,http://www.akiko-h.akita-pref.ed.jp/,akiko-h@akita-pref.ed.jp,,
秋田県,県立,秋田県立金足農業高等学校,秋田市,秋田地区,https://kanano-h.ed.jp/,kanano-h@akita-pref.ed.jp,,
秋田県,県立,秋田県立秋田明徳館高等学校,秋田市,秋田地区,http://www.meitoku-h.akita-pref.ed.jp/,meitoku-h@akita-pref.ed.jp,,単位制・定時制
秋田県,県立,秋田県立男鹿工業高等学校,男鹿市,男鹿地区,http://www.ogakogyou-h.akita-pref.ed.jp/,ogakogyou-h@akita-pref.ed.jp,,
秋田県,県立,秋田県立男鹿海洋高等学校,男鹿市,男鹿地区,http://www.kaiyou-h.akita-pref.ed.jp/,kaiyou-h@akita-pref.ed.jp,,
秋田県,県立,秋田県立本荘高等学校,由利本荘市,由利地区,http://www.honjo-h.akita-pref.ed.jp/,honjo-h@akita-pref.ed.jp,,
秋田県,県立,秋田県立由利高等学校,由利本荘市,由利地区,http://www.yuri-h.akita-pref.ed.jp/,yuri-h@akita-pref.ed.jp,,
秋田県,県立,秋田県立西目高等学校,由利本荘市,由利地区,http://www.nishime-h.akita-pref.ed.jp/,nishime-h@akita-pref.ed.jp,,
秋田県,県立,秋田県立矢島高等学校,由利本荘市,由利地区,http://www.yashima-h.akita-pref.ed.jp/,yashima-h@akita-pref.ed.jp,,
秋田県,県立,秋田県立由利工業高等学校,由利本荘市,由利地区,http://www.yuritech-h.akita-pref.ed.jp/,yuritech-h@akita-pref.ed.jp,,
秋田県,県立,秋田県立横手高等学校,横手市,横手地区,https://yokote-h.info/,yokote-h@akita-pref.ed.jp,,
秋田県,県立,秋田県立横手城南高等学校,横手市,横手地区,https://yokote-johnan.net/,johnan-h@akita-pref.ed.jp,,
秋田県,県立,秋田県立横手清陵学院中学校・高等学校,横手市,横手地区,https://www.yokote-seiryou.net/,seiryou-h@akita-pref.ed.jp,,中高一貫
秋田県,県立,秋田県立増田高等学校,横手市,横手地区,https://www.masuda-h.net/,masuda-h@akita-pref.ed.jp,,
秋田県,県立,秋田県立雄物川高等学校,横手市,横手地区,https://omonogawa-hs.net/,omonogawa-h@akita-pref.ed.jp,,
秋田県,県立,秋田県立平成高等学校,横手市,横手地区,https://heisei-h.net/,heisei-h@akita-pref.ed.jp,,
秋田県,県立,秋田県立湯沢高等学校,湯沢市,湯沢雄勝地区,https://yuzawa-hs.net/,yuzawa-h@akita-pref.ed.jp,,
秋田県,県立,秋田県立湯沢翔北高等学校,湯沢市,湯沢雄勝地区,https://yuzawashouhoku.net/,shouhoku-h@akita-pref.ed.jp,,
秋田県,県立,秋田県立湯沢翔北高等学校雄勝校,湯沢市,湯沢雄勝地区,http://www.shouhoku-h-ogachi.akita-pref.ed.jp/,shouhoku-h@akita-pref.ed.jp,,湯沢翔北高等学校の分校
秋田県,県立,秋田県立大曲高等学校,大仙市,大仙仙北地区,https://omagari-h.com/,omagari-h@akita-pref.ed.jp,,
秋田県,県立,秋田県立大曲工業高等学校,大仙市,大仙仙北地区,http://www.daikou-h.akita-pref.ed.jp/,daikou-h@akita-pref.ed.jp,,
秋田県,県立,秋田県立大曲農業高等学校,大仙市,大仙仙北地区,https://daino-hs.net/,daino-h@akita-pref.ed.jp,,
秋田県,県立,秋田県立大曲農業高等学校太田分校,大仙市,大仙仙北地区,http://www.daino-h-ohta.akita-pref.ed.jp/,daino-h@akita-pref.ed.jp,,大曲農業の分校
秋田県,県立,秋田県立西仙北高等学校,大仙市,大仙仙北地区,http://www.nishisenboku-h.akita-pref.ed.jp/,nishisenboku-h@akita-pref.ed.jp,,
秋田県,県立,秋田県立角館高等学校,仙北市,大仙仙北地区,https://kakunodate-hs.jp/,kakunodate-h@akita-pref.ed.jp,,
秋田県,市立,秋田市立秋田商業高等学校,秋田市,秋田地区,https://akisho.ed.jp/,aksg@akisho.ed.jp,,
秋田県,私立,ノースアジア大学明桜高等学校,秋田市,秋田地区,https://www.meioh.ed.jp/,kokojimu@nau.ac.jp,https://www.meioh.ed.jp/contact,
秋田県,私立,聖霊学園高等学校,秋田市,秋田地区,https://www.akita-seirei.ac.jp/highschool/,,,女子高
秋田県,私立,国学館高等学校,秋田市,秋田地区,https://www.kokugakukan.ed.jp/,,,
秋田県,私立,秋田令和高等学校,秋田市,秋田地区,https://www.akitareiwa-h.ed.jp/,info@akitareiwa-h.ed.jp,,
秋田県,私立,秋田修英高等学校,大仙市,大仙仙北地区,http://www.akitashuei.net/,,,
山形県,県立,山形東高等学校,山形市,村山,https://www.yamagatahigashi-h.ed.jp/,,,
山形県,県立,山形南高等学校,山形市,村山,https://www.yamanan-h.ed.jp/,,,
山形県,県立,山形西高等学校,山形市,村山,https://yamanishi.webpage21a.jp/,,,
山形県,県立,山形北高等学校,山形市,村山,https://www.yamagatakita-h.ed.jp/htdocs/,,,
山形県,県立,山形工業高等学校,山形市,村山,https://www.yamako.ed.jp/,,https://www.yamako.ed.jp/%E3%81%8A%E5%95%8F%E3%81%84%E5%90%88%E3%82%8F%E3%81%9B,
山形県,県立,山形中央高等学校,山形市,村山,https://www.yamagatachuo-h.ed.jp/,,https://www.yamagatachuo-h.ed.jp/contact/,
山形県,県立,霞城学園高等学校,山形市,村山,https://www.kajogakuen-h.ed.jp/,,,定時制・通信制
山形県,県立,上山明新館高等学校,上山市,村山,https://www.meishinkan-h.ed.jp/,,,
山形県,県立,天童高等学校,天童市,村山,https://www.tendo-h.ed.jp/,,,
山形県,県立,山辺高等学校,東村山郡山辺町,村山,https://www.yamanobe-h.ed.jp/,,,
山形県,県立,寒河江高等学校,寒河江市,村山,https://www.sagae-h.ed.jp/,,,
山形県,県立,寒河江工業高等学校,寒河江市,村山,https://www.sagae-th.ed.jp/,,,
山形県,県立,谷地高等学校,西村山郡河北町,村山,https://www.yachi-h.ed.jp/,,,
山形県,県立,左沢高等学校,西村山郡大江町,村山,https://www.aterazawa-h.ed.jp/,,,
山形県,県立,村山産業高等学校,村山市,村山,https://www.murayama-ih.ed.jp/,,,
山形県,県立,東桜学館中学校・高等学校,東根市,村山,https://www.touohgakkan-jhh.ed.jp/,,,中高一貫
山形県,県立,北村山高等学校,村山市,村山,https://www.kitamurayama-h.ed.jp/,,,
山形県,県立,新庄志誠館高等学校,新庄市,最上,https://shiseikan.jp/,,,2026年4月開校（新庄北・新庄南統合）
山形県,県立,新庄志誠館高等学校最上校,最上郡最上町,最上,https://www.shiseikan-h-m.ed.jp/,,,旧新庄北高校最上校
山形県,県立,新庄神室産業高等学校,新庄市,最上,https://shinjokamuro.jp/,,,
山形県,県立,新庄神室産業高等学校真室川校,最上郡真室川町,最上,https://www.mamurogawa-h.ed.jp/,,,新庄神室産業高校の分校
山形県,県立,新庄神室産業高等学校金山校,最上郡金山町,最上,https://www.kaneyama-h.com/,,,旧新庄南高校金山校（2026年4月改称）
山形県,県立,米沢興譲館高等学校,米沢市,置賜,https://www.yonezawakojokan-h.ed.jp/,,,
山形県,県立,米沢東高等学校,米沢市,置賜,https://www.yonezawahigashi-h.ed.jp/,,,
山形県,県立,米沢鶴城高等学校,米沢市,置賜,https://yonezawa-kakujo.ed.jp/,,,2025年4月開校（米沢工業・米沢商業統合）
山形県,県立,置賜農業高等学校,東置賜郡川西町,置賜,https://www.okitama-ah.ed.jp/,,,
山形県,県立,南陽高等学校,南陽市,置賜,https://www.ygt-nanyo-h.ed.jp/,,,
山形県,県立,高畠高等学校,東置賜郡高畠町,置賜,https://www.takahata-h.ed.jp/,,,
山形県,県立,長井高等学校,長井市,置賜,https://www.nagai-h.ed.jp/,,,
山形県,県立,長井工業高等学校,長井市,置賜,https://nagai-th.ed.jp/,,,
山形県,県立,鶴岡中央高等学校,鶴岡市,庄内,https://www.tsuruokachuo-h.ed.jp/,,,
山形県,県立,鶴岡工業高等学校,鶴岡市,庄内,https://www.tsuruoka-th.ed.jp/,,,
山形県,県立,加茂水産高等学校,鶴岡市,庄内,https://www.kamosuisan-h.ed.jp/,,,
山形県,県立,庄内農業高等学校,鶴岡市,庄内,https://www.shonai-ah.ed.jp/,,,
山形県,県立,庄内総合高等学校,東田川郡庄内町,庄内,https://www.shonaisogo-h.ed.jp/,,,
山形県,県立,遊佐高等学校,飽海郡遊佐町,庄内,https://www.yuza-h.ed.jp/,,,
山形県,県立,酒田東高等学校,酒田市,庄内,https://www.sakatahigashi-h.ed.jp/,,,
山形県,県立,酒田西高等学校,酒田市,庄内,https://www.sakatanishi-h.ed.jp/,,,
山形県,県立,酒田光陵高等学校,酒田市,庄内,https://www.sakatakoryo-h.ed.jp/,,,
山形県,私立,日本大学山形高等学校,山形市,村山,https://www.ymgt.hs.nihon-u.ac.jp/,,,
山形県,私立,東海大学山形高等学校,山形市,村山,https://www.ymgt-tokai.ed.jp/,,,
山形県,私立,東北文教大学山形城北高等学校,山形市,村山,https://www.johoku.ed.jp/,,,
山形県,私立,山形学院高等学校,山形市,村山,https://www.y-gakuin.ac.jp/,,https://www.y-gakuin.ac.jp/contact/,
山形県,私立,山形明正高等学校,山形市,村山,https://www.y-meisei.jp/,,,
山形県,私立,惺山高等学校,山形市,村山,https://www.seizan.ed.jp/,,,
山形県,私立,創学館高等学校,山形市,村山,https://sogaku.ed.jp/,,,
山形県,私立,九里学園高等学校,米沢市,置賜,https://kunori-h.ed.jp/,,,
山形県,私立,米沢中央高等学校,米沢市,置賜,https://ychuo-h.ed.jp/,,,
山形県,私立,羽黒高等学校,鶴岡市,庄内,https://www.haguroko.ed.jp/,,,
山形県,私立,鶴岡東高等学校,鶴岡市,庄内,https://tsuruokahigashi.net/,,,
山形県,私立,酒田南高等学校,酒田市,庄内,https://www.sakataminami-h.ed.jp/,,,
山形県,私立,新庄東高等学校,新庄市,最上,https://shinjohigashi-h.ed.jp/,jimushitsu@shinjohigashi-h.ed.jp,,
山形県,私立,基督教独立学園高等学校,西置賜郡小国町,置賜,https://kdg.ed.jp/,,,
山形県,私立,和順館高等学校,酒田市,庄内,https://www.wajun-honbu.ac.jp/wajunkan/,,,通信制
福島県,県立,福島高等学校,福島市,県北,https://fukushima-h.fcs.ed.jp/,fukushima-h@fcs.ed.jp,,
福島県,県立,橘高等学校,福島市,県北,https://tachibana-h.fcs.ed.jp/,tachibana-h@fcs.ed.jp,,
福島県,県立,福島東高等学校,福島市,県北,https://fukushimahigashi-h.fcs.ed.jp/,fukushimahigashi-h@fcs.ed.jp,,
福島県,県立,福島西高等学校,福島市,県北,https://fukushimanishi-h.fcs.ed.jp/,fukushimanishi-h@fcs.ed.jp,,
福島県,県立,福島北高等学校,福島市,県北,https://fukushimakita-h.fcs.ed.jp/,fukushimakita-h@fcs.ed.jp,,
福島県,県立,福島南高等学校,福島市,県北,https://fukushimaminami-h.fcs.ed.jp/,fukushimaminami-h@fcs.ed.jp,,
福島県,県立,福島商業高等学校,福島市,県北,https://fukushima-ch.fcs.ed.jp/,fukushima-ch@fcs.ed.jp,,
福島県,県立,福島工業高等学校,福島市,県北,https://fukushima-th.fcs.ed.jp/,fukushima-th@fcs.ed.jp,,
福島県,県立,福島明成高等学校,福島市,県北,https://fukushimameisei-h.fcs.ed.jp/,fukushimameisei-h@fcs.ed.jp,,農業・食品系専門高校
福島県,県立,ふくしま新世高等学校,福島市,県北,https://fukushimashinsei-h.fcs.ed.jp/,fukushimashinsei-h@fcs.ed.jp,,旧保原高・梁川高統合（2025年開校）
福島県,県立,川俣高等学校,伊達郡川俣町,県北,https://kawamata-h.fcs.ed.jp/,kawamata-h@fcs.ed.jp,,
福島県,県立,伊達高等学校,伊達市,県北,https://date-h.fcs.ed.jp/,date-h@fcs.ed.jp,,
福島県,県立,安達高等学校,二本松市,県北,https://adachi-h.fcs.ed.jp/,adachi-h@fcs.ed.jp,,
福島県,県立,二本松実業高等学校,二本松市,県北,https://nihonmatsu-bh.fcs.ed.jp/,nihonmatsu-bh@fcs.ed.jp,,旧二本松工業・安達東統合（2025年）
福島県,県立,本宮高等学校,本宮市,県北,https://motomiya-h.fcs.ed.jp/,motomiya-h@fcs.ed.jp,,
福島県,県立,安積高等学校,郡山市,県中,https://asaka-h.fcs.ed.jp/,asaka-h@fcs.ed.jp,,SSH指定校
福島県,県立,安積黎明高等学校,郡山市,県中,https://asakareimei-h.fcs.ed.jp/,asakareimei-h@fcs.ed.jp,,
福島県,県立,郡山高等学校,郡山市,県中,https://koriyama-h.fcs.ed.jp/,koriyama-h@fcs.ed.jp,,
福島県,県立,郡山東高等学校,郡山市,県中,https://koriyamahigashi-h.fcs.ed.jp/,koriyamahigashi-h@fcs.ed.jp,,
福島県,県立,郡山商業高等学校,郡山市,県中,https://koriyama-ch.fcs.ed.jp/,koriyama-ch@fcs.ed.jp,,
福島県,県立,郡山北工業高等学校,郡山市,県中,https://koriyamakita-th.fcs.ed.jp/,koriyamakita-th@fcs.ed.jp,,
福島県,県立,あさか開成高等学校,郡山市,県中,https://asakakaisei-h.fcs.ed.jp/,asakakaisei-h@fcs.ed.jp,,
福島県,県立,郡山萌世高等学校,郡山市,県中,https://housei-h.fcs.ed.jp/,housei-h@fcs.ed.jp,,定時制
福島県,県立,湖南高等学校,郡山市,県中,https://konan-h.fcs.ed.jp/,konan-h@fcs.ed.jp,,
福島県,県立,須賀川創英館高等学校,須賀川市,県中,https://sukagawasoeikan-h.fcs.ed.jp/,sukagawasoeikan-h@fcs.ed.jp,,
福島県,県立,須賀川桐陽高等学校,須賀川市,県中,https://sukagawatoyo-h.fcs.ed.jp/,sukagawatoyo-h@fcs.ed.jp,,
福島県,県立,清陵情報高等学校,岩瀬郡鏡石町,県中,https://seiryojoho-h.fcs.ed.jp/,seiryojoho-h@fcs.ed.jp,,
福島県,県立,岩瀬農業高等学校,須賀川市,県中,https://iwase-ah.fcs.ed.jp/,iwase-ah@fcs.ed.jp,,
福島県,県立,田村高等学校,田村市,県中,https://tamura-h.fcs.ed.jp/,tamura-h@fcs.ed.jp,,
福島県,県立,船引高等学校,田村市,県中,https://funehiki-h.fcs.ed.jp/,funehiki-h@fcs.ed.jp,,2026年4月より小野高と統合しあぶくま柏鵬高に（在校生は継続）
福島県,県立,小野高等学校,田村郡小野町,県中,https://ono-h.fcs.ed.jp/,ono-h@fcs.ed.jp,,2026年4月より船引高と統合しあぶくま柏鵬高に（在校生は継続）
福島県,県立,石川高等学校,石川郡石川町,県南,https://ishikawa-h.fcs.ed.jp/,ishikawa-h@fcs.ed.jp,,
福島県,県立,修明高等学校,東白川郡鮫川村,県南,https://shumei-h.fcs.ed.jp/,shumei-h@fcs.ed.jp,,農業系
福島県,県立,光南高等学校,西白河郡矢吹町,県南,https://kohnan-h.fcs.ed.jp/,kohnan-h@fcs.ed.jp,,
福島県,県立,白河高等学校,白河市,県南,https://shirakawa-h.fcs.ed.jp/,shirakawa-h@fcs.ed.jp,,
福島県,県立,白河旭高等学校,白河市,県南,https://shirakawaasahi-h.fcs.ed.jp/,shirakawaasahi-h@fcs.ed.jp,,
福島県,県立,白河実業高等学校,白河市,県南,https://shirakawa-01-bh.fcs.ed.jp/,shirakawa-01-bh@fcs.ed.jp,,旧白河実業・塙工業統合
福島県,県立,白河実業高等学校塙校舎,東白川郡塙町,県南,https://hanawa-th.fcs.ed.jp/,hanawa-th@fcs.ed.jp,,白河実業高等学校の校舎
福島県,県立,会津高等学校,会津若松市,会津,https://aizu-h.fcs.ed.jp/,aizu-h@fcs.ed.jp,,SSH指定校
福島県,県立,葵高等学校,会津若松市,会津,https://aoi-h.fcs.ed.jp/,aoi-h@fcs.ed.jp,,
福島県,県立,会津学鳳高等学校,会津若松市,会津,https://aizugakuho-h.fcs.ed.jp/,aizugakuho-h@fcs.ed.jp,,中高一貫
福島県,県立,若松商業高等学校,会津若松市,会津,https://wakamatsu-ch.fcs.ed.jp/,wakamatsu-ch@fcs.ed.jp,,
福島県,県立,会津工業高等学校,会津若松市,会津,https://aizu-th.fcs.ed.jp/,aizu-th@fcs.ed.jp,,
福島県,県立,会津西陵高等学校,河沼郡会津坂下町,会津,https://aizuseiryo-h.fcs.ed.jp/,aizuseiryo-h@fcs.ed.jp,,旧大沼高・坂下高統合（2022年）
福島県,県立,喜多方高等学校,喜多方市,会津,https://kitakata-01-h.fcs.ed.jp/,kitakata-01-h@fcs.ed.jp,,旧喜多方・喜多方東統合（2021年）
福島県,県立,喜多方桐桜高等学校,喜多方市,会津,https://kitakatatooh-h.fcs.ed.jp/,kitakatatooh-h@fcs.ed.jp,,
福島県,県立,猪苗代高等学校,耶麻郡猪苗代町,会津,https://inawashiro-h.fcs.ed.jp/,inawashiro-h@fcs.ed.jp,,
福島県,県立,西会津高等学校,耶麻郡西会津町,会津,https://nishiaizu-h.fcs.ed.jp/,nishiaizu-h@fcs.ed.jp,,
福島県,県立,会津農林高等学校,河沼郡会津坂下町,会津,https://aizunorin-01-h.fcs.ed.jp/,aizunorin-01-h@fcs.ed.jp,,旧耶麻農業を統合（2025年）
福島県,県立,南会津高等学校,南会津郡南会津町,南会津,https://minamiaizu-01-h.fcs.ed.jp/,minamiaizu-01-h@fcs.ed.jp,,2023年開校（旧:田島高・南会津高統合）
福島県,県立,南会津高等学校南郷校舎,南会津郡南会津町,南会津,https://minamiaizu-h.fcs.ed.jp/,minamiaizu-h@fcs.ed.jp,,南会津高等学校の分校舎
福島県,県立,只見高等学校,南会津郡只見町,南会津,https://tadami-h.fcs.ed.jp/,tadami-h@fcs.ed.jp,,
福島県,県立,磐城高等学校,いわき市,いわき,https://iwaki-h.fcs.ed.jp/,iwaki-h@fcs.ed.jp,,SSH指定校
福島県,県立,磐城桜が丘高等学校,いわき市,いわき,https://iwakisakuragaoka-h.fcs.ed.jp/,iwakisakuragaoka-h@fcs.ed.jp,,
福島県,県立,平工業高等学校,いわき市,いわき,https://sites.google.com/fcs.ed.jp/taira-th/,,,Googleサイト使用のためメールアドレスパターン不確定
福島県,県立,いわき商業情報高等学校,いわき市,いわき,https://iwakishogyojoho-h.fcs.ed.jp/,iwakishogyojoho-h@fcs.ed.jp,,旧平商業・四倉統合（2026年）
福島県,県立,いわき総合高等学校,いわき市,いわき,https://iwakisogo-h.fcs.ed.jp/,iwakisogo-h@fcs.ed.jp,,2025年に好間校舎を統合
福島県,県立,いわき光洋高等学校,いわき市,いわき,https://iwakikoyo-h.fcs.ed.jp/,iwakikoyo-h@fcs.ed.jp,,
福島県,県立,いわき湯本高等学校,いわき市,いわき,https://iwakiyumoto-h.fcs.ed.jp/,iwakiyumoto-h@fcs.ed.jp,,旧湯本・遠野統合（2022年）
福島県,県立,小名浜海星高等学校,いわき市,いわき,https://onahamakaisei-h.fcs.ed.jp/,onahamakaisei-h@fcs.ed.jp,,旧小名浜・いわき海星統合
福島県,県立,磐城農業高等学校,いわき市,いわき,https://iwaki-ah.fcs.ed.jp/,iwaki-ah@fcs.ed.jp,,
福島県,県立,勿来高等学校,いわき市,いわき,https://nakoso-h.fcs.ed.jp/,nakoso-h@fcs.ed.jp,,
福島県,県立,勿来工業高等学校,いわき市,いわき,https://nakoso-th.fcs.ed.jp/,nakoso-th@fcs.ed.jp,,
福島県,県立,ふたば未来学園高等学校,双葉郡広野町,相双,https://futabamiraigakuen-h.fcs.ed.jp/,futabamiraigakuen-h@fcs.ed.jp,,中高一貫・SGH指定校。東日本大震災復興拠点校
福島県,県立,相馬高等学校,相馬市,相双,https://soma-h.fcs.ed.jp/,soma-h@fcs.ed.jp,,
福島県,県立,相馬総合高等学校,相馬市,相双,https://somasogo-h.fcs.ed.jp/,somasogo-h@fcs.ed.jp,,旧相馬東・新地統合（2022年）
福島県,県立,相馬農業高等学校,相馬市,相双,https://soma-ah.fcs.ed.jp/,soma-ah@fcs.ed.jp,,
福島県,県立,原町高等学校,南相馬市,相双,https://haramachi-h.fcs.ed.jp/,haramachi-h@fcs.ed.jp,,
福島県,県立,小高産業技術高等学校,南相馬市,相双,https://odakasangyogijutsu-h.fcs.ed.jp/,odakasangyogijutsu-h@fcs.ed.jp,,
福島県,私立,福島成蹊高等学校,福島市,県北,https://www.f-seikei.ed.jp/hs/,seikei@f-seikei.ed.jp,,所在地：福島市上浜町5番10号 TEL:024-522-2049
福島県,私立,聖光学院高等学校,伊達市,県北,https://www.seikogakuin.jp/,,,所在地：伊達市六角3番地 TEL:024-583-3325。カトリック系男子校
福島県,私立,松韻学園福島高等学校,福島市,県北,https://www.gakufuku-h.ed.jp/,,,所在地：福島市御山町9-1 TEL:024-534-3480。通称:学法福島
福島県,私立,桜の聖母学院高等学校,福島市,県北,https://www.ssg.ac.jp/ckfiles/,ssg-h@ssg.ac.jp,,所在地：福島市野田町7丁目11-1 TEL:024-535-3141。カトリック系女子校
福島県,私立,日本大学東北高等学校,郡山市,県中,https://www.tohoku.hs.nihon-u.ac.jp/,,,所在地：郡山市田村町徳定字中河原1番地 TEL:024-956-8840。日大系列
福島県,私立,帝京安積高等学校,郡山市,県中,https://www.teikyoasaka.ed.jp/,,https://www.teikyoasaka.ed.jp/contact/,所在地：郡山市安積町日出山字神明下43 TEL:024-941-7767
福島県,私立,尚志高等学校,郡山市,県中,https://www.shoshi.ed.jp/highschool/,,,所在地：郡山市中町14-18 TEL:024-927-0550
福島県,私立,郡山女子大学附属高等学校,郡山市,県中,https://fuzoku.koriyama-kgc.ac.jp/,,,女子校
福島県,私立,学法石川高等学校,石川郡石川町,県南,https://ishikawa-gijuku.ac.jp/high/,,,所在地：石川郡石川町字大室502 TEL:0247-26-5151。通称:学法石川
福島県,私立,東日本国際大学附属昌平高等学校,いわき市,いわき,https://shohei-chukou.ac.jp/,,https://shohei-chukou.ac.jp/contact/,所在地：いわき市平上片寄字上ノ内152 TEL:0246-57-1123。通称:昌平高校
福島県,私立,いわき秀英高等学校,いわき市,いわき,https://www.iwaki-shuei.ac.jp/senior/,,https://www.iwaki-shuei.ac.jp/senior/contact.html,所在地：いわき市 TEL:0246-75-2111。小中高一貫
福島県,私立,磐城第一高等学校,いわき市,いわき,https://www.iwaki1-h.ed.jp/,info@iwaki1-h.ed.jp,https://www.iwaki1-h.ed.jp/contact/,所在地：いわき市内郷御厩町上宿11 TEL:0246-26-1251。女子校
福島県,私立,会津北嶺高等学校,会津若松市,会津,https://www.aizuhokurei.jp/,,,
福島県,私立,会津若松ザベリオ学園高等学校,会津若松市,会津,https://www.aizu-xaverio.ed.jp/,school@aizu-xaverio.ed.jp,,所在地：会津若松市 TEL:0242-27-1970。カトリック系
茨城県,茨城県立,水戸第一高等学校,水戸市,水戸,https://www.mito1-h.ibk.ed.jp/,koho@mito1-h.ibk.ed.jp,,附属中学校併設
茨城県,茨城県立,水戸第二高等学校,水戸市,水戸,https://www.mito2-h.ibk.ed.jp/,koho@mito2-h.ibk.ed.jp,,
茨城県,茨城県立,水戸第三高等学校,水戸市,水戸,https://www.mito3-h.ibk.ed.jp/,koho@mito3-h.ibk.ed.jp,,
茨城県,茨城県立,緑岡高等学校,水戸市,水戸,https://www.midorioka-h.ibk.ed.jp/,koho@midorioka-h.ibk.ed.jp,,
茨城県,茨城県立,水戸桜ノ牧高等学校,水戸市,水戸,https://www.mitosakuranomaki-h.ibk.ed.jp/,koho@mitosakuranomaki-h.ibk.ed.jp,,
茨城県,茨城県立,水戸農業高等学校,水戸市,水戸,https://www.mito-ah.ibk.ed.jp/,koho@mito-ah.ibk.ed.jp,,
茨城県,茨城県立,水戸工業高等学校,水戸市,水戸,https://www.mito-th.ibk.ed.jp/,koho@mito-th.ibk.ed.jp,,
茨城県,茨城県立,水戸商業高等学校,水戸市,水戸,https://www.mito-ch.ibk.ed.jp/,koho@mito-ch.ibk.ed.jp,,
茨城県,茨城県立,水戸桜ノ牧高等学校常北校,城里町,水戸,https://www.johoku-h.ibk.ed.jp/,koho@johoku-h.ibk.ed.jp,,水戸桜ノ牧高分校
茨城県,茨城県立,笠間高等学校,笠間市,県央,https://www.kasama-h.ibk.ed.jp/,koho@kasama-h.ibk.ed.jp,,
茨城県,茨城県立,IT未来高等学校,笠間市,県央,https://www.it-mirai-h.ibk.ed.jp/,koho@it-mirai-h.ibk.ed.jp,,旧友部高校跡地
茨城県,茨城県立,那珂高等学校,那珂市,県央,https://www.naka-h.ibk.ed.jp/,koho@naka-h.ibk.ed.jp,,
茨城県,茨城県立,那珂湊高等学校,ひたちなか市,県央,https://www.nakaminato-h.ibk.ed.jp/,koho@nakaminato-h.ibk.ed.jp,,
茨城県,茨城県立,勝田高等学校,ひたちなか市,県央,https://www.katsuta-h.ibk.ed.jp/,koho@katsuta-h.ibk.ed.jp,,
茨城県,茨城県立,勝田工業高等学校,ひたちなか市,県央,https://www.katsuta-th.ibk.ed.jp/,koho@katsuta-th.ibk.ed.jp,,
茨城県,茨城県立,海洋高等学校,ひたちなか市,県央,https://www.kaiyo-h.ibk.ed.jp/,koho@kaiyo-h.ibk.ed.jp,,
茨城県,茨城県立,茨城東高等学校,東茨城郡茨城町,県央,https://www.ibarakihigashi-h.ibk.ed.jp/,koho@ibarakihigashi-h.ibk.ed.jp,,
茨城県,茨城県立,東海高等学校,那珂郡東海村,県央,https://www.tokai-h.ibk.ed.jp/,koho@tokai-h.ibk.ed.jp,,
茨城県,茨城県立,日立第一高等学校,日立市,県北,https://www.hitachi1-h.ibk.ed.jp/,koho@hitachi1-h.ibk.ed.jp,,
茨城県,茨城県立,日立第二高等学校,日立市,県北,https://www.hitachi2-h.ibk.ed.jp/,koho@hitachi2-h.ibk.ed.jp,,
茨城県,茨城県立,日立工業高等学校,日立市,県北,https://www.hitachi-th.ibk.ed.jp/,koho@hitachi-th.ibk.ed.jp,,
茨城県,茨城県立,日立商業高等学校,日立市,県北,https://www.hitachi-ch.ibk.ed.jp/,koho@hitachi-ch.ibk.ed.jp,,
茨城県,茨城県立,日立北高等学校,日立市,県北,https://www.hitachikita-h.ibk.ed.jp/,koho@hitachikita-h.ibk.ed.jp,,
茨城県,茨城県立,多賀高等学校,日立市,県北,https://www.taga-h.ibk.ed.jp/,koho@taga-h.ibk.ed.jp,,
茨城県,茨城県立,高萩高等学校,高萩市,県北,https://www.takahagi-h.ibk.ed.jp/,koho@takahagi-h.ibk.ed.jp,,定時制のみ
茨城県,茨城県立,高萩清松高等学校,高萩市,県北,https://www.takahagiseisho-h.ibk.ed.jp/,koho@takahagiseisho-h.ibk.ed.jp,,
茨城県,茨城県立,北茨城高等学校,北茨城市,県北,https://www.kitaibaraki-h.ibk.ed.jp/,koho@kitaibaraki-h.ibk.ed.jp,,
茨城県,茨城県立,磯原郷英高等学校,北茨城市,県北,https://www.isoharakyoei-h.ibk.ed.jp/,koho@isoharakyoei-h.ibk.ed.jp,,
茨城県,茨城県立,太田第一高等学校,常陸太田市,県北,https://www.ota1-h.ibk.ed.jp/,koho@ota1-h.ibk.ed.jp,,
茨城県,茨城県立,太田西山高等学校,常陸太田市,県北,https://www.otanishiyama-h.ibk.ed.jp/,koho@otanishiyama-h.ibk.ed.jp,,旧太田第二・佐竹高校統合
茨城県,茨城県立,常陸大宮高等学校,常陸大宮市,県北,https://www.hitachiomiya-h.ibk.ed.jp/,koho@hitachiomiya-h.ibk.ed.jp,,
茨城県,茨城県立,大子清流高等学校,久慈郡大子町,県北,https://www.daigoseiryu-h.ibk.ed.jp/,koho@daigoseiryu-h.ibk.ed.jp,,
茨城県,茨城県立,土浦第一高等学校,土浦市,県南,https://www.tsuchiura1-h.ibk.ed.jp/,koho@tsuchiura1-h.ibk.ed.jp,,附属中学校併設
茨城県,茨城県立,土浦第二高等学校,土浦市,県南,https://www.tsuchiura2-h.ibk.ed.jp/,koho@tsuchiura2-h.ibk.ed.jp,,
茨城県,茨城県立,土浦第三高等学校,土浦市,県南,https://www.tsuchiura3-h.ibk.ed.jp/,koho@tsuchiura3-h.ibk.ed.jp,,
茨城県,茨城県立,土浦工業高等学校,土浦市,県南,https://www.tsuchiura-th.ibk.ed.jp/,koho@tsuchiura-th.ibk.ed.jp,,
茨城県,茨城県立,土浦湖北高等学校,土浦市,県南,https://www.tsuchiurakohoku-h.ibk.ed.jp/,koho@tsuchiurakohoku-h.ibk.ed.jp,,
茨城県,茨城県立,石岡第一高等学校,石岡市,県南,https://www.ishioka1-h.ibk.ed.jp/,koho@ishioka1-h.ibk.ed.jp,,
茨城県,茨城県立,石岡第二高等学校,石岡市,県南,https://www.ishioka2-h.ibk.ed.jp/,koho@ishioka2-h.ibk.ed.jp,,
茨城県,茨城県立,竜ヶ崎第一高等学校,龍ケ崎市,県南,https://www.ryugasaki1-h.ibk.ed.jp/,koho@ryugasaki1-h.ibk.ed.jp,,
茨城県,茨城県立,竜ヶ崎第二高等学校,龍ケ崎市,県南,https://www.ryugasaki2-h.ibk.ed.jp/,koho@ryugasaki2-h.ibk.ed.jp,,
茨城県,茨城県立,竜ヶ崎南高等学校,龍ケ崎市,県南,https://www.ryugasakiminami-h.ibk.ed.jp/,koho@ryugasakiminami-h.ibk.ed.jp,,
茨城県,茨城県立,江戸崎総合高等学校,稲敷市,県南,https://www.edosakisougou-h.ibk.ed.jp/,koho@edosakisougou-h.ibk.ed.jp,,
茨城県,茨城県立,取手第一高等学校,取手市,県南,https://www.toride1-h.ibk.ed.jp/,koho@toride1-h.ibk.ed.jp,,
茨城県,茨城県立,取手第二高等学校,取手市,県南,https://www.toride2-h.ibk.ed.jp/,koho@toride2-h.ibk.ed.jp,,
茨城県,茨城県立,取手松陽高等学校,取手市,県南,https://www.torideshoyo-h.ibk.ed.jp/,koho@torideshoyo-h.ibk.ed.jp,,
茨城県,茨城県立,藤代高等学校,取手市,県南,https://www.fujishiro-h.ibk.ed.jp/,koho@fujishiro-h.ibk.ed.jp,,
茨城県,茨城県立,藤代紫水高等学校,取手市,県南,https://www.fujishiroshisui-h.ibk.ed.jp/,koho@fujishiroshisui-h.ibk.ed.jp,,
茨城県,茨城県立,牛久高等学校,牛久市,県南,https://www.ushiku-h.ibk.ed.jp/,koho@ushiku-h.ibk.ed.jp,,
茨城県,茨城県立,牛久栄進高等学校,牛久市,県南,https://www.ushikueishin-h.ibk.ed.jp/,koho@ushikueishin-h.ibk.ed.jp,,
茨城県,茨城県立,守谷高等学校,守谷市,県南,https://www.moriya-h.ibk.ed.jp/,koho@moriya-h.ibk.ed.jp,,
茨城県,茨城県立,筑波高等学校,つくば市,県南,https://www.tsukuba-h.ibk.ed.jp/,koho@tsukuba-h.ibk.ed.jp,,
茨城県,茨城県立,竹園高等学校,つくば市,県南,https://www.takezono-h.ibk.ed.jp/,koho@takezono-h.ibk.ed.jp,,
茨城県,茨城県立,つくばサイエンス高等学校,つくば市,県南,https://www.tsukuba-science-h.ibk.ed.jp/,koho@tsukuba-science-h.ibk.ed.jp,,令和5年開校
茨城県,茨城県立,茎崎高等学校,つくば市,県南,https://www.kukizaki-h.ibk.ed.jp/,koho@kukizaki-h.ibk.ed.jp,,
茨城県,茨城県立,水海道第一高等学校,常総市,県南,https://www.mitsukaido1-h.ibk.ed.jp/,koho@mitsukaido1-h.ibk.ed.jp,,附属中学校併設
茨城県,茨城県立,水海道第二高等学校,常総市,県南,https://www.mitsukaido2-h.ibk.ed.jp/,koho@mitsukaido2-h.ibk.ed.jp,,
茨城県,茨城県立,鹿島高等学校,鹿嶋市,鹿行,https://www.kashima-h.ibk.ed.jp/,koho@kashima-h.ibk.ed.jp,,
茨城県,茨城県立,神栖高等学校,神栖市,鹿行,https://www.kamisu-h.ibk.ed.jp/,koho@kamisu-h.ibk.ed.jp,,
茨城県,茨城県立,波崎高等学校,神栖市,鹿行,https://www.hasaki-h.ibk.ed.jp/,koho@hasaki-h.ibk.ed.jp,,
茨城県,茨城県立,鉾田第一高等学校,鉾田市,鹿行,https://www.hokota1-h.ibk.ed.jp/,koho@hokota1-h.ibk.ed.jp,,附属中学校併設
茨城県,茨城県立,鉾田第二高等学校,鉾田市,鹿行,https://www.hokota2-h.ibk.ed.jp/,koho@hokota2-h.ibk.ed.jp,,
茨城県,茨城県立,潮来高等学校,潮来市,鹿行,https://www.itako-h.ibk.ed.jp/,koho@itako-h.ibk.ed.jp,,
茨城県,茨城県立,玉造工業高等学校,行方市,鹿行,https://www.tamatsukuri-th.ibk.ed.jp/,koho@tamatsukuri-th.ibk.ed.jp,,
茨城県,茨城県立,下館第一高等学校,筑西市,県西,https://www.shimodate1-h.ibk.ed.jp/,koho@shimodate1-h.ibk.ed.jp,,
茨城県,茨城県立,下館第二高等学校,筑西市,県西,https://www.shimodate2-h.ibk.ed.jp/,koho@shimodate2-h.ibk.ed.jp,,
茨城県,茨城県立,下館工業高等学校,筑西市,県西,https://www.shimodate-th.ibk.ed.jp/,koho@shimodate-th.ibk.ed.jp,,
茨城県,茨城県立,岩瀬高等学校,桜川市,県西,https://www.iwase-h.ibk.ed.jp/,koho@iwase-h.ibk.ed.jp,,
茨城県,茨城県立,結城第一高等学校,結城市,県西,https://www.yuki1-h.ibk.ed.jp/,koho@yuki1-h.ibk.ed.jp,,
茨城県,茨城県立,下妻第一高等学校,下妻市,県西,https://www.shimotsuma1-h.ibk.ed.jp/,koho@shimotsuma1-h.ibk.ed.jp,,
茨城県,茨城県立,下妻第二高等学校,下妻市,県西,https://www.shimotsuma2-h.ibk.ed.jp/,koho@shimotsuma2-h.ibk.ed.jp,,
茨城県,茨城県立,古河第一高等学校,古河市,県西,https://www.koga1-h.ibk.ed.jp/,koho@koga1-h.ibk.ed.jp,,
茨城県,茨城県立,古河第二高等学校,古河市,県西,https://www.koga2-h.ibk.ed.jp/,koho@koga2-h.ibk.ed.jp,,
茨城県,茨城県立,古河第三高等学校,古河市,県西,https://www.koga3-h.ibk.ed.jp/,koho@koga3-h.ibk.ed.jp,,
茨城県,茨城県立,総和工業高等学校,古河市,県西,https://www.sowa-th.ibk.ed.jp/,koho@sowa-th.ibk.ed.jp,,
茨城県,茨城県立,鬼怒商業高等学校,結城市,県西,https://www.kinu-ch.ibk.ed.jp/,koho@kinu-ch.ibk.ed.jp,,
茨城県,茨城県立,石下紫峰高等学校,常総市,県西,https://www.ishigeshiho-h.ibk.ed.jp/,koho@ishigeshiho-h.ibk.ed.jp,,
茨城県,茨城県立,八千代高等学校,結城郡八千代町,県西,https://www.yachiyo-h.ibk.ed.jp/,koho@yachiyo-h.ibk.ed.jp,,
茨城県,茨城県立,境高等学校,猿島郡境町,県西,https://www.sakai-h.ibk.ed.jp/,koho@sakai-h.ibk.ed.jp,,
茨城県,私立,茨城高等学校,水戸市,水戸,https://www.ibaraki-jsh.ed.jp/,,https://www.ibaraki-jsh.ed.jp/contact/,中高一貫
茨城県,私立,常磐大学高等学校,水戸市,水戸,https://high-s.tokiwa.ac.jp/,,https://high-s.tokiwa.ac.jp/contact/,
茨城県,私立,大成女子高等学校,水戸市,水戸,https://www.taisei.ac.jp/tghs/,,https://www.taisei.ac.jp/tghs/contact/,
茨城県,私立,水戸女子高等学校,水戸市,水戸,https://www.mitojoshi.ed.jp/,,https://www.mitojoshi.ed.jp/contact/,
茨城県,私立,水戸啓明高等学校,水戸市,水戸,https://www.mito-keimei.ed.jp/,,https://www.mito-keimei.ed.jp/contact/,
茨城県,私立,水城高等学校,水戸市,水戸,https://www.suijo.ac.jp/,,https://www.suijo.ac.jp/contact/,
茨城県,私立,水戸葵陵高等学校,水戸市,水戸,https://www.kiryo.ac.jp/,,https://www.kiryo.ac.jp/contact/,
茨城県,私立,明秀学園日立高等学校,日立市,県北,https://www.meishu.ac.jp/,,https://www.meishu.ac.jp/contact/,
茨城県,私立,茨城キリスト教学園高等学校,日立市,県北,https://www.icc.ac.jp/ich/,,https://www.icc.ac.jp/edu/policy/contact/index.html,中高一貫
茨城県,私立,清真学園高等学校,鹿嶋市,鹿行,https://www.seishin-web.jp/,,https://www.seishin-web.jp/contact/,中高一貫
茨城県,私立,鹿島学園高等学校,鹿嶋市,鹿行,https://kgh.ed.jp/,,https://kgh.ed.jp/contact/,
茨城県,私立,土浦日本大学高等学校,土浦市,県南,https://www.tng.ac.jp/tsuchiura/,,https://www.tng.ac.jp/tsuchiura/contact/,中高一貫
茨城県,私立,つくば国際大学高等学校,土浦市,県南,https://www.tius.ed.jp/,,https://www.tius.ed.jp/contact/,
茨城県,私立,常総学院高等学校,土浦市,県南,https://joso.ac.jp/high/,,https://joso.ac.jp/high/contact/,中高一貫
茨城県,私立,霞ヶ浦高等学校,稲敷郡阿見町,県南,https://www.kasumi.ed.jp/,,https://www.kasumi.ed.jp/contact/,
茨城県,私立,つくば国際大学東風高等学校,かすみがうら市,県南,https://www.kodachi.ed.jp/,,https://www.kodachi.ed.jp/contact/,
茨城県,私立,愛国学園大学附属龍ケ崎高等学校,龍ケ崎市,県南,https://aikoku-ryugasaki.ed.jp/,,https://aikoku-ryugasaki.ed.jp/contact/,
茨城県,私立,東洋大学附属牛久高等学校,牛久市,県南,https://www.toyo.ac.jp/ushiku/,,https://www.toyo.ac.jp/ushiku/contact/,中高一貫
茨城県,私立,江戸川学園取手高等学校,取手市,県南,https://www2.e-t.ed.jp/,,https://www2.e-t.ed.jp/contact/,中高一貫
茨城県,私立,聖徳大学附属取手聖徳女子高等学校,取手市,県南,https://www.torideseitoku.ed.jp/,,https://www.torideseitoku.ed.jp/contact/,
茨城県,私立,茗溪学園高等学校,つくば市,県南,https://meikei.ac.jp/,,https://meikei.ac.jp/contact/,中高一貫
茨城県,私立,つくば秀英高等学校,つくば市,県南,https://tsukubashuei.com/,,https://tsukubashuei.com/contact/,
茨城県,私立,岩瀬日本大学高等学校,桜川市,県西,https://www.tng.ac.jp/iwase/,,https://www.tng.ac.jp/iwase/contact/,
茨城県,私立,青丘学院つくば高等学校,石岡市,県央,https://www.seikyugakuin.ed.jp/,,https://www.seikyugakuin.ed.jp/contact/,
茨城県,私立,第一学院高等学校（高萩校）,高萩市,県北,https://www.daiichigakuin.ed.jp/,,https://www.daiichigakuin.ed.jp/contact/,通信制
茨城県,私立,S高等学校,つくば市,県南,https://s-high.n-jr.jp/,,https://s-high.n-jr.jp/contact/,通信制・角川ドワンゴ学園
茨城県,私立,日本ウェルネス高等学校（茨城キャンパス）,笠間市,県央,https://www.taiken.ac.jp/kasama/,,https://www.taiken.ac.jp/kasama/contact/,通信制
栃木県,栃木県立,宇都宮高等学校,宇都宮市,宇都宮,https://www.tochigi-edu.ed.jp/utsunomiya/nc3/,utsunomiya@tochigi-edu.ed.jp,,全日制・通信制併設
栃木県,栃木県立,宇都宮東高等学校,宇都宮市,宇都宮,https://www.tochigi-edu.ed.jp/utsunomiyahigashi/nc3/,uhigashi@tochigi-edu.ed.jp,,附属中学校併設
栃木県,栃木県立,宇都宮南高等学校,宇都宮市,宇都宮,https://www.tochigi-edu.ed.jp/utsunomiyaminami/nc3/,unan@tochigi-edu.ed.jp,,
栃木県,栃木県立,宇都宮北高等学校,宇都宮市,宇都宮,https://www.tochigi-edu.ed.jp/utsunomiyakita/nc3/,ukita@tochigi-edu.ed.jp,,
栃木県,栃木県立,宇都宮清陵高等学校,宇都宮市,宇都宮,https://www.tochigi-edu.ed.jp/utsunomiyaseiryo/nc3/,useiryo@tochigi-edu.ed.jp,,
栃木県,栃木県立,宇都宮女子高等学校,宇都宮市,宇都宮,https://www.tochigi-edu.ed.jp/utsunomiyajoshi/nc3/,ujoshi@tochigi-edu.ed.jp,,
栃木県,栃木県立,宇都宮中央高等学校,宇都宮市,宇都宮,https://www.tochigi-edu.ed.jp/utsunomiyachuo/nc3/,u-chuo@tochigi-edu.ed.jp,,旧宇都宮中央女子高等学校から2022年共学化
栃木県,栃木県立,宇都宮白楊高等学校,宇都宮市,宇都宮,https://www.tochigi-edu.ed.jp/utsunomiyahakuyo/nc3/,uhakuyo@tochigi-edu.ed.jp,,農業・工業・商業・家庭科
栃木県,栃木県立,宇都宮工業高等学校,宇都宮市,宇都宮,https://www.tochigi-edu.ed.jp/utsunomiyakogyo/nc3/,ukogyo@tochigi-edu.ed.jp,,
栃木県,栃木県立,宇都宮商業高等学校,宇都宮市,宇都宮,https://www.tochigi-edu.ed.jp/utsunomiyashogyo/nc3/,ushogyo@tochigi-edu.ed.jp,,
栃木県,栃木県立,上三川高等学校,河内郡上三川町,宇都宮,https://www.tochigi-edu.ed.jp/kaminokawa/nc3/,kaminokawa@tochigi-edu.ed.jp,,
栃木県,栃木県立,鹿沼高等学校,鹿沼市,鹿沼・日光,https://www.tochigi-edu.ed.jp/kanuma/nc3/,kanuma@tochigi-edu.ed.jp,,
栃木県,栃木県立,鹿沼東高等学校,鹿沼市,鹿沼・日光,https://www.tochigi-edu.ed.jp/kanumahigashi/nc3/,kanumaeast@tochigi-edu.ed.jp,,
栃木県,栃木県立,鹿沼南高等学校,鹿沼市,鹿沼・日光,https://www.tochigi-edu.ed.jp/kanumaminami/nc3/,kanumaminami@tochigi-edu.ed.jp,,
栃木県,栃木県立,鹿沼商工高等学校,鹿沼市,鹿沼・日光,https://www.tochigi-edu.ed.jp/kanumashoko/nc3/,kanumashoko@tochigi-edu.ed.jp,,
栃木県,栃木県立,今市高等学校,日光市,鹿沼・日光,https://www.tochigi-edu.ed.jp/imaichi/nc3/,imaichi@tochigi-edu.ed.jp,,
栃木県,栃木県立,今市工業高等学校,日光市,鹿沼・日光,https://www.tochigi-edu.ed.jp/imaichikogyo/nc3/,imaichikogyo@tochigi-edu.ed.jp,,
栃木県,栃木県立,日光明峰高等学校,日光市,鹿沼・日光,https://www.tochigi-edu.ed.jp/nikkomeiho/nc3/,nikkomeiho@tochigi-edu.ed.jp,,
栃木県,栃木県立,矢板高等学校,矢板市,県北,https://www.tochigi-edu.ed.jp/yaita/nc3/,yaita@tochigi-edu.ed.jp,,
栃木県,栃木県立,矢板東高等学校,矢板市,県北,https://www.tochigi-edu.ed.jp/yaitahigashi/nc3/,yaitahigashi@tochigi-edu.ed.jp,,附属中学校併設
栃木県,栃木県立,烏山高等学校,那須烏山市,県北,https://www.tochigi-edu.ed.jp/karasuyama/nc3/,karasuyama@tochigi-edu.ed.jp,,
栃木県,栃木県立,馬頭高等学校,那珂川町,県北,https://www.tochigi-edu.ed.jp/bato/nc3/,bato@tochigi-edu.ed.jp,,
栃木県,栃木県立,大田原高等学校,大田原市,県北,https://www.tochigi-edu.ed.jp/otawara/nc3/,otawara@tochigi-edu.ed.jp,,
栃木県,栃木県立,大田原女子高等学校,大田原市,県北,https://www.tochigi-edu.ed.jp/otawarajoshi/nc3/,otawarajoshi@tochigi-edu.ed.jp,,
栃木県,栃木県立,黒羽高等学校,大田原市,県北,https://www.tochigi-edu.ed.jp/kurobane/nc3/,kurobane@tochigi-edu.ed.jp,,
栃木県,栃木県立,那須拓陽高等学校,那須塩原市,県北,https://www.tochigi-edu.ed.jp/nasutakuyo/nc3/,nasutakuyo@tochigi-edu.ed.jp,,
栃木県,栃木県立,那須清峰高等学校,那須塩原市,県北,https://www.tochigi-edu.ed.jp/nasuseiho/nc3/,nasuseiho@tochigi-edu.ed.jp,,
栃木県,栃木県立,那須高等学校,那須郡那須町,県北,https://www.tochigi-edu.ed.jp/nasu/nc3/,nasu@tochigi-edu.ed.jp,,
栃木県,栃木県立,真岡高等学校,真岡市,県東,https://www.tochigi-edu.ed.jp/moka/nc3/,moka@tochigi-edu.ed.jp,,
栃木県,栃木県立,真岡工業高等学校,真岡市,県東,https://www.tochigi-edu.ed.jp/mokakogyo/nc3/,mokakogyo@tochigi-edu.ed.jp,,
栃木県,栃木県立,真岡北陵高等学校,真岡市,県東,https://www.tochigi-edu.ed.jp/mokahokuryo/nc3/,mokahokuryo@tochigi-edu.ed.jp,,
栃木県,栃木県立,益子芳星高等学校,芳賀郡益子町,県東,https://www.tochigi-edu.ed.jp/mashikohosei/nc3/,mashikohosei@tochigi-edu.ed.jp,,
栃木県,栃木県立,茂木高等学校,芳賀郡茂木町,県東,https://www.tochigi-edu.ed.jp/motegi/nc3/,motegi@tochigi-edu.ed.jp,,
栃木県,栃木県立,石橋高等学校,下野市,県南,https://www.tochigi-edu.ed.jp/ishibashi/nc3/,ishibashi@tochigi-edu.ed.jp,,
栃木県,栃木県立,小山高等学校,小山市,県南,https://www.tochigi-edu.ed.jp/oyama/nc3/,oyama@tochigi-edu.ed.jp,,
栃木県,栃木県立,小山南高等学校,小山市,県南,https://www.tochigi-edu.ed.jp/onan/nc3/,onan@tochigi-edu.ed.jp,,
栃木県,栃木県立,小山北桜高等学校,小山市,県南,https://www.tochigi-edu.ed.jp/oyamahokuo/nc3/,oyamahokuo@tochigi-edu.ed.jp,,
栃木県,栃木県立,小山城南高等学校,小山市,県南,https://www.tochigi-edu.ed.jp/oyamajonan/nc3/,oyamajonan@tochigi-edu.ed.jp,,
栃木県,栃木県立,栃木高等学校,栃木市,県南,https://www.tochigi-edu.ed.jp/tochigi/nc3/,tochigi@tochigi-edu.ed.jp,,
栃木県,栃木県立,栃木女子高等学校,栃木市,県南,https://www.tochigi-edu.ed.jp/tochigijoshi/nc3/,tochigijoshi@tochigi-edu.ed.jp,,
栃木県,栃木県立,栃木農業高等学校,栃木市,県南,https://www.tochigi-edu.ed.jp/tochiginogyo/nc3/,tochiginogyo@tochigi-edu.ed.jp,,
栃木県,栃木県立,栃木工業高等学校,栃木市,県南,https://www.tochigi-edu.ed.jp/tochigikogyo/nc3/,tochigikogyo@tochigi-edu.ed.jp,,
栃木県,栃木県立,栃木商業高等学校,栃木市,県南,https://www.tochigi-edu.ed.jp/tochigishogyo/nc3/,tochigishogyo@tochigi-edu.ed.jp,,
栃木県,栃木県立,栃木翔南高等学校,栃木市,県南,https://www.tochigi-edu.ed.jp/tochigishonan/nc3/,tochigishonan@tochigi-edu.ed.jp,,
栃木県,栃木県立,壬生高等学校,下都賀郡壬生町,県南,https://www.tochigi-edu.ed.jp/mibu/nc3/,mibu@tochigi-edu.ed.jp,,
栃木県,栃木県立,学悠館高等学校,栃木市,県南,https://www.tochigi-edu.ed.jp/gakuyukan/nc3/,gakuyukan@tochigi-edu.ed.jp,,定時制・通信制
栃木県,栃木県立,佐野高等学校,佐野市,県南,https://www.tochigi-edu.ed.jp/sano/nc3/,sano@tochigi-edu.ed.jp,,附属中学校併設
栃木県,栃木県立,佐野東高等学校,佐野市,県南,https://www.tochigi-edu.ed.jp/sanohigashi/nc3/,sanohigashi@tochigi-edu.ed.jp,,
栃木県,栃木県立,佐野松桜高等学校,佐野市,県南,https://www.tochigi-edu.ed.jp/sanoshooh/nc3/,sanoshooh@tochigi-edu.ed.jp,,
栃木県,栃木県立,足利高等学校,足利市,県南,https://www.tochigi-edu.ed.jp/ashikaga/nc3/,ashikaga@tochigi-edu.ed.jp,,
栃木県,栃木県立,足利清風高等学校,足利市,県南,https://www.tochigi-edu.ed.jp/ashikagaseifu/nc3/,ashikagaseifu@tochigi-edu.ed.jp,,
栃木県,栃木県立,足利工業高等学校,足利市,県南,https://www.tochigi-edu.ed.jp/ashikagakogyo/nc3/,ashikagakogyo@tochigi-edu.ed.jp,,
栃木県,私立,作新学院高等学校,宇都宮市,宇都宮,https://www.sakushin.ac.jp/highschool/,,https://www.sakushin.ac.jp/info/inquiry/,
栃木県,私立,文星芸術大学附属高等学校,宇都宮市,宇都宮,https://www.bunsei.ed.jp/,info@bunsei-art.ac.jp,,
栃木県,私立,宇都宮短期大学附属高等学校,宇都宮市,宇都宮,https://www.utanf-jh.ed.jp/,,https://www.utanf-jh.ed.jp/inquiry/index2.php,
栃木県,私立,宇都宮文星女子高等学校,宇都宮市,宇都宮,http://www.bunsei-gh.ed.jp/,bunseij@bunsei-gh.ed.jp,,
栃木県,私立,星の杜高等学校,宇都宮市,宇都宮,https://hoshinomori.ed.jp/,,https://hoshinomori.ed.jp/contact/,旧海星女子学院高等学校
栃木県,私立,白鷗大学足利高等学校,足利市,県南,https://hakuoh-h.jp/,,https://hakuoh-h.jp/contact/,
栃木県,私立,足利大学附属高等学校,足利市,県南,https://www.ashitech-h.ed.jp/,,,
栃木県,私立,足利大学附属女子高等学校,足利市,県南,https://www.ashikaga-jc-h.ed.jp/,,,旧足利短期大学附属高等学校（2025年4月改称）
栃木県,私立,青藍泰斗高等学校,佐野市,県南,http://www.seirantaito.ed.jp/,,,
栃木県,私立,佐野日本大学高等学校,佐野市,県南,https://high.sano-nichidai.jp/,,https://high.sano-nichidai.jp/information/contact/,
栃木県,私立,國學院大學栃木高等学校,栃木市,県南,https://kokugakuintochigi.jp/,,https://kokugakuintochigi.jp/contact/,
栃木県,私立,矢板中央高等学校,矢板市,県北,https://yaitachuo-h.ed.jp/,,https://yaitachuo-h.ed.jp/contact/,
栃木県,私立,幸福の科学学園高等学校,那須郡那須町,県北,https://happy-science.ac.jp/,,,全寮制・中高一貫
栃木県,私立,佐野清澄高等学校,佐野市,県南,https://www.sanokiyosumi-h.ed.jp/,,,
群馬県,群馬県立,群馬県立前橋高等学校,前橋市,前橋,https://maebashi-hs.gsn.ed.jp/,maebashi-hs@edu-g.gsn.ed.jp,,
群馬県,群馬県立,群馬県立前橋女子高等学校,前橋市,前橋,https://maejo-hs.gsn.ed.jp/,maejo-hs@edu-g.gsn.ed.jp,,
群馬県,群馬県立,群馬県立前橋東高等学校,前橋市,前橋,https://maehigashi-hs.gsn.ed.jp/,maehigashi-hs@edu-g.gsn.ed.jp,,旧URLはsites.google.com/a/edu-g.gsn.ed.jp/maehigashi-hs/
群馬県,群馬県立,群馬県立前橋南高等学校,前橋市,前橋,https://maenan-hs.gsn.ed.jp/,maenan-hs@edu-g.gsn.ed.jp,,
群馬県,群馬県立,群馬県立前橋西高等学校,前橋市,前橋,https://maenisi-hs.gsn.ed.jp/,maenishi-hs01@edu-g.gsn.ed.jp,,
群馬県,群馬県立,群馬県立前橋工業高等学校,前橋市,前橋,https://maeko-hs.gsn.ed.jp/,maeko-hs@edu-g.gsn.ed.jp,,
群馬県,群馬県立,群馬県立前橋商業高等学校,前橋市,前橋,https://maesho-hs.gsn.ed.jp/,maesho-hs@edu-g.gsn.ed.jp,,
群馬県,群馬県立,群馬県立前橋清陵高等学校,前橋市,前橋,,,,定時制
群馬県,群馬県立,群馬県立勢多農林高等学校,前橋市,前橋,https://setano-hs.gsn.ed.jp/,setano-hs@edu-g.gsn.ed.jp,,
群馬県,群馬県立,群馬県立高崎高等学校,高崎市,高崎,https://takasaki-hs.gsn.ed.jp/,takasaki-hs@edu-g.gsn.ed.jp,,
群馬県,群馬県立,群馬県立高崎女子高等学校,高崎市,高崎,,takajo-hs@edu-g.gsn.ed.jp,,
群馬県,群馬県立,群馬県立高崎北高等学校,高崎市,高崎,https://takakita-hs.gsn.ed.jp/,takakita-hs@edu-g.gsn.ed.jp,,
群馬県,群馬県立,群馬県立高崎東高等学校,高崎市,高崎,http://www.nc.takahi-hs.gsn.ed.jp/,takahi-hs@edu-g.gsn.ed.jp,,
群馬県,群馬県立,群馬県立高崎工業高等学校,高崎市,高崎,https://takako-hs.gsn.ed.jp/,takako-hs@edu-g.gsn.ed.jp,,
群馬県,群馬県立,群馬県立高崎商業高等学校,高崎市,高崎,,takasho-hs@edu-g.gsn.ed.jp,,
群馬県,群馬県立,群馬県立榛名高等学校,高崎市,高崎,https://harukou-hs.gsn.ed.jp/,harukou-hs@edu-g.gsn.ed.jp,,旧榛名町（現高崎市）
群馬県,群馬県立,群馬県立中央中等教育学校,高崎市,高崎,https://chuo-ss.gsn.ed.jp/,chuo-ss@edu-g.gsn.ed.jp,,中等教育学校（中高一貫）
群馬県,群馬県立,群馬県立伊勢崎高等学校,伊勢崎市,東毛,https://isesaki-hs.gsn.ed.jp/,isesaki-hs@edu-g.gsn.ed.jp,,
群馬県,群馬県立,群馬県立伊勢崎清明高等学校,伊勢崎市,東毛,https://seimei-hs.ed.jp/,seimei-hs@edu-g.gsn.ed.jp,https://seimei-hs.ed.jp/contact/,
群馬県,群馬県立,群馬県立伊勢崎興陽高等学校,伊勢崎市,東毛,https://koyo-hs.gsn.ed.jp/,koyo-kyomu@edu-g.gsn.ed.jp,,
群馬県,群馬県立,群馬県立伊勢崎工業高等学校,伊勢崎市,東毛,,isekou-hs@edu-g.gsn.ed.jp,,
群馬県,群馬県立,群馬県立伊勢崎商業高等学校,伊勢崎市,東毛,https://isyo-hs.gsn.ed.jp/,isyo-hs@edu-g.gsn.ed.jp,,
群馬県,群馬県立,群馬県立玉村高等学校,佐波郡玉村町,東毛,https://tamamura-hs.gsn.ed.jp/,tamamura-hs@edu-g.gsn.ed.jp,,
群馬県,群馬県立,群馬県立太田高等学校,太田市,東毛,https://ota-hs.gsn.ed.jp/,ota-hs@edu-g.gsn.ed.jp,,
群馬県,群馬県立,群馬県立太田女子高等学校,太田市,東毛,https://tajyo-hs.gsn.ed.jp/,tajyo-hs@edu-g.gsn.ed.jp,,
群馬県,群馬県立,群馬県立太田東高等学校,太田市,東毛,https://tahigasi-hs.gsn.ed.jp/,tahigasi-hs@edu-g.gsn.ed.jp,,
群馬県,群馬県立,群馬県立太田工業高等学校,太田市,東毛,https://tako-hs.gsn.ed.jp/,tako-hs@edu-g.gsn.ed.jp,,
群馬県,群馬県立,群馬県立太田フレックス高等学校,太田市,東毛,https://otaflex-hs.gsn.ed.jp/,otaflex-hs@edu-g.gsn.ed.jp,,定時制・単位制
群馬県,群馬県立,群馬県立館林高等学校,館林市,東毛,https://tateko-hs.gsn.ed.jp/,tateko-hs@edu-g.gsn.ed.jp,,
群馬県,群馬県立,群馬県立館林女子高等学校,館林市,東毛,https://kanjo.ed.jp/,kanjo-hs@edu-g.gsn.ed.jp,,
群馬県,群馬県立,群馬県立館林商工高等学校,館林市,東毛,,tatesho-hs@edu-g.gsn.ed.jp,,
群馬県,群馬県立,群馬県立板倉高等学校,邑楽郡板倉町,東毛,,itakura-hs@edu-g.gsn.ed.jp,,
群馬県,群馬県立,群馬県立西邑楽高等学校,邑楽郡大泉町,東毛,,nishiora-hs@edu-g.gsn.ed.jp,,
群馬県,群馬県立,群馬県立大泉高等学校,邑楽郡大泉町,東毛,https://oizumi-hs.gsn.ed.jp/,oizumi-master@edu-g.gsn.ed.jp,,
群馬県,群馬県立,群馬県立新田暁高等学校,太田市,東毛,,nitta-hs@edu-g.gsn.ed.jp,,
群馬県,群馬県立,群馬県立桐生高等学校,桐生市,東毛,https://kiryu-hs.gsn.ed.jp/,kiryu-hs@edu-g.gsn.ed.jp,,
群馬県,群馬県立,群馬県立桐生清桴高等学校,桐生市,東毛,,kirikyo-hs@edu-g.gsn.ed.jp,,旧桐生女子高等学校
群馬県,群馬県立,群馬県立桐生工業高等学校,桐生市,東毛,https://kiriko-hs.gsn.ed.jp/,kiriko-hs@edu-g.gsn.ed.jp,,
群馬県,群馬県立,群馬県立大間々高等学校,みどり市,東毛,,omama-hs@edu-g.gsn.ed.jp,,
群馬県,群馬県立,群馬県立渋川高等学校,渋川市,北毛,https://sibukawa-hs.gsn.ed.jp/,sibukawa-hs@edu-g.gsn.ed.jp,,
群馬県,群馬県立,群馬県立渋川女子高等学校,渋川市,北毛,https://sibujyo-hs.gsn.ed.jp/,sibujyo-hs@edu-g.gsn.ed.jp,,
群馬県,群馬県立,群馬県立渋川工業高等学校,渋川市,北毛,,sibukou-hs@edu-g.gsn.ed.jp,,
群馬県,群馬県立,群馬県立渋川青翠高等学校,渋川市,北毛,https://seisui-hs.gsn.ed.jp/,seisui-hs@edu-g.gsn.ed.jp,,
群馬県,群馬県立,群馬県立沼田高等学校,沼田市,北毛,https://numata-hs.ed.jp/,numata-hs@edu-g.gsn.ed.jp,,
群馬県,群馬県立,群馬県立沼田女子高等学校,沼田市,北毛,https://numajyo-hs.gsn.ed.jp/,numajyo-hs@edu-g.gsn.ed.jp,,
群馬県,群馬県立,群馬県立尾瀬高等学校,沼田市,北毛,https://oze-hs.gsn.ed.jp/,oze-hs@edu-g.gsn.ed.jp,,利根町（現沼田市）
群馬県,群馬県立,群馬県立吾妻中央高等学校,吾妻郡中之条町,吾妻,https://agachuo-hs.gsn.ed.jp/,agachuo-hs@edu-g.gsn.ed.jp,,
群馬県,群馬県立,群馬県立長野原高等学校,吾妻郡長野原町,吾妻,https://naganohara-hs.gsn.ed.jp/,naganohara-hs@edu-g.gsn.ed.jp,,
群馬県,群馬県立,群馬県立嬬恋高等学校,吾妻郡嬬恋村,吾妻,https://tsumagoi-hs.gsn.ed.jp/,tsumagoi-hs@edu-g.gsn.ed.jp,,
群馬県,群馬県立,群馬県立藤岡中央高等学校,藤岡市,高崎,https://ftyuou-hs.gsn.ed.jp/,fujityu-hs@edu-g.gsn.ed.jp,,
群馬県,群馬県立,群馬県立藤岡北高等学校,藤岡市,高崎,https://fujikita-hs.gsn.ed.jp/,fujikita-hs@edu-g.gsn.ed.jp,,
群馬県,群馬県立,群馬県立藤岡工業高等学校,藤岡市,高崎,https://fujikou-hs.gsn.ed.jp/,fujikou-hs@edu-g.gsn.ed.jp,,
群馬県,群馬県立,群馬県立富岡高等学校,富岡市,高崎,,tomioka-hs@edu-g.gsn.ed.jp,,
群馬県,群馬県立,群馬県立富岡実業高等学校,富岡市,高崎,,tomijitu-hs@edu-g.gsn.ed.jp,,
群馬県,群馬県立,群馬県立甘楽農業高等学校,甘楽郡甘楽町,高崎,,kanra-hs@edu-g.gsn.ed.jp,,
群馬県,群馬県立,群馬県立安中総合学園高等学校,安中市,高崎,https://annakasogo-hs.gsn.ed.jp/,annakasogo-hs@edu-g.gsn.ed.jp,,
群馬県,市区町村立,前橋市立前橋高等学校,前橋市,前橋,https://ichimae.ed.jp/,,,
群馬県,市区町村立,高崎市立高崎経済大学附属高等学校,高崎市,高崎,https://tcue-h.edumap.jp/,takakeifuzoku-k@city.takasaki.gunma.jp,,
群馬県,市区町村立,桐生市立商業高等学校,桐生市,東毛,https://kirisyo.edumap.jp/,,,
群馬県,市区町村立,太田市立太田高等学校,太田市,東毛,https://www.otacity-hs.com/,,,
群馬県,私立,前橋育英高等学校,前橋市,前橋,https://www.maebashiikuei-h.ed.jp/,office@maebashiikuei-h.ed.jp,https://www.maebashiikuei-h.ed.jp/inquiry.php,
群馬県,私立,共愛学園高等学校,前橋市,前橋,https://hs.kyoai.ac.jp/,,,
群馬県,私立,東京農業大学第二高等学校,高崎市,高崎,https://www.nodai-2-h.ed.jp/,,https://www.nodai-2-h.ed.jp/inquiry/,
群馬県,私立,高崎健康福祉大学高崎高等学校,高崎市,高崎,https://www.tuhw-h.ed.jp/,,https://www.tuhw-h.ed.jp/inquiry/,
群馬県,私立,高崎商科大学附属高等学校,高崎市,高崎,https://www.tuc-hs.ed.jp/,shodaifu@tuc-hs.ed.jp,https://www.tuc-hs.ed.jp/inquiry/,
群馬県,私立,明和県央高等学校,高崎市,高崎,https://www.meiwakenoh.ed.jp/,,https://www.meiwakenoh.ed.jp/contact/,高崎市金古町
群馬県,私立,桐生第一高等学校,桐生市,東毛,https://www.kiriichi.ac.jp/,,https://www.kiriichi.ac.jp/contact/,
群馬県,私立,樹徳高等学校,桐生市,東毛,https://www.jutoku.ed.jp/high/,,https://www.jutoku.ed.jp/contact,
群馬県,私立,関東学園大学附属高等学校,館林市,東毛,https://www.kanto-gakuen.ac.jp/high/,ofkikaku@kanto-gakuen.ac.jp,,
群馬県,私立,白根開善学校,吾妻郡中之条町,吾妻,https://shirane.ac.jp/,,,中等部・高等部一体の私立学校
群馬県,その他,利根沼田学校組合立利根商業高等学校,利根郡みなかみ町,北毛,https://www.tonesho.ed.jp/,office@tonesho.ed.jp,,沼田市・利根郡の学校組合立
埼玉県,埼玉県立,埼玉県立浦和高等学校,さいたま市浦和区,さいたま,https://urawa-h.spec.ed.jp/,,,男子校・全日制
埼玉県,埼玉県立,埼玉県立浦和第一女子高等学校,さいたま市浦和区,さいたま,https://urawa1jo-h.spec.ed.jp/,,,女子校・全日制
埼玉県,埼玉県立,埼玉県立浦和西高等学校,さいたま市浦和区,さいたま,https://urawanishi-h.spec.ed.jp/,,,全日制
埼玉県,埼玉県立,埼玉県立浦和北高等学校,さいたま市北区,さいたま,https://urawakita-h.spec.ed.jp/,,,全日制
埼玉県,埼玉県立,埼玉県立浦和南高等学校,さいたま市南区,さいたま,https://urawaminami-h.spec.ed.jp/,,,全日制
埼玉県,埼玉県立,埼玉県立浦和商業高等学校,さいたま市浦和区,さいたま,https://urawa-ch.spec.ed.jp/,,,全日制・商業科
埼玉県,埼玉県立,埼玉県立浦和工業高等学校,さいたま市南区,さいたま,https://urawa-th.spec.ed.jp/,,,全日制・工業科
埼玉県,埼玉県立,埼玉県立大宮高等学校,さいたま市大宮区,さいたま,https://ohmiya-h.spec.ed.jp/,,,全日制
埼玉県,埼玉県立,埼玉県立大宮東高等学校,さいたま市見沼区,さいたま,https://oh-h.spec.ed.jp/,,,全日制
埼玉県,埼玉県立,埼玉県立大宮南高等学校,さいたま市南区,さいたま,https://ohmiyaminami-h.spec.ed.jp/,,,全日制
埼玉県,埼玉県立,埼玉県立大宮北高等学校,さいたま市見沼区,さいたま,https://ohmiyakita-h.spec.ed.jp/,,,全日制
埼玉県,埼玉県立,埼玉県立大宮中央高等学校,さいたま市大宮区,さいたま,https://ohmiyachuo-h.spec.ed.jp/,,,全日制
埼玉県,埼玉県立,埼玉県立大宮光陵高等学校,さいたま市北区,さいたま,https://ohmiyakouryo-h.spec.ed.jp/,,,全日制
埼玉県,埼玉県立,埼玉県立岩槻高等学校,さいたま市岩槻区,さいたま,https://iwatsuki-h.spec.ed.jp/,,,全日制・2026年新校
埼玉県,埼玉県立,埼玉県立岩槻商業高等学校,さいたま市岩槻区,さいたま,https://iwatsuki-ch.spec.ed.jp/,,,全日制・商業科
埼玉県,埼玉県立,埼玉県立与野高等学校,さいたま市中央区,さいたま,https://yono-h.spec.ed.jp/,,,全日制
埼玉県,埼玉県立,埼玉県立常盤高等学校,さいたま市北区,さいたま,https://tokiwa-h.spec.ed.jp/,,,全日制
埼玉県,埼玉県立,埼玉県立いずみ高等学校,さいたま市緑区,さいたま,https://izumi-h.spec.ed.jp/,,,単位制・全日制
埼玉県,埼玉県立,埼玉県立川口高等学校,川口市,県南,https://kawaguchi-h.spec.ed.jp/,,,全日制
埼玉県,埼玉県立,埼玉県立川口北高等学校,川口市,県南,https://kawaguchikita-h.spec.ed.jp/,,,全日制
埼玉県,埼玉県立,埼玉県立川口東高等学校,川口市,県南,https://kawaguchihigashi-h.spec.ed.jp/,,,全日制
埼玉県,埼玉県立,埼玉県立川口青陵高等学校,川口市,県南,https://kawaguchiseiryo-h.spec.ed.jp/,,,全日制
埼玉県,埼玉県立,埼玉県立川口工業高等学校,川口市,県南,https://kawaguchi-th.spec.ed.jp/,,,全日制・工業科
埼玉県,埼玉県立,埼玉県立蕨高等学校,蕨市,県南,https://warabi-h.spec.ed.jp/,,,全日制
埼玉県,埼玉県立,埼玉県立草加高等学校,草加市,県南,https://soka-h.spec.ed.jp/,,,全日制
埼玉県,埼玉県立,埼玉県立草加南高等学校,草加市,県南,https://sokaminami-h.spec.ed.jp/,,,全日制
埼玉県,埼玉県立,埼玉県立草加西高等学校,草加市,県南,https://sokanishi-h.spec.ed.jp/,,,全日制
埼玉県,埼玉県立,埼玉県立草加東高等学校,草加市,県南,https://sokahigashi-h.spec.ed.jp/,,,全日制
埼玉県,埼玉県立,埼玉県立越谷高等学校,越谷市,県南,https://koshigaya-h.spec.ed.jp/,,,全日制
埼玉県,埼玉県立,埼玉県立越谷北高等学校,越谷市,県南,https://koshigayakita-h.spec.ed.jp/,,,全日制
埼玉県,埼玉県立,埼玉県立越谷南高等学校,越谷市,県南,https://koshigayaminami-h.spec.ed.jp/,,,全日制
埼玉県,埼玉県立,埼玉県立越谷西高等学校,越谷市,県南,https://koshigayanishi-h.spec.ed.jp/,,,全日制
埼玉県,埼玉県立,埼玉県立越谷東高等学校,越谷市,県南,https://koshigayahigashi-h.spec.ed.jp/,,,全日制
埼玉県,埼玉県立,埼玉県立越谷総合技術高等学校,越谷市,県南,https://koshigayasogo-h.spec.ed.jp/,,,全日制・専門学科
埼玉県,埼玉県立,埼玉県立三郷高等学校,三郷市,県東,https://misato-h.spec.ed.jp/,,,全日制
埼玉県,埼玉県立,埼玉県立三郷北高等学校,三郷市,県東,https://misatokita-h.spec.ed.jp/,,,全日制
埼玉県,埼玉県立,埼玉県立吉川美南高等学校,吉川市,県東,https://yoshikawaminami-h.spec.ed.jp/,,,全日制
埼玉県,埼玉県立,埼玉県立松伏高等学校,北葛飾郡松伏町,県東,https://matsubushi-h.spec.ed.jp/,,,全日制
埼玉県,埼玉県立,埼玉県立春日部高等学校,春日部市,県東,https://kasukabe-h.spec.ed.jp/,,,男子校・全日制
埼玉県,埼玉県立,埼玉県立春日部女子高等学校,春日部市,県東,https://kasukabejoshi-h.spec.ed.jp/,,,女子校・全日制
埼玉県,埼玉県立,埼玉県立春日部東高等学校,春日部市,県東,https://kasukabehigashi-h.spec.ed.jp/,,,全日制
埼玉県,埼玉県立,埼玉県立春日部工業高等学校,春日部市,県東,https://kasukabe-th.spec.ed.jp/,,,全日制・工業科
埼玉県,埼玉県立,埼玉県立庄和高等学校,春日部市,県東,https://showa-h.spec.ed.jp/,,,全日制
埼玉県,埼玉県立,埼玉県立杉戸高等学校,北葛飾郡杉戸町,県東,https://sugito-h.spec.ed.jp/,,,全日制
埼玉県,埼玉県立,埼玉県立宮代高等学校,南埼玉郡宮代町,県東,https://miyashiro-h.spec.ed.jp/,,,全日制
埼玉県,埼玉県立,埼玉県立幸手高等学校,幸手市,県東,https://satte-h.spec.ed.jp/,,,全日制
埼玉県,埼玉県立,埼玉県立久喜高等学校,久喜市,県東,https://kuki-h.spec.ed.jp/,,,全日制
埼玉県,埼玉県立,埼玉県立久喜北陽高等学校,久喜市,県東,https://kukinoyo-h.spec.ed.jp/,,,全日制
埼玉県,埼玉県立,埼玉県立鷲宮高等学校,久喜市,県東,https://washimiya-h.spec.ed.jp/,,,全日制
埼玉県,埼玉県立,埼玉県立栗橋北彩高等学校,久喜市,県東,https://kuribashi-h.spec.ed.jp/,,,全日制
埼玉県,埼玉県立,埼玉県立白岡高等学校,白岡市,県東,https://shiraoka-h.spec.ed.jp/,,,全日制
埼玉県,埼玉県立,埼玉県立蓮田松韻高等学校,蓮田市,さいたま,https://hasuda-h.spec.ed.jp/,,,全日制
埼玉県,埼玉県立,埼玉県立伊奈学園総合高等学校,北足立郡伊奈町,さいたま,https://inagakuen.spec.ed.jp/hs/,,,全日制・総合学科
埼玉県,埼玉県立,埼玉県立上尾高等学校,上尾市,さいたま,https://ageo-h.spec.ed.jp/,,,全日制
埼玉県,埼玉県立,埼玉県立上尾鷹の台高等学校,上尾市,さいたま,https://takanodai-h.spec.ed.jp/,,,全日制
埼玉県,埼玉県立,埼玉県立上尾南高等学校,上尾市,さいたま,https://ageominami-h.spec.ed.jp/,,,全日制
埼玉県,埼玉県立,埼玉県立上尾橘高等学校,上尾市,さいたま,https://ageo-tachibana-h.spec.ed.jp/,,,全日制
埼玉県,埼玉県立,埼玉県立桶川高等学校,桶川市,さいたま,https://okegawa-h.spec.ed.jp/,,,全日制
埼玉県,埼玉県立,埼玉県立桶川西高等学校,桶川市,さいたま,https://okegawanishi-h.spec.ed.jp/,,,全日制
埼玉県,埼玉県立,埼玉県立北本高等学校,北本市,さいたま,https://kitamoto-h.spec.ed.jp/,,,全日制
埼玉県,埼玉県立,埼玉県立鴻巣高等学校,鴻巣市,さいたま,https://kounosu-h.spec.ed.jp/,,,全日制
埼玉県,埼玉県立,埼玉県立鴻巣女子高等学校,鴻巣市,さいたま,https://kounosujoshi-h.spec.ed.jp/,,,女子校・全日制
埼玉県,埼玉県立,埼玉県立川越高等学校,川越市,県西,https://kawagoe-h.spec.ed.jp/,,,男子校・全日制
埼玉県,埼玉県立,埼玉県立川越女子高等学校,川越市,県西,https://kawagoejoshi-h.spec.ed.jp/,,,女子校・全日制
埼玉県,埼玉県立,埼玉県立川越南高等学校,川越市,県西,https://kawagoeminami-h.spec.ed.jp/,,,全日制
埼玉県,埼玉県立,埼玉県立川越西高等学校,川越市,県西,https://kawagoenishi-h.spec.ed.jp/,,,全日制
埼玉県,埼玉県立,埼玉県立川越総合高等学校,川越市,県西,https://kawagoesogo-h.spec.ed.jp/,,,全日制・総合学科
埼玉県,埼玉県立,埼玉県立川越工業高等学校,川越市,県西,https://kawagoe-th.spec.ed.jp/,,,全日制・工業科
埼玉県,埼玉県立,埼玉県立所沢高等学校,所沢市,県西,https://tokorozawa-h.spec.ed.jp/,,,全日制
埼玉県,埼玉県立,埼玉県立所沢北高等学校,所沢市,県西,https://tokorozawakita-h.spec.ed.jp/,,,全日制
埼玉県,埼玉県立,埼玉県立所沢西高等学校,所沢市,県西,https://tokorozawanishi-h.spec.ed.jp/,,,全日制
埼玉県,埼玉県立,埼玉県立所沢中央高等学校,所沢市,県西,https://tokorozawachuo-h.spec.ed.jp/,,,全日制
埼玉県,埼玉県立,埼玉県立芸術総合高等学校,所沢市,県西,https://geisogo-h.spec.ed.jp/,,,全日制・芸術科
埼玉県,埼玉県立,埼玉県立飯能高等学校,飯能市,県西,https://hanno-h.spec.ed.jp/,,,全日制
埼玉県,埼玉県立,埼玉県立飯能南高等学校,飯能市,県西,https://hannominami-h.spec.ed.jp/,,,全日制
埼玉県,埼玉県立,埼玉県立入間向陽高等学校,入間市,県西,https://irumako-h.spec.ed.jp/,,,全日制
埼玉県,埼玉県立,埼玉県立狭山高等学校,狭山市,県西,https://sayama-h.spec.ed.jp/,,,全日制
埼玉県,埼玉県立,埼玉県立狭山経済高等学校,狭山市,県西,https://sayamaeco-h.spec.ed.jp/,,,全日制・商業・農業科
埼玉県,埼玉県立,埼玉県立狭山清陵高等学校,狭山市,県西,https://sayamaseiryo-h.spec.ed.jp/,,,全日制
埼玉県,埼玉県立,埼玉県立日高高等学校,日高市,県西,https://hidaka-h.spec.ed.jp/,,,全日制
埼玉県,埼玉県立,埼玉県立坂戸高等学校,坂戸市,県西,https://sakado-h.spec.ed.jp/,,,全日制
埼玉県,埼玉県立,埼玉県立坂戸西高等学校,坂戸市,県西,https://sakadonishi-h.spec.ed.jp/,,,全日制
埼玉県,埼玉県立,埼玉県立鶴ヶ島清風高等学校,鶴ヶ島市,県西,https://tsurugashimaseifu-h.spec.ed.jp/,,,全日制
埼玉県,埼玉県立,埼玉県立ふじみ野高等学校,富士見市,県西,https://fujimino-h.spec.ed.jp/,,,全日制
埼玉県,埼玉県立,埼玉県立富士見高等学校,富士見市,県西,https://fujimi-h.spec.ed.jp/,,,全日制
埼玉県,埼玉県立,埼玉県立朝霞高等学校,朝霞市,さいたま,https://asaka-h.spec.ed.jp/,,,全日制
埼玉県,埼玉県立,埼玉県立朝霞西高等学校,朝霞市,さいたま,https://asakanishi-h.spec.ed.jp/,,,全日制
埼玉県,埼玉県立,埼玉県立志木高等学校,志木市,さいたま,https://shiki-h.spec.ed.jp/,,,全日制
埼玉県,埼玉県立,埼玉県立和光国際高等学校,和光市,さいたま,https://wakokusai-h.spec.ed.jp/,,,全日制・国際科（2026年度募集停止）
埼玉県,埼玉県立,埼玉県立新座高等学校,新座市,さいたま,https://niiza-h.spec.ed.jp/,,,全日制
埼玉県,埼玉県立,埼玉県立新座総合技術高等学校,新座市,さいたま,https://niizasogo-h.spec.ed.jp/,,,全日制・専門学科
埼玉県,埼玉県立,埼玉県立熊谷高等学校,熊谷市,県北,https://kumagaya-h.spec.ed.jp/,,,男子校・全日制
埼玉県,埼玉県立,埼玉県立熊谷女子高等学校,熊谷市,県北,https://kumagayajoshi-h.spec.ed.jp/,,,女子校・全日制
埼玉県,埼玉県立,埼玉県立熊谷西高等学校,熊谷市,県北,https://kumanishi-h.spec.ed.jp/,,,全日制
埼玉県,埼玉県立,埼玉県立熊谷農業高等学校,熊谷市,県北,https://kumagayanogyo-h.spec.ed.jp/,,,全日制・農業科
埼玉県,埼玉県立,埼玉県立熊谷工業高等学校,熊谷市,県北,https://kumagaya-th.spec.ed.jp/,,,全日制・工業科
埼玉県,埼玉県立,埼玉県立深谷高等学校,深谷市,県北,https://fukaya-h.spec.ed.jp/,,,全日制
埼玉県,埼玉県立,埼玉県立深谷第一高等学校,深谷市,県北,https://fukaya1-h.spec.ed.jp/,,,全日制
埼玉県,埼玉県立,埼玉県立深谷商業高等学校,深谷市,県北,https://fukayashogyo-h.spec.ed.jp/,,,全日制・商業科
埼玉県,埼玉県立,埼玉県立本庄高等学校,本庄市,県北,https://honjo-h.spec.ed.jp/,,,全日制
埼玉県,埼玉県立,埼玉県立本庄東高等学校,本庄市,県北,https://hojohigashi-h.spec.ed.jp/,,,全日制
埼玉県,埼玉県立,埼玉県立児玉高等学校,本庄市,県北,https://kodama-h.spec.ed.jp/,,,全日制
埼玉県,埼玉県立,埼玉県立児玉白楊高等学校,本庄市,県北,https://kodamahakoyo-h.spec.ed.jp/,,,全日制・農業・工業科
埼玉県,埼玉県立,埼玉県立行田総合高等学校,行田市,県北,https://gyodasogo-h.spec.ed.jp/,,,全日制・総合学科
埼玉県,埼玉県立,埼玉県立羽生高等学校,羽生市,北部,https://hanyu-h.spec.ed.jp/,,,全日制
埼玉県,埼玉県立,埼玉県立羽生実業高等学校,羽生市,北部,https://hanyu-jitsugyo-h.spec.ed.jp/,,,全日制・農業・工業科
埼玉県,埼玉県立,埼玉県立加須高等学校,加須市,北部,https://kazo-h.spec.ed.jp/,,,全日制
埼玉県,埼玉県立,埼玉県立大輝高等学校,加須市,北部,https://daiki-h.spec.ed.jp/,,,全日制
埼玉県,埼玉県立,埼玉県立不動岡高等学校,加須市,北部,https://fudooka-h.spec.ed.jp/,,,全日制
埼玉県,埼玉県立,埼玉県立騎西高等学校,加須市,北部,https://kisai-h.spec.ed.jp/,,,全日制
埼玉県,埼玉県立,埼玉県立久喜工業高等学校,久喜市,県東,https://kuki-th.spec.ed.jp/,,,全日制・工業科
埼玉県,埼玉県立,埼玉県立東松山高等学校,東松山市,県西,https://higashimatsuyama-h.spec.ed.jp/,,,全日制
埼玉県,埼玉県立,埼玉県立松山高等学校,東松山市,県西,https://matsuyama-h.spec.ed.jp/,,,男子校・全日制
埼玉県,埼玉県立,埼玉県立松山女子高等学校,東松山市,県西,https://matsuyamajoshi-h.spec.ed.jp/,,,女子校・全日制
埼玉県,埼玉県立,埼玉県立吉見高等学校,比企郡吉見町,県西,https://yoshimi-h.spec.ed.jp/,,,全日制
埼玉県,埼玉県立,埼玉県立嵐山高等学校,比企郡嵐山町,県西,https://ranzan-h.spec.ed.jp/,,,全日制
埼玉県,埼玉県立,埼玉県立滑川総合高等学校,比企郡滑川町,県西,https://namegawa-h.spec.ed.jp/,,,全日制・総合学科
埼玉県,埼玉県立,埼玉県立越生高等学校,入間郡越生町,県西,https://ogose-h.spec.ed.jp/,,,全日制
埼玉県,埼玉県立,埼玉県立毛呂山高等学校,入間郡毛呂山町,県西,https://moroyama-h.spec.ed.jp/,,,全日制
埼玉県,埼玉県立,埼玉県立鳩山高等学校,比企郡鳩山町,県西,https://hatoyama-h.spec.ed.jp/,,,全日制
埼玉県,埼玉県立,埼玉県立秩父高等学校,秩父市,秩父,https://chichibu-h.spec.ed.jp/,,,全日制
埼玉県,埼玉県立,埼玉県立秩父農工科学高等学校,秩父市,秩父,https://chichibunoko-h.spec.ed.jp/,,,全日制・農業・工業科
埼玉県,埼玉県立,埼玉県立小鹿野高等学校,秩父郡小鹿野町,秩父,https://ogano-h.spec.ed.jp/,,,全日制
埼玉県,埼玉県立,埼玉県立長瀞高等学校,秩父郡長瀞町,秩父,https://nagatoro-h.spec.ed.jp/,,,全日制
埼玉県,埼玉県立,埼玉県立皆野高等学校,秩父郡皆野町,秩父,https://minano-h.spec.ed.jp/,,,全日制
埼玉県,埼玉県立,埼玉県立戸田高等学校,戸田市,さいたま,https://toda-h.spec.ed.jp/,,,全日制
埼玉県,埼玉県立,埼玉県立戸田翔陽高等学校,戸田市,さいたま,https://todashoyo-h.spec.ed.jp/,,,全日制
埼玉県,さいたま市立,さいたま市立浦和高等学校,さいたま市浦和区,さいたま,https://www.urawashi-h.city-saitama.ed.jp/,,,全日制
埼玉県,さいたま市立,さいたま市立大宮北高等学校,さいたま市北区,さいたま,https://www.ohmiyakita-h.ed.jp/,,,全日制
埼玉県,川口市立,川口市立高等学校,川口市,県南,https://kawaguchicity-hs.ed.jp/,,,全日制（2018年統合新設）
埼玉県,川越市立,川越市立川越高等学校,川越市,県西,https://www.city.kawagoe.saitama.jp/kosodate/shugaku/1005846/index.html,,,全日制
埼玉県,私立,開智高等学校,さいたま市岩槻区,さいたま,https://www.kaichigakuen.ed.jp/kaichi/,,,全日制
埼玉県,私立,栄東高等学校,さいたま市見沼区,さいたま,https://www.sakaehigashi.ed.jp/,,,全日制
埼玉県,私立,埼玉栄高等学校,さいたま市西区,さいたま,https://www.saitamasakae-h.ed.jp/,,,全日制
埼玉県,私立,浦和学院高等学校,さいたま市緑区,さいたま,https://www.urawagakuin.ed.jp/,,,全日制
埼玉県,私立,浦和実業学園高等学校,さいたま市南区,さいたま,https://www.urajitsu.ed.jp/,,,全日制
埼玉県,私立,大宮開成高等学校,さいたま市大宮区,さいたま,https://www.omiyakaisei.jp/,,,全日制
埼玉県,私立,小松原高等学校,さいたま市北区,さいたま,https://www.komatsubara.ed.jp/,,,女子校・全日制
埼玉県,私立,小松原女子高等学校,さいたま市北区,さいたま,https://www.komatsubarajoshi.ed.jp/,,,女子校・全日制
埼玉県,私立,浦和ルーテル学院高等学校,さいたま市緑区,さいたま,https://www.uls.ed.jp/,,,全日制
埼玉県,私立,武南高等学校,川口市,県南,https://www.bunan.ed.jp/,,,全日制
埼玉県,私立,獨協埼玉高等学校,越谷市,県南,https://www.dokkyo-saitama.ed.jp/,,,全日制
埼玉県,私立,西武学園文理高等学校,狭山市,県西,https://www.bunri-s.ed.jp/,,,全日制
埼玉県,私立,西武台高等学校,入間郡三芳町,さいたま,https://www.seibudai-h.ed.jp/,,,全日制
埼玉県,私立,細田学園高等学校,新座市,さいたま,https://www.hosoda.ed.jp/,,,全日制
埼玉県,私立,秋草学園高等学校,所沢市,県西,https://www.akikusa.ac.jp/,,,女子校・全日制
埼玉県,私立,狭山ヶ丘高等学校,入間市,県西,https://www.sayamagaoka-h.ed.jp/,,,全日制
埼玉県,私立,自由の森学園高等学校,飯能市,県西,https://www.jiyunomori.ac.jp/,,,全日制
埼玉県,私立,聖望学園高等学校,飯能市,県西,https://www.seibou.ac.jp/,,,全日制
埼玉県,私立,武蔵野音楽大学附属高等学校,入間市,県西,https://www.musashino-music.ac.jp/,,,全日制・音楽科
埼玉県,私立,埼玉平成高等学校,入間郡毛呂山町,県西,https://www.saitama-heisei.ed.jp/,,,全日制
埼玉県,私立,武蔵越生高等学校,入間郡越生町,県西,https://www.musashi-ogose.ed.jp/,,,全日制
埼玉県,私立,城西大学付属川越高等学校,川越市,県西,https://www.josai.ed.jp/jhs/,,,男子校・全日制
埼玉県,私立,星野高等学校,坂戸市,県西,https://www.hoshino.ac.jp/,,,女子校・全日制（共学コースあり）
埼玉県,私立,山村学園高等学校,川越市,県西,https://www.yamamura.ed.jp/,,,全日制
埼玉県,私立,山村国際高等学校,川越市,県西,https://www.yamamura-kokusai.ed.jp/,,,全日制
埼玉県,私立,川越東高等学校,川越市,県西,https://www.kawagoehigashi.ed.jp/,,,男子校・全日制
埼玉県,私立,東京農業大学第三高等学校,東松山市,県西,https://www.nodai-3-h.ed.jp/,,,全日制
埼玉県,私立,大妻嵐山高等学校,比企郡嵐山町,県西,https://www.otsuma-ranzan.ed.jp/,,,女子校・全日制
埼玉県,私立,花咲徳栄高等学校,加須市,北部,https://www.hanasaki.ed.jp/,,,全日制
埼玉県,私立,開智未来高等学校,加須市,北部,https://mirai.kaichigakuen.ed.jp/,,,全日制
埼玉県,私立,春日部共栄高等学校,春日部市,県東,https://www.k-kyoei.ed.jp/,,,全日制
埼玉県,私立,昌平高等学校,北葛飾郡杉戸町,県東,https://www.shohei.sugito.saitama.jp/,,,全日制
埼玉県,私立,国際学院高等学校,北足立郡伊奈町,さいたま,https://www.kgef.ac.jp/kgia/,,,全日制
埼玉県,私立,栄北高等学校,北足立郡伊奈町,さいたま,https://www.eikita.ed.jp/,,,全日制
埼玉県,私立,正智深谷高等学校,深谷市,県北,https://www.shochi-fukaya.ed.jp/,,,全日制
埼玉県,私立,本庄東高等学校,本庄市,県北,https://www.hojohigashi.ed.jp/,,,全日制
埼玉県,私立,早稲田大学本庄高等学院,本庄市,県北,https://www.waseda.jp/school/honjo/,,,男子校・全日制
埼玉県,私立,東京成徳大学深谷高等学校,深谷市,県北,https://www.tokyoseitoku.jp/fukaya/,,,全日制
埼玉県,埼玉県立,埼玉県立八潮高等学校,八潮市,県南,https://yashio-h.spec.ed.jp/,,,全日制（2026年八潮フロンティア高校に統合）
埼玉県,埼玉県立,埼玉県立八潮南高等学校,八潮市,県南,https://yashiominami-h.spec.ed.jp/,,,全日制（2026年八潮フロンティア高校に統合）
埼玉県,埼玉県立,埼玉県立南陽高等学校,さいたま市岩槻区,さいたま,https://nanyo-h.spec.ed.jp/,,,全日制
埼玉県,私立,浦和明の星女子高等学校,さいたま市緑区,さいたま,https://www.urawa-akenohoshi.ed.jp/,,,女子校・全日制
埼玉県,私立,浦和麗明高等学校,さいたま市浦和区,さいたま,https://www.urawa-reimei.ed.jp/,,,女子校・全日制
埼玉県,私立,東野高等学校,さいたま市北区,さいたま,https://www.higashino.ed.jp/,,,全日制
埼玉県,私立,武蔵野高等学校,さいたま市中央区,さいたま,https://www.musashino-h.ed.jp/,,,全日制
千葉県,千葉県立,千葉高等学校,千葉市中央区,千葉,https://cms1.chiba-c.ed.jp/chiba-h/,,https://cms1.chiba-c.ed.jp/chiba-h/home-1/schoolcontact/,
千葉県,千葉県立,千葉東高等学校,千葉市緑区,千葉,https://cms1.chiba-c.ed.jp/chibahigashi-h/,,,
千葉県,千葉県立,千葉北高等学校,千葉市花見川区,千葉,https://www.chiba-c.ed.jp/chibakita-h/,,,
千葉県,千葉県立,千葉西高等学校,千葉市美浜区,千葉,https://cms1.chiba-c.ed.jp/chibanishi-h/,,,
千葉県,千葉県立,千葉南高等学校,千葉市緑区,千葉,https://cms1.chiba-c.ed.jp/chibaminami-h/,,https://cms1.chiba-c.ed.jp/chibaminami-h/fff5edcba17a63556843818f314e7cad/schoolcontact,
千葉県,千葉県立,千葉女子高等学校,千葉市稲毛区,千葉,https://cms1.chiba-c.ed.jp/chibajosei-h/,,,
千葉県,千葉県立,千葉工業高等学校,千葉市中央区,千葉,https://cms1.chiba-c.ed.jp/chiba-th/,,,
千葉県,千葉県立,京葉工業高等学校,千葉市稲毛区,千葉,https://cms1.chiba-c.ed.jp/keiyo-th/,,,
千葉県,千葉県立,千葉商業高等学校,千葉市中央区,千葉,https://cms1.chiba-c.ed.jp/chibasho-h/,,,
千葉県,千葉県立,生浜高等学校,千葉市中央区,千葉,https://cms1.chiba-c.ed.jp/oihama-h/,,,
千葉県,千葉県立,幕張総合高等学校,千葉市花見川区,千葉,https://cms1.chiba-c.ed.jp/makuharisogo-h/,,,
千葉県,千葉県立,磯辺高等学校,千葉市美浜区,千葉,https://cms1.chiba-c.ed.jp/isobe-h/,,,
千葉県,千葉県立,検見川高等学校,千葉市花見川区,千葉,https://cms1.chiba-c.ed.jp/kemigawa-h/,,,
千葉県,千葉県立,千城台高等学校,千葉市若葉区,千葉,https://cms1.chiba-c.ed.jp/chishirodai-h/,,,
千葉県,千葉県立,千葉大宮高等学校,千葉市若葉区,千葉,https://cms1.chiba-c.ed.jp/omiya-h/,,,
千葉県,千葉県立,若松高等学校,千葉市若葉区,千葉,https://cms1.chiba-c.ed.jp/wakamatsu-h/,,,
千葉県,千葉県立,土気高等学校,千葉市緑区,千葉,https://cms1.chiba-c.ed.jp/toke-h/,,,
千葉県,千葉県立,柏井高等学校,千葉市花見川区,千葉,https://cms1.chiba-c.ed.jp/kashiwai-h/,,,
千葉県,千葉県立,犢橋高等学校,千葉市花見川区,千葉,https://cms1.chiba-c.ed.jp/kotehashi-h/,,,
千葉県,千葉県立,泉高等学校,千葉市緑区,千葉,https://cms1.chiba-c.ed.jp/izumi-h/,,,
千葉県,千葉市立,千葉高等学校,千葉市稲毛区,千葉,http://www.ich.ed.jp/,,http://www.ich.ed.jp/contact.html,
千葉県,千葉市立,稲毛高等学校,千葉市美浜区,千葉,https://www.city.chiba.jp/school/hs/001/index.html,,,千葉市立稲毛高等学校・稲毛国際中等教育学校
千葉県,私立,渋谷教育学園幕張高等学校,千葉市美浜区,千葉,https://www.shibumaku.jp/,,,
千葉県,私立,昭和学院秀英高等学校,千葉市美浜区,千葉,https://www.showa-shuei.ed.jp/,,,
千葉県,私立,敬愛学園高等学校,千葉市稲毛区,千葉,https://www.keiai.ed.jp/,,,
千葉県,私立,千葉経済大学附属高等学校,千葉市稲毛区,千葉,https://www.chibakeidai.ed.jp/highschool/,,,
千葉県,私立,千葉明徳高等学校,千葉市若葉区,千葉,https://www.chiba-meitoku.ed.jp/,,,
千葉県,私立,千葉聖心高等学校,千葉市稲毛区,千葉,https://www.seishin-h.ed.jp/,,,
千葉県,私立,桜林高等学校,千葉市若葉区,千葉,https://www.ohrin.ed.jp/,,,
千葉県,私立,植草学園大学附属高等学校,千葉市稲毛区,千葉,https://www.uekusa.ac.jp/attachedhs/,,,
千葉県,千葉県立,市川高等学校,市川市,葛南,https://cms1.chiba-c.ed.jp/ichikawa-h/,,,
千葉県,千葉県立,市川東高等学校,市川市,葛南,https://cms1.chiba-c.ed.jp/ichikawahigashi-h/,,,
千葉県,千葉県立,市川南高等学校,市川市,葛南,https://cms1.chiba-c.ed.jp/ichikawaminami-h/,,,
千葉県,千葉県立,市川工業高等学校,市川市,葛南,https://cms1.chiba-c.ed.jp/ichiko/,,https://cms1.chiba-c.ed.jp/ichiko/home-1/schoolcontact/,
千葉県,千葉県立,国府台高等学校,市川市,葛南,https://cms1.chiba-c.ed.jp/kounodai-h/,,,
千葉県,千葉県立,行徳高等学校,市川市,葛南,https://cms1.chiba-c.ed.jp/gyotoku-h/,,,
千葉県,千葉県立,市川昴高等学校,市川市,葛南,https://cms1.chiba-c.ed.jp/i.subaru-h/,,,
千葉県,私立,市川高等学校,市川市,葛南,https://www.ichigaku.ac.jp/,,,
千葉県,私立,国府台女子学院高等部,市川市,葛南,https://www.kf.ed.jp/,,,
千葉県,私立,和洋国府台女子高等学校,市川市,葛南,https://www.wayokonodai.ed.jp/,,,
千葉県,私立,日出学園高等学校,市川市,葛南,https://www.hinode.ed.jp/,,,
千葉県,私立,千葉商科大学付属高等学校,市川市,葛南,https://www.cuc-fc.ac.jp/,,,
千葉県,私立,昭和学院高等学校,市川市,葛南,https://www.showa-gakuin.ed.jp/,,,
千葉県,千葉県立,船橋高等学校,船橋市,葛南,https://cms1.chiba-c.ed.jp/funako/,,,
千葉県,千葉県立,船橋東高等学校,船橋市,葛南,https://www.chiba-c.ed.jp/funabashieast-h/,,,
千葉県,千葉県立,船橋芝山高等学校,船橋市,葛南,https://cms1.chiba-c.ed.jp/funabashishibayama-h/,,,
千葉県,千葉県立,船橋北高等学校,船橋市,葛南,https://cms1.chiba-c.ed.jp/funabashikita-h/,,,
千葉県,千葉県立,船橋豊富高等学校,船橋市,葛南,https://cms1.chiba-c.ed.jp/toyokou/,,,
千葉県,千葉県立,船橋法典高等学校,船橋市,葛南,https://cms1.chiba-c.ed.jp/f-houden-h/,,,
千葉県,千葉県立,船橋古和釜高等学校,船橋市,葛南,https://cms1.chiba-c.ed.jp/funabashikowagama-h/,,https://cms1.chiba-c.ed.jp/funabashikowagama-h/%E3%81%8A%E5%95%8F%E3%81%84%E5%90%88%E3%82%8F%E3%81%9B,
千葉県,千葉県立,二和高等学校,船橋市,葛南,https://cms1.chiba-c.ed.jp/futawa/,,,
千葉県,千葉県立,薬園台高等学校,船橋市,葛南,https://cms1.chiba-c.ed.jp/yakuendai-h/,,,
千葉県,船橋市立,船橋高等学校,船橋市,葛南,https://www.ichifuna.ed.jp/,,,船橋市立
千葉県,千葉県立,実籾高等学校,習志野市,葛南,https://cms1.chiba-c.ed.jp/mimomihs/,,https://cms1.chiba-c.ed.jp/mimomihs/home-1/schoolcontact/,
千葉県,千葉県立,津田沼高等学校,習志野市,葛南,https://cms1.chiba-c.ed.jp/tsudanuma-h/,,,
千葉県,千葉県立,習志野高等学校,習志野市,葛南,https://cms1.chiba-c.ed.jp/narashino-h/,,,
千葉県,習志野市立,習志野高等学校,習志野市,葛南,https://hs-narashino.edumap.jp/,,,習志野市立
千葉県,千葉県立,八千代高等学校,八千代市,葛南,https://cms1.chiba-c.ed.jp/yachiyo-h/,,,
千葉県,千葉県立,八千代東高等学校,八千代市,葛南,https://cms1.chiba-c.ed.jp/yachiyohigashi-h/,,,
千葉県,千葉県立,八千代西高等学校,八千代市,葛南,https://cms1.chiba-c.ed.jp/yachiyonishi-h/,,,
千葉県,千葉県立,浦安高等学校,浦安市,葛南,https://cms1.chiba-c.ed.jp/urayasu-h/,,,
千葉県,千葉県立,浦安南高等学校,浦安市,葛南,https://cms1.chiba-c.ed.jp/urayasuminami-h/,,,
千葉県,千葉県立,鎌ヶ谷高等学校,鎌ケ谷市,葛南,https://cms1.chiba-c.ed.jp/kamagaya-h/,,,
千葉県,千葉県立,鎌ヶ谷西高等学校,鎌ケ谷市,葛南,https://cms1.chiba-c.ed.jp/kamagayanishi-h/,,,
千葉県,千葉県立,白井高等学校,白井市,葛南,https://cms1.chiba-c.ed.jp/shiroi-h/,,,
千葉県,私立,日本大学習志野高等学校,船橋市,葛南,https://www.nihon-u.ac.jp/nhs/,,,
千葉県,私立,千葉日本大学第一高等学校,船橋市,葛南,https://www.chibadaiichi.ed.jp/,,,
千葉県,私立,東邦大学付属東邦高等学校,習志野市,葛南,https://www.tohohigashi.ed.jp/,,,
千葉県,私立,東京学館船橋高等学校,船橋市,葛南,https://funabashi.tokyogakkan.ac.jp/,,,
千葉県,私立,八千代松陰高等学校,八千代市,葛南,https://www.yachiyomatsuin.ed.jp/,,,
千葉県,私立,千葉英和高等学校,八千代市,葛南,https://www.ceh.ed.jp/,,,
千葉県,私立,秀明高等学校,八千代市,葛南,https://www.shumei.ed.jp/,,,
千葉県,私立,東京学館浦安高等学校,浦安市,葛南,https://urayasu.tokyogakkan.ac.jp/,,,
千葉県,千葉県立,松戸高等学校,松戸市,東葛,https://cms1.chiba-c.ed.jp/matsudo-h/,,,
千葉県,千葉県立,松戸南高等学校,松戸市,東葛,https://cms1.chiba-c.ed.jp/matsudominami-h/,,,
千葉県,千葉県立,松戸六実高等学校,松戸市,東葛,https://cms1.chiba-c.ed.jp/matsudomunemi-h/,,,
千葉県,千葉県立,松戸国際高等学校,松戸市,東葛,https://cms1.chiba-c.ed.jp/matsudokokusai-h/,,,
千葉県,千葉県立,松戸向陽高等学校,松戸市,東葛,https://www.chiba-c.ed.jp/m.koyo-h/,,,
千葉県,千葉県立,松戸馬橋高等学校,松戸市,東葛,https://cms1.chiba-c.ed.jp/mabashi-h/,,,
千葉県,松戸市立,松戸高等学校,松戸市,東葛,https://www.matsudo.ed.jp/ichimatsu-h/,,,松戸市立
千葉県,私立,専修大学松戸高等学校,松戸市,東葛,https://www.senshu-u-matsudo.ed.jp/,,,
千葉県,私立,聖徳大学附属女子高等学校,松戸市,東葛,https://www.seitoku.jp/swhs/,,,
千葉県,私立,光英VERITAS高等学校,松戸市,東葛,https://www.koei-veritas.ed.jp/,,,
千葉県,千葉県立,東葛飾高等学校,柏市,東葛,https://cms1.chiba-c.ed.jp/tohkatsu/,,,
千葉県,千葉県立,柏高等学校,柏市,東葛,https://cms1.chiba-c.ed.jp/kashiwa-h/,,,
千葉県,千葉県立,柏南高等学校,柏市,東葛,https://cms1.chiba-c.ed.jp/kashiwaminami-h/,,,
千葉県,千葉県立,柏北高等学校,柏市,東葛,https://cms1.chiba-c.ed.jp/kashiwakita-h/,,,
千葉県,千葉県立,柏中央高等学校,柏市,東葛,https://cms1.chiba-c.ed.jp/kashiwachuo-h/,,https://cms1.chiba-c.ed.jp/kashiwachuo-h/0b30702ef44dc4a2cbaf83a949b4a703/schoolcontact,
千葉県,千葉県立,柏の葉高等学校,柏市,東葛,https://cms1.chiba-c.ed.jp/kashiwanoha-h/,,,
千葉県,千葉県立,沼南高等学校,柏市,東葛,https://www.chiba-c.ed.jp/shonan-high/,,,
千葉県,千葉県立,沼南高柳高等学校,柏市,東葛,https://cms1.chiba-c.ed.jp/takayanagi-h/,,,
千葉県,柏市立,柏高等学校,柏市,東葛,https://ichikashi.ed.jp/,,,柏市立
千葉県,私立,麗澤高等学校,柏市,東葛,https://www.reitaku.ed.jp/,,,
千葉県,私立,流通経済大学付属柏高等学校,柏市,東葛,https://www.ryutsukashiwa.ed.jp/,,,
千葉県,私立,二松學舎大学附属柏高等学校,柏市,東葛,https://www.nishogakusha-kashiwa.ed.jp/,,,
千葉県,千葉県立,流山高等学校,流山市,東葛,https://cms1.chiba-c.ed.jp/nagareyama-h/,,,
千葉県,千葉県立,流山南高等学校,流山市,東葛,https://cms2.chiba-c.ed.jp/nagareyamaminami-h/,,,
千葉県,千葉県立,流山北高等学校,流山市,東葛,https://cms1.chiba-c.ed.jp/nagareyamakita-h/,,,
千葉県,千葉県立,流山おおたかの森高等学校,流山市,東葛,https://cms2.chiba-c.ed.jp/n.otaka-h/,,,
千葉県,千葉県立,野田中央高等学校,野田市,東葛,https://cms1.chiba-c.ed.jp/nodachuo-h/,,,
千葉県,千葉県立,関宿高等学校,野田市,東葛,https://www.chiba-c.ed.jp/sekiyado-h/,,,
千葉県,私立,西武台千葉高等学校,野田市,東葛,https://www.seibudai-chiba.jp/,,,
千葉県,千葉県立,我孫子高等学校,我孫子市,東葛,https://cms2.chiba-c.ed.jp/abikohigh/,,,
千葉県,千葉県立,我孫子東高等学校,我孫子市,東葛,https://cms2.chiba-c.ed.jp/abikoeast-h/,,,
千葉県,私立,中央学院高等学校,我孫子市,東葛,https://www.chuogakuin.ac.jp/highschool/,,,
千葉県,私立,我孫子二階堂高等学校,我孫子市,東葛,https://www.abiko-nikai.ed.jp/,,,
千葉県,千葉県立,佐倉高等学校,佐倉市,北総,https://cms1.chiba-c.ed.jp/sakura-h/,,,
千葉県,千葉県立,佐倉南高等学校,佐倉市,北総,https://cms1.chiba-c.ed.jp/sakuraminami-h/,,,
千葉県,千葉県立,佐倉東高等学校,佐倉市,北総,https://cms1.chiba-c.ed.jp/sakurahigashi-h/,,,
千葉県,千葉県立,佐倉西高等学校,佐倉市,北総,https://cms1.chiba-c.ed.jp/sakuranishi-h/,,,
千葉県,千葉県立,四街道高等学校,四街道市,北総,https://cms2.chiba-c.ed.jp/yotsukaido-h/,,,
千葉県,千葉県立,四街道北高等学校,四街道市,北総,https://cms1.chiba-c.ed.jp/yotsukaidonishi-h/,,,
千葉県,千葉県立,成田高等学校,成田市,北総,https://cms1.chiba-c.ed.jp/narita-h/,,,
千葉県,千葉県立,成田北高等学校,成田市,北総,https://cms1.chiba-c.ed.jp/naritakita-h/,,,
千葉県,千葉県立,成田国際高等学校,成田市,北総,https://cms1.chiba-c.ed.jp/naritakokusai-h/,,,
千葉県,千葉県立,富里高等学校,富里市,北総,https://cms1.chiba-c.ed.jp/tomisato-h/,,,
千葉県,千葉県立,八街高等学校,八街市,北総,https://cms1.chiba-c.ed.jp/yachimata-h/,,,
千葉県,千葉県立,印旛高等学校,印西市,北総,https://cms1.chiba-c.ed.jp/inba-h/,,,
千葉県,千葉県立,印旛明誠高等学校,印西市,北総,https://cms1.chiba-c.ed.jp/inbaimesei-h/,,,
千葉県,千葉県立,印西高等学校,印西市,北総,https://cms1.chiba-c.ed.jp/inzai-h/,,,
千葉県,私立,成田高等学校,成田市,北総,https://www.narita.ac.jp/highschool/,,,
千葉県,私立,千葉黎明高等学校,八街市,北総,https://www.chiba-reimei.ed.jp/,,,
千葉県,私立,東京学館高等学校,印旛郡栄町,北総,https://www.tokyogakkan.ac.jp/,,,
千葉県,千葉県立,銚子高等学校,銚子市,東総,https://cms2.chiba-c.ed.jp/kencho/,,,千葉県立
千葉県,千葉県立,銚子商業高等学校,銚子市,東総,https://cms2.chiba-c.ed.jp/chosho/,,,
千葉県,銚子市立,銚子高等学校,銚子市,東総,https://www.city.choshi.chiba.jp/,,,銚子市立
千葉県,千葉県立,旭農業高等学校,旭市,東総,https://cms2.chiba-c.ed.jp/asahi-ah/,,,
千葉県,千葉県立,匝瑳高等学校,匝瑳市,東総,https://cms2.chiba-c.ed.jp/sosa-h/,,,
千葉県,千葉県立,東総工業高等学校,旭市,東総,https://cms2.chiba-c.ed.jp/toso-th/,,,
千葉県,千葉県立,小見川高等学校,香取市,東総,https://cms2.chiba-c.ed.jp/omigawa-h/,,,
千葉県,千葉県立,佐原高等学校,香取市,東総,https://cms2.chiba-c.ed.jp/sawara-h/,,,
千葉県,千葉県立,佐原白楊高等学校,香取市,東総,https://cms2.chiba-c.ed.jp/sawarashirayo-h/,,,
千葉県,千葉県立,多古高等学校,香取郡多古町,東総,https://cms2.chiba-c.ed.jp/tako-h/,,,
千葉県,千葉県立,山武農業高等学校,山武市,山武,https://cms2.chiba-c.ed.jp/sanbu-ah/,,,
千葉県,千葉県立,成東高等学校,山武市,山武,https://cms2.chiba-c.ed.jp/naruto-h/,,,
千葉県,千葉県立,東金高等学校,東金市,山武,https://cms2.chiba-c.ed.jp/togane-h/,,,
千葉県,千葉県立,東金商業高等学校,東金市,山武,https://cms2.chiba-c.ed.jp/togansho-h/,,,
千葉県,千葉県立,大網高等学校,大網白里市,山武,https://cms2.chiba-c.ed.jp/onami-h/,,,
千葉県,千葉県立,九十九里高等学校,山武郡九十九里町,山武,https://cms2.chiba-c.ed.jp/kujukuri-h/,,,
千葉県,千葉県立,茂原高等学校,茂原市,長生,https://cms2.chiba-c.ed.jp/mobara-h/,mobara-h@chiba-c.ed.jp,,
千葉県,千葉県立,茂原樟陽高等学校,茂原市,長生,https://cms2.chiba-c.ed.jp/mobarashoyou-h/,,,
千葉県,千葉県立,長生高等学校,茂原市,長生,https://cms2.chiba-c.ed.jp/chosho-h/,,,
千葉県,千葉県立,一宮商業高等学校,長生郡一宮町,長生,https://cms2.chiba-c.ed.jp/ichinomiyasho-h/,,,
千葉県,千葉県立,勝浦若潮高等学校,勝浦市,夷隅,https://cms2.chiba-c.ed.jp/katsuurawakashio-h/,,,
千葉県,千葉県立,大多喜高等学校,夷隅郡大多喜町,夷隅,https://cms2.chiba-c.ed.jp/otaki-h/,,,
千葉県,千葉県立,いすみ高等学校,いすみ市,夷隅,https://cms2.chiba-c.ed.jp/isumi-h/,,,
千葉県,千葉県立,大原高等学校,いすみ市,夷隅,https://cms2.chiba-c.ed.jp/ohara-h/,,,
千葉県,千葉県立,館山総合高等学校,館山市,安房,https://cms2.chiba-c.ed.jp/tateyamasogo/,tateyamasogo@chiba-c.ed.jp,,
千葉県,千葉県立,安房高等学校,館山市,安房,https://cms2.chiba-c.ed.jp/awa-h/,,,
千葉県,千葉県立,安房拓心高等学校,南房総市,安房,https://cms2.chiba-c.ed.jp/awatakushin-h/,,,
千葉県,千葉県立,安房南高等学校,南房総市,安房,https://cms2.chiba-c.ed.jp/awaminami-h/,,,
千葉県,千葉県立,鴨川令徳高等学校,鴨川市,安房,https://cms2.chiba-c.ed.jp/kamogawaryotoku-h/,,,
千葉県,私立,日本大学付属藤岡高等学校,南房総市,安房,https://www.nihonfujioka.ed.jp/,,,
千葉県,千葉県立,君津高等学校,君津市,君津,https://cms2.chiba-c.ed.jp/kimitsu-h/,,,
千葉県,千葉県立,木更津高等学校,木更津市,君津,https://cms2.chiba-c.ed.jp/kisarazu-h/,,,
千葉県,千葉県立,木更津東高等学校,木更津市,君津,https://cms2.chiba-c.ed.jp/kisarazuhigashi-h/,,,
千葉県,千葉県立,君津商業高等学校,君津市,君津,https://cms2.chiba-c.ed.jp/kimitsuSho-h/,,,
千葉県,千葉県立,袖ヶ浦高等学校,袖ケ浦市,君津,https://cms2.chiba-c.ed.jp/sodegaura-h/,,,
千葉県,千葉県立,富津高等学校,富津市,君津,https://cms2.chiba-c.ed.jp/futtsu-h/,,,
千葉県,千葉県立,上総高等学校,木更津市,君津,https://cms2.chiba-c.ed.jp/kazusa-h/,,,
千葉県,千葉県立,天羽高等学校,富津市,君津,https://cms2.chiba-c.ed.jp/amo-h/,,,
千葉県,私立,木更津総合高等学校,木更津市,君津,https://www.kisarazu-sogo.ed.jp/,,,
千葉県,私立,暁星国際高等学校,木更津市,君津,https://www.gyosei-inter.ed.jp/,,,
千葉県,私立,翔凜高等学校,木更津市,君津,https://www.shorin.ac.jp/,,,
千葉県,私立,拓殖大学紅陵高等学校,木更津市,君津,https://www.takushoku-kohryo.ed.jp/,,,
千葉県,千葉県立,市原高等学校,市原市,市原,https://cms2.chiba-c.ed.jp/ichihara-h/,,,
千葉県,千葉県立,市原緑高等学校,市原市,市原,https://cms2.chiba-c.ed.jp/ichiharamidori-h/,,,
千葉県,千葉県立,市原八幡高等学校,市原市,市原,https://cms2.chiba-c.ed.jp/ichiharayawata-h/,,,
千葉県,千葉県立,姉崎高等学校,市原市,市原,https://cms2.chiba-c.ed.jp/anesaki-h/,,,
千葉県,私立,市原中央高等学校,市原市,市原,https://www.ichihara-chuo.ed.jp/,,,
千葉県,千葉県立,長狭高等学校,鴨川市,夷隅,https://cms2.chiba-c.ed.jp/nagasa-h/,,,
東京都,東京都立,東京都立日比谷高等学校,千代田区,区部,https://www.metro.ed.jp/hibiya-h/,,https://www.metro.ed.jp/hibiya-h/,進学指導重点校
東京都,東京都立,東京都立一橋高等学校（昼夜間定時制）,千代田区,区部,https://www.metro.ed.jp/hitotsubashi-he/,,https://www.metro.ed.jp/hitotsubashi-he/,昼夜間定時制
東京都,東京都立,東京都立工芸高等学校,文京区,区部,https://www.metro.ed.jp/kogei-h/,,https://www.metro.ed.jp/kogei-h/,
東京都,東京都立,東京都立上野高等学校,台東区,区部,https://www.metro.ed.jp/ueno-h/,,https://www.metro.ed.jp/ueno-h/,
東京都,東京都立,東京都立白鴎高等学校,台東区,区部,https://www.metro.ed.jp/hakuo-h/,,https://www.metro.ed.jp/hakuo-h/,
東京都,東京都立,東京都立浅草高等学校（昼夜間定時制）,台東区,区部,https://www.metro.ed.jp/asakusa-h/,,https://www.metro.ed.jp/asakusa-h/,昼夜間定時制
東京都,東京都立,東京都立忍岡高等学校,台東区,区部,https://www.metro.ed.jp/shinobuoka-h/,,https://www.metro.ed.jp/shinobuoka-h/,
東京都,東京都立,東京都立戸山高等学校,新宿区,区部,https://www.metro.ed.jp/toyama-h/,,https://www.metro.ed.jp/toyama-h/,進学指導重点校
東京都,東京都立,東京都立新宿高等学校,新宿区,区部,https://www.metro.ed.jp/shinjuku-h/,,https://www.metro.ed.jp/shinjuku-h/,進学指導重点校
東京都,東京都立,東京都立新宿山吹高等学校（昼夜間定時制）,新宿区,区部,https://www.metro.ed.jp/shinjukuyamabuki-h/,,https://www.metro.ed.jp/shinjukuyamabuki-h/,昼夜間定時制・通信制
東京都,東京都立,東京都立牛込高等学校,新宿区,区部,https://www.metro.ed.jp/ushigome-h/,,https://www.metro.ed.jp/ushigome-h/,
東京都,東京都立,東京都立向丘高等学校,文京区,区部,https://www.metro.ed.jp/mukogaoka-h/,,https://www.metro.ed.jp/mukogaoka-h/,
東京都,東京都立,東京都立文京高等学校,文京区,区部,https://www.metro.ed.jp/bunkyo-h/,,https://www.metro.ed.jp/bunkyo-h/,
東京都,東京都立,東京都立小石川中等教育学校,文京区,区部,https://www.metro.ed.jp/koishikawa-s/,,https://www.metro.ed.jp/koishikawa-s/,中等教育学校
東京都,東京都立,東京都立日本橋高等学校,中央区,区部,https://www.metro.ed.jp/nihonbashi-h/,,https://www.metro.ed.jp/nihonbashi-h/,
東京都,東京都立,東京都立両国高等学校,墨田区,区部,https://www.metro.ed.jp/ryogoku-h/,,https://www.metro.ed.jp/ryogoku-h/,
東京都,東京都立,東京都立墨田川高等学校,墨田区,区部,https://www.metro.ed.jp/sumidagawa-h/,,https://www.metro.ed.jp/sumidagawa-h/,
東京都,東京都立,東京都立本所高等学校,墨田区,区部,https://www.metro.ed.jp/honjo-h/,,https://www.metro.ed.jp/honjo-h/,
東京都,東京都立,東京都立橘高等学校,墨田区,区部,https://www.metro.ed.jp/tachibana-h/,,https://www.metro.ed.jp/tachibana-h/,
東京都,東京都立,東京都立墨田工科高等学校,墨田区,区部,https://www.metro.ed.jp/sumidako-h/,,https://www.metro.ed.jp/sumidako-h/,
東京都,東京都立,東京都立城東高等学校,江東区,区部,https://www.metro.ed.jp/joto-h/,,https://www.metro.ed.jp/joto-h/,
東京都,東京都立,東京都立深川高等学校,江東区,区部,https://www.metro.ed.jp/fukagawa-h/,,https://www.metro.ed.jp/fukagawa-h/,
東京都,東京都立,東京都立東高等学校,江東区,区部,https://www.metro.ed.jp/higashi-h/,,https://www.metro.ed.jp/higashi-h/,
東京都,東京都立,東京都立科学技術高等学校,江東区,区部,https://www.metro.ed.jp/kagakugijutsu-h/,,https://www.metro.ed.jp/kagakugijutsu-h/,
東京都,東京都立,東京都立江東商業高等学校,江東区,区部,https://www.metro.ed.jp/kotoshogyo-h/,,https://www.metro.ed.jp/kotoshogyo-h/,
東京都,東京都立,東京都立大江戸高等学校（チャレンジスクール）,江東区,区部,https://www.metro.ed.jp/oedo-h/,,https://www.metro.ed.jp/oedo-h/,チャレンジスクール
東京都,東京都立,東京都立小山台高等学校,品川区,区部,https://www.metro.ed.jp/oyamadai-h/,,https://www.metro.ed.jp/oyamadai-h/,
東京都,東京都立,東京都立荏原高等学校,品川区,区部,https://www.metro.ed.jp/ebara-h/,,https://www.metro.ed.jp/ebara-h/,
東京都,東京都立,東京都立荏原工科高等学校,品川区,区部,https://www.metro.ed.jp/ebarako-h/,,https://www.metro.ed.jp/ebarako-h/,
東京都,東京都立,東京都立海洋国際高等学校,品川区,区部,https://www.metro.ed.jp/kaiyokokusai-h/,,https://www.metro.ed.jp/kaiyokokusai-h/,
東京都,東京都立,東京都立国際高等学校,目黒区,区部,https://kokusai-h.metro.ed.jp/,,https://kokusai-h.metro.ed.jp/,
東京都,東京都立,東京都立駒場高等学校,目黒区,区部,https://www.metro.ed.jp/komaba-h/,,https://www.metro.ed.jp/komaba-h/,
東京都,東京都立,東京都立目黒高等学校,目黒区,区部,https://www.metro.ed.jp/meguro-h/,,https://www.metro.ed.jp/meguro-h/,
東京都,東京都立,東京都立雪谷高等学校,大田区,区部,https://www.metro.ed.jp/yukigaya-h/,,https://www.metro.ed.jp/yukigaya-h/,
東京都,東京都立,東京都立田園調布高等学校,大田区,区部,https://www.metro.ed.jp/den-enchofu-h/,,https://www.metro.ed.jp/den-enchofu-h/,
東京都,東京都立,東京都立大森高等学校,大田区,区部,https://www.metro.ed.jp/omori-h/,,https://www.metro.ed.jp/omori-h/,
東京都,東京都立,東京都立蒲田高等学校,大田区,区部,https://www.metro.ed.jp/kamata-h/,,https://www.metro.ed.jp/kamata-h/,
東京都,東京都立,東京都立六郷工科高等学校,大田区,区部,https://www.metro.ed.jp/rokugoko-h/,,https://www.metro.ed.jp/rokugoko-h/,
東京都,東京都立,東京都立大田桜台高等学校,大田区,区部,https://www.metro.ed.jp/otasakuradai-h/,,https://www.metro.ed.jp/otasakuradai-h/,
東京都,東京都立,東京都立美原高等学校（定時制）,大田区,区部,https://www.metro.ed.jp/mihara-h/,,https://www.metro.ed.jp/mihara-h/,定時制
東京都,東京都立,東京都立つばさ総合高等学校,大田区,区部,https://www.metro.ed.jp/tsubasa-h/,,https://www.metro.ed.jp/tsubasa-h/,
東京都,東京都立,東京都立世田谷総合高等学校,世田谷区,区部,https://www.metro.ed.jp/setagayasogo-h/,,https://www.metro.ed.jp/setagayasogo-h/,
東京都,東京都立,東京都立桜町高等学校,世田谷区,区部,https://www.metro.ed.jp/sakuramachi-h/,,https://www.metro.ed.jp/sakuramachi-h/,
東京都,東京都立,東京都立芦花高等学校,世田谷区,区部,https://www.metro.ed.jp/roka-h/,,https://www.metro.ed.jp/roka-h/,
東京都,東京都立,東京都立松原高等学校,世田谷区,区部,https://www.metro.ed.jp/matsubara-h/,,https://www.metro.ed.jp/matsubara-h/,
東京都,東京都立,東京都立総合工科高等学校,世田谷区,区部,https://www.metro.ed.jp/sogoko-h/,,https://www.metro.ed.jp/sogoko-h/,
東京都,東京都立,東京都立千歳丘高等学校,世田谷区,区部,https://www.metro.ed.jp/chitosegaoka-h/,,https://www.metro.ed.jp/chitosegaoka-h/,
東京都,東京都立,東京都立深沢高等学校,世田谷区,区部,https://www.metro.ed.jp/fukasawa-h/,,https://www.metro.ed.jp/fukasawa-h/,
東京都,東京都立,東京都立園芸高等学校,世田谷区,区部,https://www.metro.ed.jp/engei-h/,,https://www.metro.ed.jp/engei-h/,
東京都,東京都立,東京都立世田谷泉高等学校（チャレンジスクール）,世田谷区,区部,https://www.metro.ed.jp/setagayaizumi-h/,,https://www.metro.ed.jp/setagayaizumi-h/,チャレンジスクール
東京都,東京都立,東京都立青山高等学校,渋谷区,区部,https://www.metro.ed.jp/aoyama-h/,,https://www.metro.ed.jp/aoyama-h/,進学指導重点校
東京都,東京都立,東京都立広尾高等学校,渋谷区,区部,https://www.metro.ed.jp/hiroo-h/,,https://www.metro.ed.jp/hiroo-h/,
東京都,東京都立,東京都立富士高等学校,中野区,区部,https://www.metro.ed.jp/fuji-h/,,https://www.metro.ed.jp/fuji-h/,
東京都,東京都立,東京都立中野工科高等学校,中野区,区部,https://www.metro.ed.jp/nakanoko-h/,,https://www.metro.ed.jp/nakanoko-h/,
東京都,東京都立,東京都立鷺宮高等学校,中野区,区部,https://www.metro.ed.jp/saginomiya-h/,,https://www.metro.ed.jp/saginomiya-h/,
東京都,東京都立,東京都立第一商業高等学校,中野区,区部,https://www.metro.ed.jp/daiichishogyo-h/,,https://www.metro.ed.jp/daiichishogyo-h/,
東京都,東京都立,東京都立中野高等学校,中野区,区部,https://www.metro.ed.jp/nakano-h/,,https://www.metro.ed.jp/nakano-h/,
東京都,東京都立,東京都立武蔵丘高等学校,中野区,区部,https://www.metro.ed.jp/musashigaoka-h/,,https://www.metro.ed.jp/musashigaoka-h/,
東京都,東京都立,東京都立西高等学校,杉並区,区部,https://www.metro.ed.jp/nishi-h/,,https://www.metro.ed.jp/nishi-h/,進学指導重点校
東京都,東京都立,東京都立杉並高等学校,杉並区,区部,https://www.metro.ed.jp/suginami-h/,,https://www.metro.ed.jp/suginami-h/,
東京都,東京都立,東京都立杉並総合高等学校,杉並区,区部,https://www.metro.ed.jp/sugisogo-h/,,https://www.metro.ed.jp/sugisogo-h/,
東京都,東京都立,東京都立豊多摩高等学校,杉並区,区部,https://www.metro.ed.jp/toyotama-h/,,https://www.metro.ed.jp/toyotama-h/,
東京都,東京都立,東京都立荻窪高等学校（昼夜間定時制）,杉並区,区部,https://www.metro.ed.jp/ogikubo-h/,,https://www.metro.ed.jp/ogikubo-h/,昼夜間定時制
東京都,東京都立,東京都立豊島高等学校,豊島区,区部,https://www.metro.ed.jp/toshima-h/,,https://www.metro.ed.jp/toshima-h/,
東京都,東京都立,東京都立目白高等学校,豊島区,区部,https://www.metro.ed.jp/mejiro-h/,,https://www.metro.ed.jp/mejiro-h/,
東京都,東京都立,東京都立池袋高等学校,豊島区,区部,https://www.metro.ed.jp/ikebukuro-h/,,https://www.metro.ed.jp/ikebukuro-h/,
東京都,東京都立,東京都立芸術高等学校,荒川区,区部,https://www.metro.ed.jp/geijutsu-h/,,https://www.metro.ed.jp/geijutsu-h/,
東京都,東京都立,東京都立竹台高等学校,荒川区,区部,https://www.metro.ed.jp/takedai-h/,,https://www.metro.ed.jp/takedai-h/,
東京都,東京都立,東京都立荒川工科高等学校,荒川区,区部,https://www.metro.ed.jp/arakawako-h/,,https://www.metro.ed.jp/arakawako-h/,
東京都,東京都立,東京都立荒川商業高等学校,荒川区,区部,https://www.metro.ed.jp/arakawashogyo-h/,,https://www.metro.ed.jp/arakawashogyo-h/,
東京都,東京都立,東京都立南千住高等学校（定時制）,荒川区,区部,https://www.metro.ed.jp/minamisenju-h/,,https://www.metro.ed.jp/minamisenju-h/,定時制
東京都,東京都立,東京都立王子総合高等学校,北区,区部,https://www.metro.ed.jp/oujisogo-h/,oujisogo_jusinsenyou@section.metro.tokyo.jp,https://www.metro.ed.jp/oujisogo-h/,欠席連絡専用メール
東京都,東京都立,東京都立飛鳥高等学校,北区,区部,https://www.metro.ed.jp/asuka-h/,,https://www.metro.ed.jp/asuka-h/,
東京都,東京都立,東京都立北豊島工科高等学校,北区,区部,https://www.metro.ed.jp/kitatoshimako-h/,,https://www.metro.ed.jp/kitatoshimako-h/,
東京都,東京都立,東京都立桐ヶ丘高等学校（チャレンジスクール）,北区,区部,https://www.metro.ed.jp/kirigaoka-h/,,https://www.metro.ed.jp/kirigaoka-h/,チャレンジスクール
東京都,東京都立,東京都立王子高等学校,北区,区部,https://www.metro.ed.jp/oji-h/,,https://www.metro.ed.jp/oji-h/,
東京都,東京都立,東京都立赤羽北桜高等学校,北区,区部,https://www.metro.ed.jp/akabanekitasakura-h/,,https://www.metro.ed.jp/akabanekitasakura-h/,
東京都,東京都立,東京都立赤羽商業高等学校,北区,区部,https://www.metro.ed.jp/akabane-h/,,https://www.metro.ed.jp/akabane-h/,
東京都,東京都立,東京都立北園高等学校,板橋区,区部,https://www.metro.ed.jp/kitaen-h/,,https://www.metro.ed.jp/kitaen-h/,
東京都,東京都立,東京都立大山高等学校,板橋区,区部,https://www.metro.ed.jp/oyama-h/,,https://www.metro.ed.jp/oyama-h/,
東京都,東京都立,東京都立板橋高等学校,板橋区,区部,https://www.metro.ed.jp/itabashi-h/,,https://www.metro.ed.jp/itabashi-h/,
東京都,東京都立,東京都立板橋有徳高等学校,板橋区,区部,https://www.metro.ed.jp/itabashiyutoku-h/,,https://www.metro.ed.jp/itabashiyutoku-h/,
東京都,東京都立,東京都立高島高等学校,板橋区,区部,https://www.metro.ed.jp/takashima-h/,,https://www.metro.ed.jp/takashima-h/,
東京都,東京都立,東京都立城北高等学校,板橋区,区部,https://www.metro.ed.jp/johoku-h/,,https://www.metro.ed.jp/johoku-h/,
東京都,東京都立,東京都立練馬高等学校,練馬区,区部,https://www.metro.ed.jp/nerima-h/,,https://www.metro.ed.jp/nerima-h/,
東京都,東京都立,東京都立大泉高等学校,練馬区,区部,https://www.metro.ed.jp/oizumi-h/,,https://www.metro.ed.jp/oizumi-h/,
東京都,東京都立,東京都立石神井高等学校,練馬区,区部,https://www.metro.ed.jp/shakujii-h/,,https://www.metro.ed.jp/shakujii-h/,
東京都,東京都立,東京都立井草高等学校,練馬区,区部,https://www.metro.ed.jp/igusa-h/,,https://www.metro.ed.jp/igusa-h/,
東京都,東京都立,東京都立大泉桜高等学校,練馬区,区部,https://www.metro.ed.jp/oizumisakura-h/,,https://www.metro.ed.jp/oizumisakura-h/,
東京都,東京都立,東京都立田柄高等学校,練馬区,区部,https://www.metro.ed.jp/tagara-h/,,https://www.metro.ed.jp/tagara-h/,
東京都,東京都立,東京都立光丘高等学校,練馬区,区部,https://www.metro.ed.jp/hikarioka-h/,,https://www.metro.ed.jp/hikarioka-h/,
東京都,東京都立,東京都立練馬工科高等学校,練馬区,区部,https://www.metro.ed.jp/nerimako-h/,,https://www.metro.ed.jp/nerimako-h/,
東京都,東京都立,東京都立足立高等学校,足立区,区部,https://www.metro.ed.jp/adachi-h/,,https://www.metro.ed.jp/adachi-h/,
東京都,東京都立,東京都立足立東高等学校,足立区,区部,https://www.metro.ed.jp/adachihigashi-h/,,https://www.metro.ed.jp/adachihigashi-h/,
東京都,東京都立,東京都立足立西高等学校,足立区,区部,https://www.metro.ed.jp/adachinishi-h/,,https://www.metro.ed.jp/adachinishi-h/,
東京都,東京都立,東京都立足立新田高等学校,足立区,区部,https://www.metro.ed.jp/adachishinden-h/,,https://www.metro.ed.jp/adachishinden-h/,
東京都,東京都立,東京都立足立工科高等学校,足立区,区部,https://www.metro.ed.jp/adachiko-h/,,https://www.metro.ed.jp/adachiko-h/,
東京都,東京都立,東京都立江北高等学校,足立区,区部,https://www.metro.ed.jp/kita-h/,,https://www.metro.ed.jp/kita-h/,
東京都,東京都立,東京都立淵江高等学校,足立区,区部,https://www.metro.ed.jp/fuchie-h/,,https://www.metro.ed.jp/fuchie-h/,
東京都,東京都立,東京都立青井高等学校,足立区,区部,https://www.metro.ed.jp/aoi-h/,,https://www.metro.ed.jp/aoi-h/,
東京都,東京都立,東京都立第四商業高等学校,足立区,区部,https://www.metro.ed.jp/daishishogyo-h/,,https://www.metro.ed.jp/daishishogyo-h/,
東京都,東京都立,東京都立若葉総合高等学校,足立区,区部,https://www.metro.ed.jp/wakabaso-h/,,https://www.metro.ed.jp/wakabaso-h/,
東京都,東京都立,東京都立小台橋高等学校（チャレンジスクール）,足立区,区部,https://www.metro.ed.jp/odaibashi-he/,,https://www.metro.ed.jp/odaibashi-he/,チャレンジスクール
東京都,東京都立,東京都立葛飾総合高等学校,葛飾区,区部,https://www.metro.ed.jp/katsushikasogo-h/,,https://www.metro.ed.jp/katsushikasogo-h/,
東京都,東京都立,東京都立葛飾野高等学校,葛飾区,区部,https://www.metro.ed.jp/katsushikano-h/,,https://www.metro.ed.jp/katsushikano-h/,
東京都,東京都立,東京都立南葛飾高等学校,葛飾区,区部,https://www.metro.ed.jp/minamikatsushika-h/,,https://www.metro.ed.jp/minamikatsushika-h/,
東京都,東京都立,東京都立葛飾商業高等学校,葛飾区,区部,https://www.metro.ed.jp/katsushikashogyo-h/,,https://www.metro.ed.jp/katsushikashogyo-h/,
東京都,東京都立,東京都立農産高等学校,葛飾区,区部,https://www.metro.ed.jp/nosan-h/,,https://www.metro.ed.jp/nosan-h/,
東京都,東京都立,東京都立江戸川高等学校,江戸川区,区部,https://www.metro.ed.jp/edogawa-h/,,https://www.metro.ed.jp/edogawa-h/,
東京都,東京都立,東京都立小岩高等学校,江戸川区,区部,https://www.metro.ed.jp/koiwa-h/,,https://www.metro.ed.jp/koiwa-h/,
東京都,東京都立,東京都立篠崎高等学校,江戸川区,区部,https://www.metro.ed.jp/shinozaki-h/,,https://www.metro.ed.jp/shinozaki-h/,
東京都,東京都立,東京都立紅葉川高等学校,江戸川区,区部,https://www.metro.ed.jp/momijigawa-h/,,https://www.metro.ed.jp/momijigawa-h/,
東京都,東京都立,東京都立小松川高等学校,江戸川区,区部,https://www.metro.ed.jp/komatsugawa-h/,,https://www.metro.ed.jp/komatsugawa-h/,
東京都,東京都立,東京都立葛西南高等学校,江戸川区,区部,https://www.metro.ed.jp/kasainami-h/,,https://www.metro.ed.jp/kasainami-h/,
東京都,東京都立,東京都立葛西工科高等学校,江戸川区,区部,https://www.metro.ed.jp/kasaiko-h/,,https://www.metro.ed.jp/kasaiko-h/,
東京都,東京都立,東京都立六本木高等学校（チャレンジスクール）,港区,区部,https://www.metro.ed.jp/roppongi-he/,,https://www.metro.ed.jp/roppongi-he/,チャレンジスクール
東京都,東京都立,東京都立稔ヶ丘高等学校（チャレンジスクール）,中野区,区部,https://www.metro.ed.jp/minorigaoka-he/,,https://www.metro.ed.jp/minorigaoka-he/,チャレンジスクール
東京都,東京都立,東京都立国立高等学校,国立市,多摩,https://www.metro.ed.jp/kunitachi-h/,,https://www.metro.ed.jp/kunitachi-h/,進学指導重点校
東京都,東京都立,東京都立立川高等学校,立川市,多摩,https://www.metro.ed.jp/tachikawa-h/,,https://www.metro.ed.jp/tachikawa-h/,進学指導重点校
東京都,東京都立,東京都立立川国際中等教育学校,立川市,多摩,https://www.metro.ed.jp/tachikawakokusai-s/,,https://www.metro.ed.jp/tachikawakokusai-s/,中等教育学校
東京都,東京都立,東京都立砂川高等学校（昼夜間定時制）,立川市,多摩,https://www.metro.ed.jp/sunagawa-he/,,https://www.metro.ed.jp/sunagawa-he/,昼夜間定時制
東京都,東京都立,東京都立昭和高等学校,昭島市,多摩,https://www.metro.ed.jp/showa-h/,,https://www.metro.ed.jp/showa-h/,
東京都,東京都立,東京都立昭島高等学校,昭島市,多摩,https://www.metro.ed.jp/akishima-h/,,https://www.metro.ed.jp/akishima-h/,
東京都,東京都立,東京都立拝島高等学校,昭島市,多摩,https://www.metro.ed.jp/haijima-h/,,https://www.metro.ed.jp/haijima-h/,
東京都,東京都立,東京都立武蔵高等学校,武蔵野市,多摩,https://www.metro.ed.jp/musashi-h/,,https://www.metro.ed.jp/musashi-h/,
東京都,東京都立,東京都立武蔵野北高等学校,武蔵野市,多摩,https://www.metro.ed.jp/musashinokita-h/,,https://www.metro.ed.jp/musashinokita-h/,
東京都,東京都立,東京都立境高等学校,武蔵野市,多摩,https://www.metro.ed.jp/sakai-h/,,https://www.metro.ed.jp/sakai-h/,
東京都,東京都立,東京都立調布高等学校,調布市,多摩,https://www.metro.ed.jp/chofu-h/,,https://www.metro.ed.jp/chofu-h/,
東京都,東京都立,東京都立神代高等学校,調布市,多摩,https://www.metro.ed.jp/jindai-h/,,https://www.metro.ed.jp/jindai-h/,
東京都,東京都立,東京都立調布北高等学校,調布市,多摩,https://www.metro.ed.jp/chofukita-h/,,https://www.metro.ed.jp/chofukita-h/,
東京都,東京都立,東京都立三鷹中等教育学校,三鷹市,多摩,https://www.metro.ed.jp/mitaka-s/,,https://www.metro.ed.jp/mitaka-s/,中等教育学校
東京都,東京都立,東京都立府中高等学校,府中市,多摩,https://www.metro.ed.jp/fuchu-h/,,https://www.metro.ed.jp/fuchu-h/,
東京都,東京都立,東京都立府中西高等学校,府中市,多摩,https://www.metro.ed.jp/fuchunishi-h/,,https://www.metro.ed.jp/fuchunishi-h/,
東京都,東京都立,東京都立府中東高等学校,府中市,多摩,https://www.metro.ed.jp/fuchuhigashi-h/,,https://www.metro.ed.jp/fuchuhigashi-h/,
東京都,東京都立,東京都立府中工科高等学校,府中市,多摩,https://www.metro.ed.jp/fuchuko-h/,,https://www.metro.ed.jp/fuchuko-h/,
東京都,東京都立,東京都立農業高等学校,府中市,多摩,https://www.metro.ed.jp/nougyo-h/,,https://www.metro.ed.jp/nougyo-h/,
東京都,東京都立,東京都立多摩高等学校,稲城市,多摩,https://www.metro.ed.jp/tama-h/,,https://www.metro.ed.jp/tama-h/,
東京都,東京都立,東京都立稲城高等学校,稲城市,多摩,https://www.metro.ed.jp/inagi-h/,,https://www.metro.ed.jp/inagi-h/,
東京都,東京都立,東京都立狛江高等学校,狛江市,多摩,https://www.metro.ed.jp/komae-h/,,https://www.metro.ed.jp/komae-h/,
東京都,東京都立,東京都立小川高等学校,東村山市,多摩,https://www.metro.ed.jp/ogawa-h/,,https://www.metro.ed.jp/ogawa-h/,
東京都,東京都立,東京都立東村山高等学校,東村山市,多摩,https://www.metro.ed.jp/higashimurayama-h/,,https://www.metro.ed.jp/higashimurayama-h/,
東京都,東京都立,東京都立東村山西高等学校,東村山市,多摩,https://www.metro.ed.jp/higashimurayamanishi-h/,,https://www.metro.ed.jp/higashimurayamanishi-h/,
東京都,東京都立,東京都立東久留米総合高等学校,東久留米市,多摩,https://www.metro.ed.jp/higashikurumesogo-h/,,https://www.metro.ed.jp/higashikurumesogo-h/,
東京都,東京都立,東京都立小平高等学校,小平市,多摩,https://www.metro.ed.jp/kodaira-h/,,https://www.metro.ed.jp/kodaira-h/,
東京都,東京都立,東京都立小平西高等学校,小平市,多摩,https://www.metro.ed.jp/kodairanishi-h/,,https://www.metro.ed.jp/kodairanishi-h/,
東京都,東京都立,東京都立小平南高等学校,小平市,多摩,https://www.metro.ed.jp/kodairaminami-h/,,https://www.metro.ed.jp/kodairaminami-h/,
東京都,東京都立,東京都立国分寺高等学校,国分寺市,多摩,https://www.metro.ed.jp/kokubunji-h/,,https://www.metro.ed.jp/kokubunji-h/,
東京都,東京都立,東京都立保谷高等学校,西東京市,多摩,https://www.metro.ed.jp/hoya-h/,,https://www.metro.ed.jp/hoya-h/,
東京都,東京都立,東京都立田無高等学校,西東京市,多摩,https://www.metro.ed.jp/tanashi-h/,,https://www.metro.ed.jp/tanashi-h/,
東京都,東京都立,東京都立田無工科高等学校,西東京市,多摩,https://www.metro.ed.jp/tanashiko-h/,,https://www.metro.ed.jp/tanashiko-h/,
東京都,東京都立,東京都立多摩科学技術高等学校,小金井市,多摩,https://www.metro.ed.jp/tamakagakugijutsu-h/,,https://www.metro.ed.jp/tamakagakugijutsu-h/,
東京都,東京都立,東京都立小金井工科高等学校,小金井市,多摩,https://www.metro.ed.jp/koganeiko-h/,,https://www.metro.ed.jp/koganeiko-h/,
東京都,東京都立,東京都立武蔵村山高等学校,武蔵村山市,多摩,https://www.metro.ed.jp/musashimurayama-h/,,https://www.metro.ed.jp/musashimurayama-h/,
東京都,東京都立,東京都立青梅総合高等学校,青梅市,多摩,https://www.metro.ed.jp/omesogo-h/,,https://www.metro.ed.jp/omesogo-h/,
東京都,東京都立,東京都立青梅高等学校,青梅市,多摩,https://www.metro.ed.jp/ome-h/,,https://www.metro.ed.jp/ome-h/,
東京都,東京都立,東京都立西多摩高等学校,青梅市,多摩,https://www.metro.ed.jp/nishitama-h/,,https://www.metro.ed.jp/nishitama-h/,
東京都,東京都立,東京都立羽村高等学校,羽村市,多摩,https://www.metro.ed.jp/hamura-h/,,https://www.metro.ed.jp/hamura-h/,
東京都,東京都立,東京都立秋留台高等学校,あきる野市,多摩,https://www.metro.ed.jp/akiota-h/,,https://www.metro.ed.jp/akiota-h/,
東京都,東京都立,東京都立五日市高等学校,あきる野市,多摩,https://www.metro.ed.jp/itsukaichi-h/,,https://www.metro.ed.jp/itsukaichi-h/,
東京都,東京都立,東京都立あきる野高等学校,あきる野市,多摩,https://www.metro.ed.jp/akiruno-h/,,https://www.metro.ed.jp/akiruno-h/,
東京都,東京都立,東京都立瑞穂農芸高等学校,西多摩郡瑞穂町,多摩,https://www.metro.ed.jp/mizuhonogei-h/,,https://www.metro.ed.jp/mizuhonogei-h/,
東京都,東京都立,東京都立八王子高等学校,八王子市,多摩,https://www.metro.ed.jp/hachioji-h/,,https://www.metro.ed.jp/hachioji-h/,
東京都,東京都立,東京都立八王子東高等学校,八王子市,多摩,https://www.metro.ed.jp/hachiojihigashi-h/,,https://www.metro.ed.jp/hachiojihigashi-h/,進学指導重点校
東京都,東京都立,東京都立八王子北高等学校,八王子市,多摩,https://www.metro.ed.jp/hachiojikita-h/,,https://www.metro.ed.jp/hachiojikita-h/,
東京都,東京都立,東京都立八王子拓真高等学校（昼夜間定時制）,八王子市,多摩,https://www.metro.ed.jp/hachiojitakushin-h/,,https://www.metro.ed.jp/hachiojitakushin-h/,昼夜間定時制
東京都,東京都立,東京都立八王子桑志高等学校,八王子市,多摩,https://www.metro.ed.jp/hachiojikusshi-h/,,https://www.metro.ed.jp/hachiojikusshi-h/,
東京都,東京都立,東京都立翔陽高等学校,八王子市,多摩,https://www.metro.ed.jp/shoyo-h/,,https://www.metro.ed.jp/shoyo-h/,
東京都,東京都立,東京都立富士森高等学校,八王子市,多摩,https://www.metro.ed.jp/fujimori-h/,,https://www.metro.ed.jp/fujimori-h/,
東京都,東京都立,東京都立片倉高等学校,八王子市,多摩,https://www.metro.ed.jp/katakura-h/,,https://www.metro.ed.jp/katakura-h/,
東京都,東京都立,東京都立松が谷高等学校,八王子市,多摩,https://www.metro.ed.jp/matsugaya-h/,,https://www.metro.ed.jp/matsugaya-h/,
東京都,東京都立,東京都立南多摩中等教育学校,八王子市,多摩,https://www.metro.ed.jp/minamitama-s/,,https://www.metro.ed.jp/minamitama-s/,中等教育学校
東京都,東京都立,東京都立町田高等学校,町田市,多摩,https://www.metro.ed.jp/machida-h/,,https://www.metro.ed.jp/machida-h/,
東京都,東京都立,東京都立町田総合高等学校,町田市,多摩,https://www.metro.ed.jp/machidabogo-h/,,https://www.metro.ed.jp/machidabogo-h/,
東京都,東京都立,東京都立野津田高等学校,町田市,多摩,https://www.metro.ed.jp/nozuta-h/,,https://www.metro.ed.jp/nozuta-h/,
東京都,東京都立,東京都立成瀬高等学校,町田市,多摩,https://www.metro.ed.jp/naruse-h/,,https://www.metro.ed.jp/naruse-h/,
東京都,東京都立,東京都立日野高等学校,日野市,多摩,https://www.metro.ed.jp/hino-h/,,https://www.metro.ed.jp/hino-h/,
東京都,東京都立,東京都立日野台高等学校,日野市,多摩,https://www.metro.ed.jp/hinodai-h/,,https://www.metro.ed.jp/hinodai-h/,
東京都,東京都立,東京都立南平高等学校,日野市,多摩,https://www.metro.ed.jp/minamidaira-h/,,https://www.metro.ed.jp/minamidaira-h/,
東京都,東京都立,東京都立多摩工科高等学校,多摩市,多摩,https://www.metro.ed.jp/tamako-h/,,https://www.metro.ed.jp/tamako-h/,
東京都,東京都立,東京都立大島高等学校,大島町,島嶼,https://www.metro.ed.jp/oshima-h/,,https://www.metro.ed.jp/oshima-h/,
東京都,東京都立,東京都立大島海洋国際高等学校,大島町,島嶼,https://www.metro.ed.jp/oshimakaiyokokusai-h/,,https://www.metro.ed.jp/oshimakaiyokokusai-h/,
東京都,東京都立,東京都立八丈高等学校,八丈町,島嶼,https://www.metro.ed.jp/hachijo-h/,,https://www.metro.ed.jp/hachijo-h/,
東京都,東京都立,東京都立三宅高等学校,三宅村,島嶼,https://www.metro.ed.jp/miyake-h/,,https://www.metro.ed.jp/miyake-h/,
東京都,東京都立,東京都立新島高等学校,新島村,島嶼,https://www.metro.ed.jp/niijima-h/,,https://www.metro.ed.jp/niijima-h/,
東京都,東京都立,東京都立小笠原高等学校,小笠原村,島嶼,https://www.metro.ed.jp/ogasawara-h/,,https://www.metro.ed.jp/ogasawara-h/,
東京都,区市町村立,千代田区立九段中等教育学校,千代田区,区部,https://www.chiyoda.ed.jp/sc/kudan-e/,,https://www.chiyoda.ed.jp/sc/kudan-e/,区立中等教育学校（高等部相当）
東京都,区市町村立,世田谷区立深沢高等学校,世田谷区,区部,https://www.city.setagaya.lg.jp/fukasawa-h/,,https://www.city.setagaya.lg.jp/fukasawa-h/,区立高校
東京都,私立,開成高等学校,荒川区,区部,https://www.kaiseigakuen.jp/,,https://www.kaiseigakuen.jp/,
東京都,私立,麻布高等学校,港区,区部,https://www.azabu-jh.ed.jp/,,https://www.azabu-jh.ed.jp/,
東京都,私立,武蔵高等学校,練馬区,区部,https://www.musashi.ed.jp/,,https://www.musashi.ed.jp/,
東京都,私立,駒場東邦高等学校,世田谷区,区部,https://www.komabatohigakko.jp/,,https://www.komabatohigakko.jp/,
東京都,私立,早稲田高等学校,新宿区,区部,https://www.waseda-h.ed.jp/,,https://www.waseda-h.ed.jp/,
東京都,私立,慶應義塾高等学校,港区,区部,https://www.keio.ac.jp/ja/high-school/,,https://www.keio.ac.jp/ja/high-school/,
東京都,私立,海城高等学校,新宿区,区部,https://www.kaijo.ed.jp/,,https://www.kaijo.ed.jp/,
東京都,私立,豊島岡女子学園高等学校,豊島区,区部,https://www.toshimagaoka.ed.jp/,,https://www.toshimagaoka.ed.jp/,
東京都,私立,女子学院高等学校,千代田区,区部,https://www.joshigakuin.ed.jp/,,https://www.joshigakuin.ed.jp/,
東京都,私立,白百合学園高等学校,千代田区,区部,https://www.shirayuri.ac.jp/gakuen/,,https://www.shirayuri.ac.jp/gakuen/,
東京都,私立,桐朋高等学校,国立市,多摩,https://www.toho.ac.jp/toho/senior-high/,,https://www.toho.ac.jp/toho/senior-high/,
東京都,私立,青山学院高等部,渋谷区,区部,https://www.aoyama.ed.jp/hfc/,,https://www.aoyama.ed.jp/hfc/,
東京都,私立,立教高等学校,豊島区,区部,https://rikkyo.ac.jp/highschool/,,https://rikkyo.ac.jp/highschool/,
東京都,私立,学習院高等科,豊島区,区部,https://www.gakushuin.ac.jp/highschool/,,https://www.gakushuin.ac.jp/highschool/,
東京都,私立,成城学園高等学校,世田谷区,区部,https://www.seijogakuen.ed.jp/highschool/,,https://www.seijogakuen.ed.jp/highschool/,
東京都,私立,世田谷学園高等学校,世田谷区,区部,https://www.setagayagakuen.ac.jp/,,https://www.setagayagakuen.ac.jp/,
東京都,私立,攻玉社高等学校,品川区,区部,https://www.kogyokusha.ed.jp/,,https://www.kogyokusha.ed.jp/,
東京都,私立,品川女子学院高等部,品川区,区部,https://www.shinagawajoshigakuin.jp/,,https://www.shinagawajoshigakuin.jp/,
東京都,私立,愛国高等学校,江戸川区,区部,https://www.aikoku-h.ed.jp/,,https://www.aikoku-h.ed.jp/,
東京都,私立,足立学園高等学校,足立区,区部,https://www.adachigakuen-h.ed.jp/,,https://www.adachigakuen-h.ed.jp/,
東京都,私立,郁文館高等学校,文京区,区部,https://www.ikubunkan.ed.jp/,,https://www.ikubunkan.ed.jp/,
東京都,私立,岩倉高等学校,台東区,区部,https://www.iwakura.ac.jp/,,https://www.iwakura.ac.jp/,
東京都,私立,上野学園高等学校,台東区,区部,https://www.uenogakuen.ed.jp/,,https://www.uenogakuen.ed.jp/,
東京都,私立,桜美林高等学校,町田市,多摩,https://www.obirin.ed.jp/highschool/,,https://www.obirin.ed.jp/highschool/,
東京都,私立,大妻高等学校,千代田区,区部,https://www.otsuma.ed.jp/,,https://www.otsuma.ed.jp/,
東京都,私立,大妻多摩高等学校,多摩市,多摩,https://www.otsuma-tama.ed.jp/,,https://www.otsuma-tama.ed.jp/,
東京都,私立,鴎友学園女子高等学校,世田谷区,区部,https://www.ohyu.jp/,,https://www.ohyu.jp/,
東京都,私立,かえつ有明高等学校,江東区,区部,https://www.ariake.kaetsu.ac.jp/,,https://www.ariake.kaetsu.ac.jp/,
東京都,私立,川村高等学校,豊島区,区部,https://www.kawamura.ac.jp/,,https://www.kawamura.ac.jp/,
東京都,私立,北豊島高等学校,荒川区,区部,https://www.kitatoshima.ed.jp/,,https://www.kitatoshima.ed.jp/,
東京都,私立,国学院高等学校,渋谷区,区部,https://www.kokugakuin.ed.jp/education/h/,,https://www.kokugakuin.ed.jp/education/h/,
東京都,私立,国学院大学久我山高等学校,杉並区,区部,https://www.kugayama-h.ed.jp/,,https://www.kugayama-h.ed.jp/,
東京都,私立,駒澤大学高等学校,世田谷区,区部,https://www.komazawa.ed.jp/,,https://www.komazawa.ed.jp/,
東京都,私立,実践女子学園高等学校,渋谷区,区部,https://jissen.ac.jp/,,https://jissen.ac.jp/,
東京都,私立,芝高等学校,港区,区部,https://www.shiba.ac.jp/,,https://www.shiba.ac.jp/,
東京都,私立,渋谷教育学園渋谷高等学校,渋谷区,区部,https://www.shibushibu.jp/,,https://www.shibushibu.jp/,
東京都,私立,十文字高等学校,豊島区,区部,https://www.jumonji.ac.jp/,,https://www.jumonji.ac.jp/,
東京都,私立,順天高等学校,北区,区部,https://www.junten.ed.jp/,,https://www.junten.ed.jp/,
東京都,私立,城北高等学校,板橋区,区部,https://www.johoku.ac.jp/,,https://www.johoku.ac.jp/,
東京都,私立,聖心女子学院高等科,港区,区部,https://www.sacredheart.ed.jp/,,https://www.sacredheart.ed.jp/,
東京都,私立,専修大学附属高等学校,杉並区,区部,https://www.senshu-u-h.ed.jp/,,https://www.senshu-u-h.ed.jp/,
東京都,私立,創価高等学校,小平市,多摩,https://www.soka-h.ed.jp/,,https://www.soka-h.ed.jp/,
東京都,私立,拓殖大学第一高等学校,小平市,多摩,https://www.takushoku-daiichi-hs.ac.jp/,,https://www.takushoku-daiichi-hs.ac.jp/,
東京都,私立,玉川学園高等部,町田市,多摩,https://www.tamagawa.jp/campus/tamagawa/highschool/,,https://www.tamagawa.jp/campus/tamagawa/highschool/,
東京都,私立,中央大学付属高等学校,小金井市,多摩,https://www.cu-h.ed.jp/,,https://www.cu-h.ed.jp/,
東京都,私立,中央大学高等学校,小金井市,多摩,https://www.cu-hs.chuo-u.ac.jp/,,https://www.cu-hs.chuo-u.ac.jp/,
東京都,私立,貞静学園高等学校,文京区,区部,https://www.teisei.ed.jp/,,https://www.teisei.ed.jp/,
東京都,私立,東京高等学校,品川区,区部,https://www.tokyo-hs.ed.jp/,,https://www.tokyo-hs.ed.jp/,
東京都,私立,東京工業大学附属科学技術高等学校,品川区,区部,https://www.stem.titech.ac.jp/,,https://www.stem.titech.ac.jp/,国立大学附属
東京都,私立,東京成徳大学高等学校,北区,区部,https://www.ts-h.ed.jp/,,https://www.ts-h.ed.jp/,
東京都,私立,東京電機大学高等学校,足立区,区部,https://www.dendai.ed.jp/,,https://www.dendai.ed.jp/,
東京都,私立,東京農業大学第一高等学校,世田谷区,区部,https://www.nodai-1-h.ed.jp/,,https://www.nodai-1-h.ed.jp/,
東京都,私立,東京農業大学第三高等学校,東大和市,多摩,https://www.nodai-3-h.ed.jp/,,https://www.nodai-3-h.ed.jp/,
東京都,私立,東洋高等学校,文京区,区部,https://www.toyo.ed.jp/toyo/jh/,,https://www.toyo.ed.jp/toyo/jh/,
東京都,私立,獨協高等学校,文京区,区部,https://www.dokkyo.ed.jp/,,https://www.dokkyo.ed.jp/,
東京都,私立,日本工業大学駒場高等学校,目黒区,区部,https://www.nit-k.ed.jp/,,https://www.nit-k.ed.jp/,
東京都,私立,日本大学第一高等学校,墨田区,区部,https://www.nichidai1-jhs.ed.jp/,,https://www.nichidai1-jhs.ed.jp/,
東京都,私立,日本大学第二高等学校,杉並区,区部,https://www.nichidai2.ed.jp/,,https://www.nichidai2.ed.jp/,
東京都,私立,日本大学第三高等学校,町田市,多摩,https://www.nichidai3.ed.jp/,,https://www.nichidai3.ed.jp/,
東京都,私立,日本大学豊山高等学校,文京区,区部,https://www.buzan.hs.nihon-u.ac.jp/,,https://www.buzan.hs.nihon-u.ac.jp/,
東京都,私立,日本大学豊山女子高等学校,板橋区,区部,https://www.buzan-joshi.hs.nihon-u.ac.jp/,,https://www.buzan-joshi.hs.nihon-u.ac.jp/,
東京都,私立,富士見ヶ丘高等学校,杉並区,区部,https://www.fujimigaoka.ac.jp/,,https://www.fujimigaoka.ac.jp/,
東京都,私立,文化学園大学杉並高等学校,杉並区,区部,https://www.bunsugi.ed.jp/,,https://www.bunsugi.ed.jp/,
東京都,私立,文京学院大学女子高等学校,文京区,区部,https://www.bunkyo.ac.jp/,,https://www.bunkyo.ac.jp/,
東京都,私立,明治大学付属中野高等学校,中野区,区部,https://www.meinaka.jp/,,https://www.meinaka.jp/,
東京都,私立,明治大学付属明治高等学校,調布市,多摩,https://www.meiji.ac.jp/ko_chu/,,https://www.meiji.ac.jp/ko_chu/,
東京都,私立,明治学院高等学校,港区,区部,https://www.meijigakuin.ac.jp/highschool/,,https://www.meijigakuin.ac.jp/highschool/,
東京都,私立,目黒学院高等学校,目黒区,区部,https://www.meguro.ac.jp/,,https://www.meguro.ac.jp/,
東京都,私立,目白研心高等学校,新宿区,区部,https://www.mejiro-kenshin.ac.jp/,,https://www.mejiro-kenshin.ac.jp/,
東京都,私立,八雲学園高等学校,目黒区,区部,https://www.yakumo.ed.jp/,,https://www.yakumo.ed.jp/,
東京都,私立,山脇学園高等学校,港区,区部,https://www.yamawaki.ed.jp/,,https://www.yamawaki.ed.jp/,
東京都,私立,立正大学付属立正高等学校,大田区,区部,https://www.rissho-h.ed.jp/,,https://www.rissho-h.ed.jp/,
東京都,私立,成蹊高等学校,武蔵野市,多摩,https://www.seikei.ac.jp/university/jhs/,,https://www.seikei.ac.jp/university/jhs/,
東京都,私立,法政大学高等学校,三鷹市,多摩,https://www.hosei.ac.jp/highschool/,,https://www.hosei.ac.jp/highschool/,
東京都,私立,聖学院高等学校,北区,区部,https://www.seigakuin.ed.jp/,,https://www.seigakuin.ed.jp/,
東京都,私立,星美学園高等学校,北区,区部,https://www.seibi.ac.jp/,,https://www.seibi.ac.jp/,
東京都,私立,本郷高等学校,豊島区,区部,https://www.hongo.ed.jp/,,https://www.hongo.ed.jp/,
東京都,私立,工学院大学附属高等学校,八王子市,多摩,https://www.kog.ed.jp/,,https://www.kog.ed.jp/,
東京都,私立,佼成学園高等学校,杉並区,区部,https://www.kosei-gakuen.ac.jp/,,https://www.kosei-gakuen.ac.jp/,
東京都,私立,佼成学園女子高等学校,世田谷区,区部,https://www.kosei-joshi.ac.jp/,,https://www.kosei-joshi.ac.jp/,
東京都,私立,堀越高等学校,中野区,区部,https://www.horikoshi.ed.jp/,,https://www.horikoshi.ed.jp/,
東京都,私立,宝仙学園高等学校,中野区,区部,https://www.hosen.ed.jp/,,https://www.hosen.ed.jp/,
東京都,私立,立教女学院高等学校,杉並区,区部,https://www.rikkyojogakuin.ac.jp/,,https://www.rikkyojogakuin.ac.jp/,
東京都,私立,田園調布学園高等部,世田谷区,区部,https://www.denen.ed.jp/highschool/,,https://www.denen.ed.jp/highschool/,
東京都,私立,東洋英和女学院高等部,港区,区部,https://www.toyoeiwa.ac.jp/senior-high/,,https://www.toyoeiwa.ac.jp/senior-high/,
東京都,私立,恵泉女学園高等学校,多摩市,多摩,https://www.keisen.ac.jp/,,https://www.keisen.ac.jp/,
東京都,私立,光塩女子学院高等科,杉並区,区部,https://www.kouentan.org/,,https://www.kouentan.org/,
東京都,私立,実践学園高等学校,新宿区,区部,https://www.jissengakuen-h.ed.jp/,,https://www.jissengakuen-h.ed.jp/,
東京都,私立,目黒日本大学高等学校,目黒区,区部,https://www.n-meguro.ed.jp/,,https://www.n-meguro.ed.jp/,
東京都,私立,中村高等学校,江戸川区,区部,https://www.nakamura-h.ed.jp/,,https://www.nakamura-h.ed.jp/,
東京都,私立,麹町学園女子高等学校,千代田区,区部,https://www.kojimachigakuen.ed.jp/,,https://www.kojimachigakuen.ed.jp/,
東京都,私立,吉祥女子高等学校,武蔵野市,多摩,https://www.kichijo-joshi.ed.jp/,,https://www.kichijo-joshi.ed.jp/,
東京都,私立,明星高等学校,府中市,多摩,https://www.meisei-k12.ed.jp/,,https://www.meisei-k12.ed.jp/,
東京都,私立,帝京高等学校,板橋区,区部,https://teikyo.ed.jp/,,https://teikyo.ed.jp/,
東京都,私立,帝京大学高等学校,八王子市,多摩,https://teikyo.ed.jp/,,https://teikyo.ed.jp/,
東京都,私立,帝京八王子高等学校,八王子市,多摩,https://teikyo-hachioji.ed.jp/,,https://teikyo-hachioji.ed.jp/,
東京都,私立,東亜学園高等学校,中野区,区部,https://www.toagakuen.ac.jp/,,https://www.toagakuen.ac.jp/,
東京都,私立,啓明学園高等学校,昭島市,多摩,https://www.keimei.ac.jp/,,https://www.keimei.ac.jp/,
東京都,私立,共立女子第二高等学校,八王子市,多摩,https://www.kyoritsu-wu.ac.jp/high2/,,https://www.kyoritsu-wu.ac.jp/high2/,
東京都,私立,東海大学菅生高等学校,あきる野市,多摩,https://sugo.tokai.ed.jp/,,https://sugo.tokai.ed.jp/,
東京都,私立,日出高等学校,渋谷区,区部,https://www.hidegaya.ed.jp/,,https://www.hidegaya.ed.jp/,
東京都,私立,東京純心女子高等学校,八王子市,多摩,https://www.t-junshin.ac.jp/highschool/,,https://www.t-junshin.ac.jp/highschool/,
東京都,私立,武蔵野大学高等学校,西東京市,多摩,https://www.musashino-u.ac.jp/highschool/,,https://www.musashino-u.ac.jp/highschool/,
東京都,私立,大東学園高等学校,世田谷区,区部,https://www.daitogakuen.ed.jp/,,https://www.daitogakuen.ed.jp/,
東京都,私立,東京立正高等学校,杉並区,区部,https://www.tokyorissho.ed.jp/,,https://www.tokyorissho.ed.jp/,
東京都,私立,杉並学院高等学校,杉並区,区部,https://www.suginamigakuin.ac.jp/,,https://www.suginamigakuin.ac.jp/,
東京都,私立,昭和女子大学附属昭和高等学校,世田谷区,区部,https://jh.swu.ac.jp/,,https://jh.swu.ac.jp/,
東京都,私立,東京女学館高等学校,渋谷区,区部,https://www.tjk.ed.jp/,,https://www.tjk.ed.jp/,
東京都,私立,立教池袋高等学校,豊島区,区部,https://rikkyo.ac.jp/highschool/ikebukuro/,,https://rikkyo.ac.jp/highschool/ikebukuro/,
東京都,私立,関東国際高等学校,渋谷区,区部,https://www.kanto-kokusai.ac.jp/,,https://www.kanto-kokusai.ac.jp/,
東京都,私立,多摩大学附属聖ケ丘高等学校,多摩市,多摩,https://www.hijirigaoka.ed.jp/,,https://www.hijirigaoka.ed.jp/,
東京都,私立,八王子高等学校,八王子市,多摩,https://www.hachioji.ed.jp/,,https://www.hachioji.ed.jp/,
東京都,私立,東海大学付属高輪台高等学校,港区,区部,https://takanawadai.tokai.ed.jp/,,https://takanawadai.tokai.ed.jp/,
東京都,私立,聖パウロ学園高等学校,八王子市,多摩,https://www.saintpaulgakuen.ed.jp/,,https://www.saintpaulgakuen.ed.jp/,
東京都,私立,大成高等学校,武蔵野市,多摩,https://www.taisei.ac.jp/,,https://www.taisei.ac.jp/,
東京都,私立,錦城高等学校,小平市,多摩,https://www.kinjohs.ed.jp/,,https://www.kinjohs.ed.jp/,
東京都,私立,和光高等学校,町田市,多摩,https://www.wako.ed.jp/,,https://www.wako.ed.jp/,
東京都,私立,藤村女子高等学校,武蔵野市,多摩,https://www.fujimura.ac.jp/,,https://www.fujimura.ac.jp/,
東京都,私立,玉川聖学院高等部,世田谷区,区部,https://www.tamagawa-seigakuin.ed.jp/,,https://www.tamagawa-seigakuin.ed.jp/,
東京都,私立,神田女学園高等学校,千代田区,区部,https://www.kandajogakuen.ed.jp/,,https://www.kandajogakuen.ed.jp/,
東京都,私立,桜丘高等学校,足立区,区部,https://sakuragaoka.ac.jp/,,https://sakuragaoka.ac.jp/,
東京都,私立,蒲田女子高等学校,大田区,区部,https://www.kamata-jh.ed.jp/,,https://www.kamata-jh.ed.jp/,
東京都,私立,お茶の水女子大学附属高等学校,文京区,区部,https://www.fz.ocha.ac.jp/,,https://www.fz.ocha.ac.jp/,国立大学附属
東京都,私立,筑波大学附属高等学校,文京区,区部,https://www.high.tsukuba.ac.jp/,,https://www.high.tsukuba.ac.jp/,国立大学附属
東京都,私立,筑波大学附属駒場高等学校,世田谷区,区部,https://www.komaba.tsukuba.ac.jp/,,https://www.komaba.tsukuba.ac.jp/,国立大学附属
東京都,私立,東京学芸大学附属高等学校,小金井市,多摩,https://www.gakugei-hs.ouj.ac.jp/,,https://www.gakugei-hs.ouj.ac.jp/,国立大学附属
東京都,私立,東京大学教育学部附属中等教育学校,目黒区,区部,https://www.u-tokyo.ac.jp/ja/academics/affiliated-schools.html,,, 国立大学附属（中等教育学校）
神奈川県,神奈川県立,横浜翠嵐高等学校,横浜市神奈川区,横浜,https://www.pen-kanagawa.ed.jp/y-suiran-h/,,,
神奈川県,神奈川県立,横浜平沼高等学校,横浜市西区,横浜,https://www.pen-kanagawa.ed.jp/y-hiranuma-h/,,,
神奈川県,神奈川県立,横浜国際高等学校,横浜市南区,横浜,https://www.pen-kanagawa.ed.jp/yokohamakokusai-h/,,,
神奈川県,神奈川県立,横浜立野高等学校,横浜市中区,横浜,https://www.pen-kanagawa.ed.jp/yokohama-tateno-h/,,,
神奈川県,神奈川県立,横浜清陵高等学校,横浜市南区,横浜,https://www.pen-kanagawa.ed.jp/yokohamaseiry-h/,,,
神奈川県,神奈川県立,光陵高等学校,横浜市保土ケ谷区,横浜,https://www.pen-kanagawa.ed.jp/koryou-h/,,,
神奈川県,神奈川県立,神奈川工業高等学校,横浜市神奈川区,横浜,https://www.pen-kanagawa.ed.jp/kanagawa-th/,,,
神奈川県,神奈川県立,商工高等学校,横浜市鶴見区,横浜,https://www.pen-kanagawa.ed.jp/shoko-h/,,,
神奈川県,神奈川県立,神奈川総合高等学校,横浜市神奈川区,横浜,https://www.pen-kanagawa.ed.jp/kanagawasohgoh-h/,,https://www.pen-kanagawa.ed.jp/kanagawasohgoh-h/contact.html,
神奈川県,神奈川県立,城郷高等学校,横浜市神奈川区,横浜,https://www.pen-kanagawa.ed.jp/jyoko-h/,,,
神奈川県,神奈川県立,鶴見総合高等学校,横浜市鶴見区,横浜,https://www.pen-kanagawa.ed.jp/tsurumisogo-h/,,,
神奈川県,神奈川県立,保土ケ谷高等学校,横浜市保土ケ谷区,横浜,https://www.pen-kanagawa.ed.jp/hodogaya-h/,,,
神奈川県,神奈川県立,旭高等学校,横浜市旭区,横浜,https://www.pen-kanagawa.ed.jp/asahi-h/,,,
神奈川県,神奈川県立,希望ヶ丘高等学校,横浜市旭区,横浜,https://www.pen-kanagawa.ed.jp/kibogaoka-h/,,,
神奈川県,神奈川県立,二俣川看護福祉高等学校,横浜市旭区,横浜,https://www.pen-kanagawa.ed.jp/futamatagawa-h/,,,
神奈川県,神奈川県立,横浜旭陵高等学校,横浜市旭区,横浜,https://www.pen-kanagawa.ed.jp/yokohamakyoryo-h/,,,
神奈川県,神奈川県立,松陽高等学校,横浜市戸塚区,横浜,https://www.pen-kanagawa.ed.jp/shoyo-h/,,,
神奈川県,神奈川県立,横浜桜陽高等学校,横浜市戸塚区,横浜,https://www.pen-kanagawa.ed.jp/yokohamaohyo-h/,,,
神奈川県,神奈川県立,舞岡高等学校,横浜市戸塚区,横浜,https://www.pen-kanagawa.ed.jp/maioka-h/,,,
神奈川県,神奈川県立,永谷高等学校,横浜市港南区,横浜,https://www.pen-kanagawa.ed.jp/nagaya-h/,,,
神奈川県,神奈川県立,横浜南陵高等学校,横浜市港南区,横浜,https://www.pen-kanagawa.ed.jp/yokohamanamryo-h/,,,
神奈川県,神奈川県立,上矢部高等学校,横浜市戸塚区,横浜,https://www.pen-kanagawa.ed.jp/kamiyabe-h/,,,
神奈川県,神奈川県立,柏陽高等学校,横浜市栄区,横浜,https://www.pen-kanagawa.ed.jp/hakuyo-h/,,,
神奈川県,神奈川県立,横浜栄高等学校,横浜市栄区,横浜,https://www.pen-kanagawa.ed.jp/yokohamasakae-h/,,,
神奈川県,神奈川県立,釜利谷高等学校,横浜市金沢区,横浜,https://www.pen-kanagawa.ed.jp/kamariya-h/,,,
神奈川県,神奈川県立,金沢総合高等学校,横浜市金沢区,横浜,https://www.pen-kanagawa.ed.jp/kanazawasogo-h/,,,
神奈川県,神奈川県立,横浜氷取沢高等学校,横浜市磯子区,横浜,https://www.pen-kanagawa.ed.jp/hiotorizawa-h/,,,
神奈川県,神奈川県立,磯子工業高等学校,横浜市磯子区,横浜,https://www.pen-kanagawa.ed.jp/isogo-th/,,,
神奈川県,神奈川県立,港北高等学校,横浜市港北区,横浜,https://www.pen-kanagawa.ed.jp/kohoku-h/,,,
神奈川県,神奈川県立,岸根高等学校,横浜市港北区,横浜,https://www.pen-kanagawa.ed.jp/kishineh-h/,,,
神奈川県,神奈川県立,新羽高等学校,横浜市港北区,横浜,https://www.pen-kanagawa.ed.jp/nippe-h/,,,
神奈川県,神奈川県立,川和高等学校,横浜市都筑区,横浜,https://www.pen-kanagawa.ed.jp/kawawa-h/,,,
神奈川県,神奈川県立,市ヶ尾高等学校,横浜市青葉区,横浜,https://www.pen-kanagawa.ed.jp/ichigao-h/,,,
神奈川県,神奈川県立,元石川高等学校,横浜市青葉区,横浜,https://www.pen-kanagawa.ed.jp/motoishikawa-h/,,,
神奈川県,神奈川県立,荏田高等学校,横浜市青葉区,横浜,https://www.pen-kanagawa.ed.jp/eta-h/,,,
神奈川県,神奈川県立,田奈高等学校,横浜市青葉区,横浜,https://www.pen-kanagawa.ed.jp/tana-h/,,,
神奈川県,神奈川県立,青葉台高等学校,横浜市青葉区,横浜,https://www.pen-kanagawa.ed.jp/aobadai-h/,,,
神奈川県,神奈川県立,新栄高等学校,横浜市都筑区,横浜,https://www.pen-kanagawa.ed.jp/shinei-h/,,,
神奈川県,神奈川県立,霧が丘高等学校,横浜市緑区,横浜,https://www.pen-kanagawa.ed.jp/kirigaoka-h/,,,
神奈川県,神奈川県立,白山高等学校,横浜市緑区,横浜,https://www.pen-kanagawa.ed.jp/hakusan-h/,,,
神奈川県,神奈川県立,横浜緑園高等学校,横浜市泉区,横浜,https://www.pen-kanagawa.ed.jp/yokohamaryokuen-h/,,,
神奈川県,神奈川県立,金井高等学校,横浜市緑区,横浜,https://www.pen-kanagawa.ed.jp/kanai-h/,,,
神奈川県,神奈川県立,横浜瀬谷高等学校,横浜市瀬谷区,横浜,https://www.pen-kanagawa.ed.jp/yokohamaseya-h/,,,
神奈川県,神奈川県立,横浜修悠館高等学校,横浜市泉区,横浜,https://www.pen-kanagawa.ed.jp/yokohamashuyu-h/,,,通信制
神奈川県,神奈川県立,横浜緑ヶ丘高等学校,横浜市中区,横浜,https://www.pen-kanagawa.ed.jp/y-midorigaoka-h/,,,
神奈川県,神奈川県立,青葉総合高等学校,横浜市青葉区,横浜,https://www.pen-kanagawa.ed.jp/aobashogo-h/,,,
神奈川県,神奈川県立,横浜明朋高等学校,横浜市旭区,横浜,https://www.pen-kanagawa.ed.jp/yokohamameiho-h/,,,定時制
神奈川県,神奈川県立,川崎高等学校,川崎市幸区,川崎,https://www.pen-kanagawa.ed.jp/kawasaki-h/,,,
神奈川県,神奈川県立,川崎北高等学校,川崎市宮前区,川崎,https://www.pen-kanagawa.ed.jp/kawasaki-kita-h/,,,
神奈川県,神奈川県立,川崎工科高等学校,川崎市幸区,川崎,https://www.pen-kanagawa.ed.jp/kawasaki-th/,,,
神奈川県,神奈川県立,多摩高等学校,川崎市多摩区,川崎,https://www.pen-kanagawa.ed.jp/tama-h/,,,
神奈川県,神奈川県立,新城高等学校,川崎市中原区,川崎,https://www.pen-kanagawa.ed.jp/shinjo-h/,,,
神奈川県,神奈川県立,生田高等学校,川崎市多摩区,川崎,https://www.pen-kanagawa.ed.jp/ikuta-h/,,,
神奈川県,神奈川県立,生田東高等学校,川崎市多摩区,川崎,https://www.pen-kanagawa.ed.jp/ikutahigashi-h/,,,
神奈川県,神奈川県立,百合丘高等学校,川崎市麻生区,川崎,https://www.pen-kanagawa.ed.jp/yurigaoka-h/,,,
神奈川県,神奈川県立,向の岡工業高等学校,川崎市多摩区,川崎,https://www.pen-kanagawa.ed.jp/mukainookako-h/,,,
神奈川県,神奈川県立,住吉高等学校,川崎市中原区,川崎,https://www.pen-kanagawa.ed.jp/sumiyoshi-h/,,,
神奈川県,神奈川県立,大師高等学校,川崎市川崎区,川崎,https://www.pen-kanagawa.ed.jp/daishi-h/,,,
神奈川県,神奈川県立,菅高等学校,川崎市多摩区,川崎,https://www.pen-kanagawa.ed.jp/suge-h/,,,
神奈川県,神奈川県立,麻生高等学校,川崎市麻生区,川崎,https://www.pen-kanagawa.ed.jp/asao-h/,,,
神奈川県,神奈川県立,相模原高等学校,相模原市中央区,相模原,https://www.pen-kanagawa.ed.jp/sagamihara-h/,,,
神奈川県,神奈川県立,相模原弥栄高等学校,相模原市中央区,相模原,https://www.pen-kanagawa.ed.jp/sagamiharayaei-h/,,,
神奈川県,神奈川県立,相模原城山高等学校,相模原市緑区,相模原,https://www.pen-kanagawa.ed.jp/s-shiroyama-h/,,,2023年開校（相模原総合・城山統合）
神奈川県,神奈川県立,麻溝台高等学校,相模原市南区,相模原,https://www.pen-kanagawa.ed.jp/asumizodai-h/,,,
神奈川県,神奈川県立,相模大野高等学校,相模原市南区,相模原,https://www.pen-kanagawa.ed.jp/sagamiohno-h/,,,
神奈川県,神奈川県立,上鶴間高等学校,相模原市南区,相模原,https://www.pen-kanagawa.ed.jp/kamitsuruma-h/,,,
神奈川県,神奈川県立,橋本高等学校,相模原市緑区,相模原,https://www.pen-kanagawa.ed.jp/hashimoto-h/,,,
神奈川県,神奈川県立,津久井高等学校,相模原市緑区,相模原,https://www.pen-kanagawa.ed.jp/tsukui-h/,,,
神奈川県,神奈川県立,相模田名高等学校,相模原市中央区,相模原,https://www.pen-kanagawa.ed.jp/sagamitana-h/,,,
神奈川県,神奈川県立,横須賀高等学校,横須賀市,横須賀三浦,https://www.pen-kanagawa.ed.jp/yokosuka-h/,,,
神奈川県,神奈川県立,横須賀大津高等学校,横須賀市,横須賀三浦,https://www.pen-kanagawa.ed.jp/yokosuka-otsu-h/,,,
神奈川県,神奈川県立,横須賀工業高等学校,横須賀市,横須賀三浦,https://www.pen-kanagawa.ed.jp/yokosuka-th/,,,
神奈川県,神奈川県立,海洋科学高等学校,横須賀市,横須賀三浦,https://www.pen-kanagawa.ed.jp/kaiyokagaku-h/,,,
神奈川県,神奈川県立,追浜高等学校,横須賀市,横須賀三浦,https://www.pen-kanagawa.ed.jp/oihama-h/,,,
神奈川県,神奈川県立,津久井浜高等学校,横須賀市,横須賀三浦,https://www.pen-kanagawa.ed.jp/tsukuihama-h/,,,
神奈川県,神奈川県立,逗子葉山高等学校,逗子市,横須賀三浦,https://www.pen-kanagawa.ed.jp/zushi-hayama-h/,,,
神奈川県,神奈川県立,横須賀南高等学校,横須賀市,横須賀三浦,https://www.pen-kanagawa.ed.jp/yokosuka-minami-h/,,,
神奈川県,神奈川県立,三浦初声高等学校,三浦市,横須賀三浦,https://www.pen-kanagawa.ed.jp/miurahasse-h/,,,
神奈川県,神奈川県立,深沢高等学校,鎌倉市,横須賀三浦,https://www.pen-kanagawa.ed.jp/fukasawa-h/,,,
神奈川県,神奈川県立,鎌倉高等学校,鎌倉市,湘南,https://www.pen-kanagawa.ed.jp/kamakura-h/,,,
神奈川県,神奈川県立,大船高等学校,鎌倉市,湘南,https://www.pen-kanagawa.ed.jp/ofuna-h/,,,
神奈川県,神奈川県立,湘南高等学校,藤沢市,湘南,https://www.pen-kanagawa.ed.jp/shonan-h/,,,
神奈川県,神奈川県立,藤沢工業技術高等学校,藤沢市,湘南,https://www.pen-kanagawa.ed.jp/fujisawa-th/,,,
神奈川県,神奈川県立,藤沢清流高等学校,藤沢市,湘南,https://www.pen-kanagawa.ed.jp/fujisawaseiryu-h/,,,
神奈川県,神奈川県立,藤沢西高等学校,藤沢市,湘南,https://www.pen-kanagawa.ed.jp/fujisawawest-h/,,,
神奈川県,神奈川県立,藤沢総合高等学校,藤沢市,湘南,https://www.pen-kanagawa.ed.jp/fujisawasogo-h/,,,
神奈川県,神奈川県立,茅ヶ崎高等学校,茅ヶ崎市,湘南,https://www.pen-kanagawa.ed.jp/chigasaki-h/,,,
神奈川県,神奈川県立,茅ヶ崎北陵高等学校,茅ヶ崎市,湘南,https://www.pen-kanagawa.ed.jp/chigasakihoryo-h/,,,
神奈川県,神奈川県立,寒川高等学校,高座郡寒川町,湘南,https://www.pen-kanagawa.ed.jp/samukawa-h/,,,
神奈川県,神奈川県立,大磯高等学校,中郡大磯町,湘南,https://www.pen-kanagawa.ed.jp/oiso-h/,,,
神奈川県,神奈川県立,二宮高等学校,中郡二宮町,湘南,https://www.pen-kanagawa.ed.jp/ninomiya-h/,,,
神奈川県,神奈川県立,平塚江南高等学校,平塚市,湘南,https://www.pen-kanagawa.ed.jp/hiratsukakonan-h/,,,
神奈川県,神奈川県立,平塚工科高等学校,平塚市,湘南,https://www.pen-kanagawa.ed.jp/hiratsuka-th/,,,
神奈川県,神奈川県立,平塚農商高等学校,平塚市,湘南,https://www.pen-kanagawa.ed.jp/hiratsukanohsho-h/,,,
神奈川県,神奈川県立,平塚湘風高等学校,平塚市,湘南,https://www.pen-kanagawa.ed.jp/hiratsukaShowfu-h/,,,単位制
神奈川県,神奈川県立,秦野高等学校,秦野市,湘南,https://www.pen-kanagawa.ed.jp/hadano-h/,,,
神奈川県,神奈川県立,秦野総合高等学校,秦野市,湘南,https://www.pen-kanagawa.ed.jp/hadanosogo-h/,,,
神奈川県,神奈川県立,秦野曽屋高等学校,秦野市,湘南,https://www.pen-kanagawa.ed.jp/hadanosooya-h/,,,
神奈川県,神奈川県立,厚木高等学校,厚木市,県央,https://www.pen-kanagawa.ed.jp/atsugi-h/,,,
神奈川県,神奈川県立,厚木北高等学校,厚木市,県央,https://www.pen-kanagawa.ed.jp/atsugikita-h/,,,
神奈川県,神奈川県立,厚木東高等学校,愛甲郡愛川町,県央,https://www.pen-kanagawa.ed.jp/atsugihigashi-h/,,,
神奈川県,神奈川県立,厚木清南高等学校,厚木市,県央,https://www.pen-kanagawa.ed.jp/atsugiseinan-h/,,,
神奈川県,神奈川県立,厚木西高等学校,厚木市,県央,https://www.pen-kanagawa.ed.jp/atsugi-west-h/,,,
神奈川県,神奈川県立,伊志田高等学校,厚木市,県央,https://www.pen-kanagawa.ed.jp/ishida-h/,,,
神奈川県,神奈川県立,伊勢原高等学校,伊勢原市,県央,https://www.pen-kanagawa.ed.jp/isehara-h/,,,
神奈川県,神奈川県立,大和高等学校,大和市,県央,https://www.pen-kanagawa.ed.jp/yamato-h/,,,
神奈川県,神奈川県立,大和南高等学校,大和市,県央,https://www.pen-kanagawa.ed.jp/yamato-minami-h/,,,
神奈川県,神奈川県立,大和東高等学校,大和市,県央,https://www.pen-kanagawa.ed.jp/yamato-east-h/,,,
神奈川県,神奈川県立,大和西高等学校,大和市,県央,https://www.pen-kanagawa.ed.jp/yamato-west-h/,,,
神奈川県,神奈川県立,海老名高等学校,海老名市,県央,https://www.pen-kanagawa.ed.jp/ebina-h/,,,
神奈川県,神奈川県立,有馬高等学校,海老名市,県央,https://www.pen-kanagawa.ed.jp/arima-h/,,,
神奈川県,神奈川県立,座間高等学校,座間市,県央,https://www.pen-kanagawa.ed.jp/zama-h/,,,
神奈川県,神奈川県立,座間総合高等学校,座間市,県央,https://www.pen-kanagawa.ed.jp/zama-sogo-h/,,,
神奈川県,神奈川県立,綾瀬高等学校,綾瀬市,県央,https://www.pen-kanagawa.ed.jp/ayase-h/,,,
神奈川県,神奈川県立,綾瀬西高等学校,綾瀬市,県央,https://www.pen-kanagawa.ed.jp/ayase-west-h/,,,
神奈川県,神奈川県立,愛川高等学校,愛甲郡愛川町,県央,https://www.pen-kanagawa.ed.jp/aikawa-h/,,,
神奈川県,神奈川県立,小田原高等学校,小田原市,西湘,https://www.pen-kanagawa.ed.jp/odawara-h/,,,
神奈川県,神奈川県立,小田原東高等学校,小田原市,西湘,https://www.pen-kanagawa.ed.jp/odawarahigashi-h/,,,
神奈川県,神奈川県立,城北工業高等学校,小田原市,西湘,https://www.pen-kanagawa.ed.jp/johoku-th/,,,
神奈川県,神奈川県立,西湘高等学校,小田原市,西湘,https://www.pen-kanagawa.ed.jp/seisho-h/,,,
神奈川県,神奈川県立,吉田島農林高等学校,足柄上郡開成町,足柄上,https://www.pen-kanagawa.ed.jp/yoshidajima-h/,,,
神奈川県,神奈川県立,足柄高等学校,南足柄市,足柄上,https://www.pen-kanagawa.ed.jp/ashigara-h/,,,
神奈川県,神奈川県立,山北高等学校,足柄上郡山北町,足柄上,https://www.pen-kanagawa.ed.jp/yamakita-h/,,,
神奈川県,神奈川県立,松田高等学校,足柄上郡松田町,足柄上,https://www.pen-kanagawa.ed.jp/matsuda-h/,,,
神奈川県,神奈川県立,大井高等学校,足柄上郡大井町,足柄上,https://www.pen-kanagawa.ed.jp/oi-h/,,,
神奈川県,神奈川県立,中井高等学校,足柄上郡中井町,足柄上,https://www.pen-kanagawa.ed.jp/nakai-h/,,,
神奈川県,神奈川県立,南足柄高等学校,南足柄市,足柄上,https://www.pen-kanagawa.ed.jp/minamiashigara-h/,,,
神奈川県,横浜市立,横浜市立東高等学校,横浜市鶴見区,横浜,https://www.edu.city.yokohama.lg.jp/school/hs/higashi/,,,
神奈川県,横浜市立,横浜市立横浜サイエンスフロンティア高等学校,横浜市鶴見区,横浜,https://www.edu.city.yokohama.lg.jp/school/hs/sfh/,,,
神奈川県,横浜市立,横浜市立桜丘高等学校,横浜市保土ケ谷区,横浜,https://www.edu.city.yokohama.lg.jp/school/hs/sakura/,,,
神奈川県,横浜市立,横浜市立戸塚高等学校,横浜市戸塚区,横浜,https://www.edu.city.yokohama.lg.jp/school/hs/totsuka/,,,
神奈川県,横浜市立,横浜市立南高等学校,横浜市港南区,横浜,https://www.edu.city.yokohama.lg.jp/school/hs/minami/,,,
神奈川県,横浜市立,横浜市立金沢高等学校,横浜市金沢区,横浜,https://www.edu.city.yokohama.lg.jp/school/hs/kanazawa/,,,
神奈川県,横浜市立,横浜市立横浜商業高等学校,横浜市南区,横浜,https://www.edu.city.yokohama.lg.jp/school/hs/y-shogyo/,,,
神奈川県,横浜市立,横浜市立みなと総合高等学校,横浜市中区,横浜,https://www.edu.city.yokohama.lg.jp/school/hs/minato/,,,
神奈川県,横浜市立,横浜市立横浜総合高等学校,横浜市南区,横浜,https://www.edu.city.yokohama.lg.jp/school/hs/y-sogo/,,,通信制
神奈川県,川崎市立,川崎市立川崎高等学校,川崎市川崎区,川崎,https://kawasaki-edu.jp/5/kawasaki-highschool/,,,
神奈川県,川崎市立,川崎市立川崎総合科学高等学校,川崎市高津区,川崎,https://www.kst-h.ed.jp/,,,
神奈川県,川崎市立,川崎市立幸高等学校,川崎市幸区,川崎,https://kawasaki-edu.jp/5/saiwai/,,,
神奈川県,川崎市立,川崎市立橘高等学校,川崎市中原区,川崎,https://kawasaki-edu.jp/5/tachibana-highschool-zen/,,,
神奈川県,川崎市立,川崎市立高津高等学校,川崎市高津区,川崎,https://kawasaki-edu.jp/5/takatsu/,,,
神奈川県,私立,浅野高等学校,横浜市神奈川区,横浜,https://www.asano.ed.jp/highschool/,,,
神奈川県,私立,栄光学園高等学校,鎌倉市,湘南,https://www.eiko-ed.jp/,,,
神奈川県,私立,聖光学院高等学校,横浜市中区,横浜,https://www.seiko-gakuin.jp/,,,
神奈川県,私立,サレジオ学院高等学校,横浜市都筑区,横浜,https://www.salesio-gakuin.ed.jp/,,,
神奈川県,私立,逗子開成高等学校,逗子市,横須賀三浦,https://www.zushi-kaisei.ac.jp/,,,
神奈川県,私立,鎌倉学園高等学校,鎌倉市,湘南,https://www.kamagaku.ac.jp/,,,
神奈川県,私立,慶應義塾高等学校,横浜市港北区,横浜,https://www.highschool.keio.ac.jp/,,,
神奈川県,私立,慶應義塾湘南藤沢高等部,藤沢市,湘南,https://www.sfc.keio.ac.jp/highschool/,,,
神奈川県,私立,桐蔭学園高等学校,横浜市青葉区,横浜,https://toin.ac.jp/,,,
神奈川県,私立,桐光学園高等学校,川崎市麻生区,川崎,https://www.toko.ed.jp/,,,
神奈川県,私立,山手学院高等学校,横浜市栄区,横浜,https://www.yamate-gakuin.ed.jp/,,,
神奈川県,私立,法政大学国際高等学校,横浜市中区,横浜,https://www.hosei.ac.jp/kokusai/,,,
神奈川県,私立,法政大学第二高等学校,川崎市中原区,川崎,https://www.hosei2.ed.jp/,,,
神奈川県,私立,中央大学附属横浜高等学校,横浜市都筑区,横浜,https://www.yokohama-js.chuo-u.ac.jp/,,,
神奈川県,私立,日本大学高等学校,横浜市港北区,横浜,https://www.nihon-u.ac.jp/highschool/,,,
神奈川県,私立,日本大学藤沢高等学校,藤沢市,湘南,https://www.fujisawa.hs.nihon-u.ac.jp/,,,
神奈川県,私立,専修大学附属高等学校,川崎市多摩区,川崎,https://www.senshu-u-h.ed.jp/,,,
神奈川県,私立,東海大学付属相模高等学校,相模原市南区,相模原,https://www.tokai-sagami.ed.jp/,,,
神奈川県,私立,相洋高等学校,小田原市,西湘,https://www.soyo.ac.jp/,,,
神奈川県,私立,向上高等学校,厚木市,県央,https://www.kojo.ed.jp/,,,
神奈川県,私立,星槎高等学校,横浜市中区,横浜,https://seisa.ed.jp/yoko/,,,
神奈川県,私立,橘学苑高等学校,横浜市鶴見区,横浜,https://www.tachibana.ac.jp/,,,
神奈川県,私立,横須賀学院高等学校,横須賀市,横須賀三浦,https://www.yokosuka-gakuin.ac.jp/,,,
神奈川県,私立,三浦学苑高等学校,横須賀市,横須賀三浦,https://www.miura-gakuen.ed.jp/,,,
神奈川県,私立,アレセイア湘南高等学校,茅ヶ崎市,湘南,https://www.aletheia.ed.jp/,,,
神奈川県,私立,麻布大学附属高等学校,相模原市中央区,相模原,https://www.azabu-univ.ac.jp/hsc/,,,
神奈川県,私立,鵠沼高等学校,藤沢市,湘南,https://www.kugenuma.ed.jp/,,,
神奈川県,私立,藤嶺学園藤沢高等学校,藤沢市,湘南,https://www.tohrei.ed.jp/,,,
神奈川県,私立,聖セシリア女子高等学校,大和市,県央,https://www.cecilia.ed.jp/,,,
神奈川県,私立,関東学院高等学校,横浜市南区,横浜,https://www.kanto-gakuin.ac.jp/high/,,,
神奈川県,私立,関東学院六浦高等学校,横浜市金沢区,横浜,https://www.kgm.ed.jp/,,,
神奈川県,私立,光明学園相模原高等学校,相模原市中央区,相模原,https://www.komei.ed.jp/,,,
神奈川県,私立,平塚学園高等学校,平塚市,湘南,https://www.hiratsukaggk.ed.jp/,,,
神奈川県,私立,平塚誠和高等学校,平塚市,湘南,https://www.seiwa.ed.jp/,,,
神奈川県,私立,武相高等学校,横浜市港北区,横浜,https://www.buso.ac.jp/,,,
神奈川県,私立,北鎌倉女子学園高等学校,鎌倉市,湘南,https://www.kitakama.ac.jp/,,,
神奈川県,私立,横浜高等学校,横浜市神奈川区,横浜,https://www.yokohama-h.ed.jp/,,,
神奈川県,私立,横浜隼人高等学校,横浜市瀬谷区,横浜,https://www.hayato.ed.jp/,,,
神奈川県,私立,横浜創英高等学校,横浜市神奈川区,横浜,https://www.soei.ed.jp/,,,
神奈川県,私立,横浜翠陵高等学校,横浜市緑区,横浜,https://www.suiryo.ed.jp/,,,
神奈川県,私立,横浜清風高等学校,横浜市保土ケ谷区,横浜,https://www.seifuh.ed.jp/,,,
神奈川県,私立,横浜商科大学高等学校,横浜市鶴見区,横浜,https://www.ysc.ac.jp/hs/,,,
神奈川県,私立,横浜女学院高等学校,横浜市中区,横浜,https://www.yjg.y-gakuin.ed.jp/,,,
神奈川県,私立,フェリス女学院高等学校,横浜市中区,横浜,https://www.ferris.ed.jp/,,,
神奈川県,私立,横浜共立学園高等学校,横浜市中区,横浜,https://www.kyoritsu-girls.ed.jp/,,,
神奈川県,私立,捜真女学校高等学部,横浜市神奈川区,横浜,https://www.soshin.ac.jp/,,,
神奈川県,私立,鎌倉女子大学高等部,鎌倉市,湘南,https://www.kamakura-u.ac.jp/highschool/,,,
神奈川県,私立,清泉女学院高等学校,鎌倉市,湘南,https://www.seisen-jh.ed.jp/,,,
神奈川県,私立,湘南白百合学園高等学校,藤沢市,湘南,https://www.shonan-shirayuri.ed.jp/,,,
神奈川県,私立,湘南学院高等学校,横須賀市,横須賀三浦,https://www.shonangakuin.ed.jp/,,,
神奈川県,私立,緑ヶ丘女子高等学校,横須賀市,横須賀三浦,https://www.midorigaoka.ed.jp/,,,
神奈川県,私立,横浜富士見丘学園高等学校,横浜市旭区,横浜,https://www.fujimigaoka.ac.jp/,,,
神奈川県,私立,日本女子大学附属高等学校,川崎市多摩区,川崎,https://www.jwu.ac.jp/hsc/,,,
神奈川県,私立,相模女子大学高等部,相模原市南区,相模原,https://www.sagami-wu.ac.jp/chukou/,,,
神奈川県,私立,東名高等学校,相模原市緑区,相模原,https://www.tomei.ed.jp/,,,
神奈川県,私立,聖ヨゼフ学園高等学校,横浜市鶴見区,横浜,https://www.st-joseph.ac.jp/,,,
神奈川県,私立,藤沢翔陵高等学校,藤沢市,湘南,https://www.shoryo.ed.jp/,,,
神奈川県,私立,立花学園高等学校,足柄上郡開成町,足柄上,https://www.tachibana-gakuen.ed.jp/,,,
神奈川県,私立,白鵬女子高等学校,横浜市神奈川区,横浜,https://www.hakuho.ed.jp/,,,
神奈川県,私立,横浜学園高等学校,横浜市神奈川区,横浜,https://www.yokohamagakuen.ed.jp/,,,
神奈川県,私立,旭丘高等学校,横浜市旭区,横浜,https://www.asahigaoka.ed.jp/,,,
神奈川県,私立,大西学園高等学校,横浜市神奈川区,横浜,https://www.onishi.ed.jp/,,,
神奈川県,私立,瀬谷高等学校,横浜市瀬谷区,横浜,https://www.seya-hs.ed.jp/,,,
神奈川県,私立,横浜学院高等学校,横浜市南区,横浜,https://www.yokohamagakuin.ed.jp/,,,
神奈川県,私立,湘南工科大学附属高等学校,藤沢市,湘南,https://www.shonan-it.org/hs/,,,
神奈川県,私立,東海大学付属高輪台高等学校,東京都港区,,,,,東京都所在（参考）
神奈川県,私立,中大附属横浜,横浜市都筑区,横浜,,,,,中央大学附属横浜と同一（重複削除）
神奈川県,私立,神奈川大学附属高等学校,横浜市緑区,横浜,https://www.kuhsc.ed.jp/,,,
神奈川県,私立,横浜雙葉高等学校,横浜市中区,横浜,https://www.yokohama-futaba.ed.jp/,,,
神奈川県,私立,カリタス女子高等学校,川崎市多摩区,川崎,https://www.caritas.ed.jp/,,,
神奈川県,私立,川崎医療技術専門学校附属高等学校,川崎市多摩区,川崎,,,,,
神奈川県,私立,麻生外語観光製菓専門学校附属高等学校,川崎市麻生区,川崎,,,,,
神奈川県,私立,柏木学園高等学校,川崎市川崎区,川崎,https://www.kashiwagi.ed.jp/,,,
神奈川県,私立,武蔵野音楽大学附属高等学校,横浜市港北区,横浜,https://www.musashino-music.ac.jp/h/,,,
神奈川県,私立,横浜国際女学院高等学校,横浜市中区,横浜,,,,,
神奈川県,私立,サレジオ工業高等専門学校,横浜市都筑区,横浜,,,,,高専（参考）
新潟県,県立,新潟高等学校,新潟市中央区,新潟,https://niigata-h.nein.ed.jp/,,,
新潟県,県立,新潟南高等学校,新潟市江南区,新潟,https://niigatami-h.nein.ed.jp/,,,
新潟県,県立,新潟江南高等学校,新潟市江南区,新潟,https://niigatakonan-h.nein.ed.jp/,,,
新潟県,県立,新潟東高等学校,新潟市東区,新潟,https://niigatahi-h.nein.ed.jp/,,,
新潟県,県立,新潟北高等学校,新潟市東区,新潟,https://niigataki-h.nein.ed.jp/,,,
新潟県,県立,新潟中央高等学校,新潟市中央区,新潟,https://niigatachuo-h.nein.ed.jp/,,,
新潟県,県立,新潟商業高等学校,新潟市中央区,新潟,https://niigatas-h.nein.ed.jp/,,,
新潟県,県立,新潟向陽高等学校,新潟市中央区,新潟,https://niigatakoyo-h.nein.ed.jp/,,,
新潟県,県立,新潟工業高等学校,新潟市西区,新潟,https://niigatak-h.nein.ed.jp/,,,
新潟県,県立,新潟翠江高等学校,新潟市西区,新潟,https://niigatasuikou-h.nein.ed.jp/,,,定時制・通信制
新潟県,県立,巻高等学校,新潟市西蒲区,新潟,https://maki-h.nein.ed.jp/,,,
新潟県,県立,白根高等学校,新潟市南区,新潟,https://shirone-h.nein.ed.jp/,,,
新潟県,市立,新潟市立万代高等学校,新潟市中央区,新潟,https://bandai-h.city-niigata.ed.jp/,,,
新潟県,市立,新潟市立明鏡高等学校,新潟市中央区,新潟,https://niigata-meikyo.city-niigata.ed.jp/,,,定時制
新潟県,私立,新潟明訓高等学校,新潟市江南区,新潟,https://www.niigata-meikun.ed.jp/,prs@niigata-meikun.ed.jp,https://www.niigata-meikun.ed.jp/contact/,広報室メール
新潟県,私立,北越高等学校,新潟市中央区,新潟,https://www.hokuetsu.ed.jp/,,,
新潟県,私立,新潟青陵高等学校,新潟市中央区,新潟,https://www.seiryo-high.ed.jp/,,,
新潟県,私立,新潟第一高等学校,新潟市中央区,新潟,https://www.n-daiichi.ed.jp/,,,
新潟県,私立,日本文理高等学校,新潟市西区,新潟,https://www.nihonbunri.ed.jp/,,,
新潟県,私立,新潟清心女子高等学校,新潟市西区,新潟,https://www.seishin.ed.jp/,,,
新潟県,私立,東京学館新潟高等学校,新潟市中央区,新潟,https://tgn.ed.jp/,,https://tgn.ed.jp/inquiry,
新潟県,私立,開志国際高等学校,新潟市秋葉区,新潟,https://kaishi-kokusai.ed.jp/,,,
新潟県,私立,敬和学園高等学校,新潟市北区,新潟,https://www.keiwa-h.jp/,,,
新潟県,県立,豊栄高等学校,新潟市北区,新潟,https://toyosaka-h.nein.ed.jp/,,,
新潟県,県立,新津高等学校,新潟市秋葉区,新潟,https://niitsu-h.nein.ed.jp/,,,
新潟県,県立,新津南高等学校,新潟市秋葉区,新潟,https://niitsumi-h.nein.ed.jp/,,,
新潟県,県立,新津工業高等学校,新潟市秋葉区,新潟,https://niitsuk-h.nein.ed.jp/,,,
新潟県,県立,三条高等学校,三条市,県央,https://sanjou-h.nein.ed.jp/,,,
新潟県,県立,三条東高等学校,三条市,県央,https://sanjouhi-h.nein.ed.jp/,,,
新潟県,県立,三条商業高等学校,三条市,県央,https://sanjous-h.nein.ed.jp/,,,
新潟県,県立,新潟県央工業高等学校,三条市,県央,https://niigatakenohk-h.nein.ed.jp/,,,
新潟県,県立,加茂高等学校,加茂市,県央,https://kamo-h.nein.ed.jp/,,,
新潟県,県立,加茂農林高等学校,加茂市,県央,http://www.kamonorin.net/,,,
新潟県,県立,吉田高等学校,燕市,県央,https://yoshida-h.nein.ed.jp/,,,
新潟県,県立,燕中等教育学校,燕市,県央,https://tsubame-ss.nein.ed.jp/,,,中等教育学校
新潟県,私立,加茂暁星高等学校,加茂市,県央,https://www.gyosei.ac.jp/,,,
新潟県,県立,村上高等学校,村上市,下越,https://murakami-h.nein.ed.jp/,,,
新潟県,県立,村上桜ヶ丘高等学校,村上市,下越,https://sakuragaoka-h.nein.ed.jp/,,,
新潟県,県立,荒川高等学校,村上市,下越,https://arakawa-h.nein.ed.jp/,,,
新潟県,県立,新発田高等学校,新発田市,下越,https://shibata-h.nein.ed.jp/,,,
新潟県,県立,新発田南高等学校,新発田市,下越,https://shibatami-h.nein.ed.jp/,,,
新潟県,県立,新発田農業高等学校,新発田市,下越,https://shibatan-h.nein.ed.jp/,,,
新潟県,県立,中条高等学校,胎内市,下越,https://nakajo-h.nein.ed.jp/,,,
新潟県,県立,阿賀野高等学校,阿賀野市,下越,https://agano-h.nein.ed.jp/,,,
新潟県,県立,村松高等学校,五泉市,下越,https://muramatsu-h.nein.ed.jp/,,,
新潟県,県立,五泉高等学校,五泉市,下越,https://gosen-h.nein.ed.jp/,,,
新潟県,県立,阿賀黎明高等学校,阿賀町,下越,https://agareimei-h.nein.ed.jp/,,,
新潟県,県立,村上中等教育学校,村上市,下越,https://murakami-ss.nein.ed.jp/,,,中等教育学校
新潟県,私立,新発田中央高等学校,新発田市,下越,https://www.shibatachuo-h.ed.jp/,,,
新潟県,県立,長岡高等学校,長岡市,中越,https://nagaoka-h.nein.ed.jp/,,,
新潟県,県立,長岡大手高等学校,長岡市,中越,https://nagaokaohte-h.nein.ed.jp/,,,
新潟県,県立,長岡工業高等学校,長岡市,中越,https://nagaokak-h.nein.ed.jp/,,,
新潟県,県立,長岡農業高等学校,長岡市,中越,http://www.nagaokan-h.nein.ed.jp/,,,
新潟県,県立,長岡商業高等学校,長岡市,中越,https://nagaokas-h.nein.ed.jp/,,,
新潟県,県立,長岡向陵高等学校,長岡市,中越,https://nagaokakoryo-h.nein.ed.jp/,,,
新潟県,県立,長岡明徳高等学校,長岡市,中越,https://nagaokameitoku-h.nein.ed.jp/,,,定時制・単位制
新潟県,県立,見附高等学校,見附市,中越,https://mitsuke-h.nein.ed.jp/,,,
新潟県,県立,柏崎高等学校,柏崎市,中越,https://kashiwazaki-h.nein.ed.jp/,,,
新潟県,県立,柏崎工業高等学校,柏崎市,中越,https://kashiwazakik-h.nein.ed.jp/,,,
新潟県,県立,柏崎総合高等学校,柏崎市,中越,https://kashiwazakisou-h.nein.ed.jp/,,,
新潟県,県立,小千谷高等学校,小千谷市,中越,https://ojiya-h.nein.ed.jp/,,,
新潟県,県立,小千谷西高等学校,小千谷市,中越,https://ojiyani-h.nein.ed.jp/,,,
新潟県,県立,出雲崎高等学校,出雲崎町,中越,https://izumozaki-h.nein.ed.jp/,,,
新潟県,私立,帝京長岡高等学校,長岡市,中越,https://www.teikyo-nagaoka.ed.jp/,,,
新潟県,私立,中越高等学校,長岡市,中越,https://www.chuetsu-h.ed.jp/,,,
新潟県,県立,十日町高等学校,十日町市,魚沼,https://tookamachi-h.nein.ed.jp/,,,
新潟県,県立,十日町総合高等学校,十日町市,魚沼,https://tookamachisou-h.nein.ed.jp/,,,
新潟県,県立,松代高等学校,十日町市,魚沼,https://matsudai-h.nein.ed.jp/,,,
新潟県,県立,国際情報高等学校,南魚沼市,魚沼,https://kokusaijouhou-h.nein.ed.jp/,,,
新潟県,県立,六日町高等学校,南魚沼市,魚沼,https://muikamachi-h.nein.ed.jp/,,,
新潟県,県立,塩沢商工高等学校,南魚沼市,魚沼,https://shiozawasyoko-h.nein.ed.jp/,,,
新潟県,県立,小出高等学校,魚沼市,魚沼,https://koide-h.nein.ed.jp/,,,
新潟県,県立,堀之内高等学校,魚沼市,魚沼,https://horinouchi-h.nein.ed.jp/,,,
新潟県,県立,津南中等教育学校,津南町,魚沼,https://tsunan-ss.jp/,,,中等教育学校
新潟県,県立,高田高等学校,上越市,上越,https://takada-h.nein.ed.jp/,,,
新潟県,県立,高田北城高等学校,上越市,上越,https://takadaktsr-h.nein.ed.jp/,,,
新潟県,県立,高田南城高等学校,上越市,上越,https://takadammsr-h.nein.ed.jp/,,,定時制・通信制
新潟県,県立,高田農業高等学校,上越市,上越,https://takadan-h.nein.ed.jp/,,,
新潟県,県立,高田商業高等学校,上越市,上越,https://takadas-h.nein.ed.jp/,,,
新潟県,県立,上越総合技術高等学校,上越市,上越,https://jouetsusougi-h.nein.ed.jp/,,,
新潟県,県立,有恒高等学校,上越市,上越,https://yuukou-h.nein.ed.jp/,,,
新潟県,県立,久比岐高等学校,上越市柿崎区,上越,https://kubiki-h.nein.ed.jp/,,,
新潟県,県立,糸魚川高等学校,糸魚川市,上越,https://itoigawa-h.nein.ed.jp/,,,
新潟県,県立,糸魚川白嶺高等学校,糸魚川市,上越,https://itoigawahakurei-h.nein.ed.jp/,,,
新潟県,県立,新井高等学校,妙高市,上越,https://arai-h.nein.ed.jp/,,,
新潟県,県立,直江津中等教育学校,上越市,上越,https://naoetsu-ss.nein.ed.jp/,,,中等教育学校
新潟県,私立,関根学園高等学校,上越市,上越,https://www.sekinegakuen.com/,,,
新潟県,県立,佐渡高等学校,佐渡市,佐渡,https://sado-h.nein.ed.jp/,,,
新潟県,県立,佐渡総合高等学校,佐渡市,佐渡,https://sadosou-h.nein.ed.jp/,,,
新潟県,県立,羽茂高等学校,佐渡市,佐渡,https://hamochi-h.nein.ed.jp/,,,
新潟県,県立,佐渡中等教育学校,佐渡市,佐渡,https://sado-ss.nein.ed.jp/,,,中等教育学校
山梨県,県立,山梨県立甲府第一高等学校,甲府市,甲府,https://www.first.kai.ed.jp/,kohudic-k@kai.ed.jp,,〒400-0007 甲府市美咲二丁目13番44号
山梨県,県立,山梨県立甲府西高等学校,甲府市,甲府,https://www.nishi.kai.ed.jp/,,http://www.nishi.kai.ed.jp/contact/,〒400-0064 甲府市下飯田4丁目1-1
山梨県,県立,山梨県立甲府南高等学校,甲府市,甲府,https://www.kofuminami-h.ed.jp/,nanko@kofuminami-h.ed.jp,,〒400-0854 甲府市中小河原町222番地
山梨県,県立,山梨県立甲府東高等学校,甲府市,甲府,https://www.higasih.kai.ed.jp/,info@higasih.kai.ed.jp,https://www.higasih.kai.ed.jp/contact/,〒400-0805 甲府市酒折一丁目17-1
山梨県,県立,山梨県立甲府工業高等学校,甲府市,甲府,https://www.kofu-th.ed.jp/,,https://www.kofu-th.ed.jp/contact/,〒400-0026 甲府市塩部2-7-1
山梨県,県立,山梨県立甲府城西高等学校,甲府市,甲府,https://www.josaih.kai.ed.jp/,,,〒400-0064 甲府市下飯田一丁目9番1号
山梨県,県立,山梨県立甲府昭和高等学校,中巨摩郡昭和町,甲府,https://www.syowah.kai.ed.jp/,,https://www.syowah.kai.ed.jp/contact/,〒409-3866 中巨摩郡昭和町西条3000番地
山梨県,県立,山梨県立農林高等学校,甲斐市,峡北,http://www.norinh.kai.ed.jp/,,,〒400-0108 甲斐市西八幡
山梨県,県立,山梨県立中央高等学校（定時制・通信制）,甲府市,甲府,https://www.chuouh.kai.ed.jp/,,,〒400-0035 甲府市飯田5丁目6-23
山梨県,県立,山梨県立甲府工業高等学校定時制,甲府市,甲府,https://www.kofutei.kai.ed.jp/,teijisei@kofu-th.ed.jp,,〒400-0026 甲府市塩部2-7-1
山梨県,県立,山梨県立韮崎高等学校,韮崎市,峡北,https://www.niratakah.kai.ed.jp/,,http://www.niratakah.kai.ed.jp/contact/,〒407-0015 韮崎市若宮三丁目2-1
山梨県,県立,山梨県立韮崎工業高等学校,韮崎市,峡北,https://www.nirasakith.kai.ed.jp/,,,〒407-0031 韮崎市竜岡町若尾新田50-1
山梨県,県立,山梨県立韮崎高等学校定時制,韮崎市,峡北,http://www.niratei.kai.ed.jp/,,,〒407-0015 韮崎市若宮三丁目2-1（韮崎高校内）
山梨県,県立,山梨県立北杜高等学校,北杜市,峡北,https://www.hokutoh.kai.ed.jp/,,,〒408-0023 北杜市長坂町渋沢1007-19
山梨県,県立,山梨県立巨摩高等学校,南アルプス市,峡北,https://www.ko.kai.ed.jp/,info@ko.kai.ed.jp,,〒400-0306 南アルプス市小笠原1500-2
山梨県,県立,山梨県立白根高等学校,南アルプス市,峡北,https://www.shirane-hs.kai.ed.jp/,,,〒400-0211 南アルプス市上今諏訪1180
山梨県,県立,山梨県立青洲高等学校,西八代郡市川三郷町,峡南,https://www.seishu.kai.ed.jp/,,https://www.seishu.kai.ed.jp/contact/,〒409-3601 西八代郡市川三郷町市川大門1733-2
山梨県,県立,山梨県立身延高等学校,南巨摩郡身延町,峡南,https://www.minobu.kai.ed.jp/,,,〒409-2531 南巨摩郡身延町梅平1201-2
山梨県,県立,山梨県立笛吹高等学校,笛吹市,峡東,https://www.fuefukih.kai.ed.jp/,,,〒406-0031 笛吹市石和町市部3番地
山梨県,県立,山梨県立日川高等学校,山梨市,峡東,https://www.hikawa.kai.ed.jp/,,https://www.hikawa.kai.ed.jp/contact/,〒405-0025 山梨市一町田中1062
山梨県,県立,山梨県立山梨高等学校,山梨市,峡東,http://www.yamah.kai.ed.jp/,,https://www.yamah.kai.ed.jp/contact/,〒405-0018 山梨市上神内川194番地
山梨県,県立,山梨県立山梨高等学校定時制,山梨市,峡東,https://www.yamatei.kai.ed.jp/,,https://www.yamatei.kai.ed.jp/contact/,〒405-0018 山梨市上神内川194番地（山梨高校内）
山梨県,県立,山梨県立塩山高等学校,甲州市,峡東,https://www.enzanh.kai.ed.jp/,,,〒404-0047 甲州市塩山三日市場440-1
山梨県,県立,山梨県立吉田高等学校,富士吉田市,富士,https://www.yoshidah.kai.ed.jp/,yosida-k@kai.ed.jp,http://www.yoshidah.kai.ed.jp/contact/,〒403-0004 富士吉田市下吉田6-17-1
山梨県,県立,山梨県立富士北稜高等学校,富士吉田市,富士,https://www.hokuryoh.kai.ed.jp/,,,〒403-0017 富士吉田市新西原一丁目23番地1号
山梨県,県立,山梨県立富士河口湖高等学校,南都留郡富士河口湖町,富士,https://www.kawaguch.kai.ed.jp/,,https://www.kawaguch.kai.ed.jp/contact/,〒401-0301 南都留郡富士河口湖町船津6663-1
山梨県,県立,山梨県立都留高等学校,大月市,東部,https://www.tsuru-h.ed.jp/,turu-k@kai.ed.jp,https://www.tsuru-h.ed.jp/contact/,〒401-0013 大月市大月2丁目11-20
山梨県,県立,山梨県立都留高等学校定時制,大月市,東部,http://www.tsurutei.kai.ed.jp/,,,〒401-0013 大月市大月2丁目11-20（都留高校内）
山梨県,県立,山梨県立都留興譲館高等学校,都留市,東部,https://www.tsurukojokan.kai.ed.jp/,,,〒402-0053 都留市上谷5-7-1
山梨県,県立,山梨県立上野原高等学校,上野原市,東部,https://www.ueko.kai.ed.jp/,,,〒409-0133 上野原市八ツ沢555番地
山梨県,市立,甲府市立甲府商業高等学校,甲府市,甲府,https://www.kchs.city.kofu.yamanashi.jp/,,https://www.kchs.city.kofu.yamanashi.jp/contact/,〒400-0845 甲府市上今井町300番地
山梨県,私立,山梨英和高等学校,甲府市,甲府,https://www.yamanashi-eiwa.ac.jp/jsh/,js-info@yamanashi-eiwa.ac.jp,https://www.yamanashi-eiwa.ac.jp/jsh/contact/contact_nyushi,〒400-8507 甲府市愛宕町112番地
山梨県,私立,甲斐清和高等学校,甲府市,甲府,https://seika.ito-gakuen.ed.jp/,,https://seika.ito-gakuen.ed.jp/contact/,〒400-0867 甲府市青沼3丁目10-1
山梨県,私立,駿台甲府高等学校,甲府市,甲府,https://www.sundai-kofu.ed.jp/,,https://www.sundai-kofu.ed.jp/high_ask/,〒400-0026 甲府市塩部2-8-1
山梨県,私立,山梨学院高等学校,甲府市,甲府,https://www.yghs.ed.jp/,,https://www.yghs.ed.jp/form/inquiry/,〒400-0805 甲府市酒折3-3-1
山梨県,私立,東海大学付属甲府高等学校,甲府市,甲府,https://www.kofu.tokai.ed.jp/,,,〒400-0063 甲府市金竹町1-1
山梨県,私立,日本航空高等学校（山梨）,甲斐市,峡北,https://www.jaaw-hs.net/yamanashi/,jaa-yamanashi-ex@jaaw.ac.jp,,〒400-0108 甲斐市宇津谷445番地
山梨県,私立,帝京第三高等学校,北杜市,峡北,https://www.teikyo3.ed.jp/,info@teikyo3.ed.jp,,〒408-0044 北杜市小淵沢町2148
山梨県,私立,富士学苑高等学校,富士吉田市,富士,https://gekkouji.ac.jp/,,,〒403-0013 富士吉田市緑ケ丘1-1-1
山梨県,私立,身延山高等学校,南巨摩郡身延町,峡南,https://www.min.ac.jp/minhi/,,,〒409-2597 南巨摩郡身延町身延3567
山梨県,私立,日本大学明誠高等学校,上野原市,東部,https://www.meisei.hs.nihon-u.ac.jp/,meisei.info@nihon-u.ac.jp,,〒409-0112 上野原市上野原3200
山梨県,私立,自然学園高等学校,甲府市,甲府,https://shizengakuen.ed.jp/,,,〒400-0031 甲府市丸の内3-2-14（甲府キャンパス）; 通信制
山梨県,県立,山梨県立ひばりが丘高等学校,富士吉田市,富士,https://www.hibarih.kai.ed.jp/,,,〒403-0032 富士吉田市上吉田東4-3-1
長野県,県立,長野県飯山高等学校,飯山市,長野,https://www.nagano-c.ed.jp/iiyama/,,https://www.nagano-c.ed.jp/iiyama/contact.html,
長野県,県立,長野県下高井農林高等学校,下高井郡木島平村,長野,https://www.nagano-c.ed.jp/nourinn/,,,
長野県,県立,長野県北部高等学校,上水内郡飯綱町,長野,https://www.nagano-c.ed.jp/hokubu/,,,
長野県,県立,長野県中野西高等学校,中野市,長野,https://www.nagano-c.ed.jp/inuwashi/,,,
長野県,県立,長野県中野立志館高等学校,中野市,長野,https://www.nagano-c.ed.jp/rishikan/,,,定時制併設
長野県,県立,長野県須坂高等学校,須坂市,長野,https://www.nagano-c.ed.jp/suzaka/,,,
長野県,県立,長野県須坂創成高等学校,須坂市,長野,https://www.nagano-c.ed.jp/suzaka-3/,,https://sosei.ed.jp/,独自サイトあり
長野県,県立,長野県長野高等学校,長野市,長野,https://www.nagano-c.ed.jp/naganohs/,naganohs@m.nagano-c.ed.jp,,
長野県,県立,長野県長野吉田高等学校,長野市,長野,https://www.nagano-c.ed.jp/yoshida/,yoshida@m.nagano-c.ed.jp,https://www.nagano-c.ed.jp/yoshida/contact_us.html,
長野県,県立,長野県長野西高等学校,長野市,長野,https://www.nagano-c.ed.jp/n-nisihs/,,,
長野県,県立,長野県長野東高等学校,長野市,長野,https://www.nagano-c.ed.jp/nghihs/,,,
長野県,県立,長野県長野南高等学校,長野市,長野,https://www.nagano-c.ed.jp/nagano-m/,,,
長野県,県立,長野県長野工業高等学校,長野市,長野,https://www.nagano-c.ed.jp/choko/,,,
長野県,県立,長野県長野商業高等学校,長野市,長野,https://www.nagano-c.ed.jp/chosho/,,,
長野県,県立,長野県篠ノ井高等学校,長野市,長野,https://www.nagano-c.ed.jp/shino-hs/,,,
長野県,県立,長野県松代高等学校,長野市,長野,https://www.nagano-c.ed.jp/matusiro/,,,
長野県,県立,長野県屋代高等学校,千曲市,長野,https://www.nagano-c.ed.jp/yashiro/,yashiro@m.nagano-c.ed.jp,,附属中学校併設
長野県,県立,長野県屋代南高等学校,千曲市,長野,https://www.nagano-c.ed.jp/yanami/,,,
長野県,県立,長野県更級農業高等学校,千曲市,長野,https://www.nagano-c.ed.jp/sarano/,,,
長野県,県立,長野県坂城高等学校,埴科郡坂城町,長野,https://www.nagano-c.ed.jp/sakakihs/,,,
長野県,県立,長野県田川高等学校,長野市,長野,https://www.nagano-c.ed.jp/tagawahs/,,,
長野県,市立,長野市立長野高等学校,長野市,長野,https://ichinaga.ed.jp/,,,旧サイト: https://www.nagano-ngn.ed.jp/ichinagahs/
長野県,県立,長野県上田高等学校,上田市,上田,https://www.nagano-c.ed.jp/ueda-hs/,,,
長野県,県立,長野県上田染谷丘高等学校,上田市,上田,https://www.nagano-c.ed.jp/someyahs/,,,
長野県,県立,長野県上田東高等学校,上田市,上田,https://www.nagano-c.ed.jp/uehs/,,,独自サイト: https://uedahigashi.ed.jp/
長野県,県立,長野県上田千曲高等学校,上田市,上田,https://www.nagano-c.ed.jp/chikuma/,,,
長野県,県立,長野県丸子修学館高等学校,上田市,上田,https://www.nagano-c.ed.jp/marukohs/,,,旧:丸子実業高校
長野県,県立,長野県岩村田高等学校,佐久市,佐久,https://www.nagano-c.ed.jp/ganko/,,,
長野県,県立,長野県野沢北高等学校,佐久市,佐久,https://www.nagano-c.ed.jp/nokitahs/,,,
長野県,県立,長野県野沢南高等学校,佐久市,佐久,https://www.nagano-c.ed.jp/nominami/,,,
長野県,県立,長野県小諸高等学校,小諸市,佐久,https://www.nagano-c.ed.jp/komorohs/,,,
長野県,県立,長野県小諸商業高等学校,小諸市,佐久,https://www.nagano-c.ed.jp/kosho/,,,
長野県,県立,長野県佐久平総合技術高等学校,佐久市,佐久,https://www.nagano-c.ed.jp/ssg-hs/,,,浅間・臼田の2キャンパス
長野県,県立,長野県軽井沢高等学校,北佐久郡軽井沢町,佐久,https://www.nagano-c.ed.jp/karui-hs/,,,
長野県,県立,長野県小海高等学校,南佐久郡小海町,佐久,https://www.nagano-c.ed.jp/koumi-hs/,,,独自サイト: https://sites.google.com/view/koumi-hs
長野県,県立,長野県松本深志高等学校,松本市,松本,https://www.nagano-c.ed.jp/fukasi/,,,独自サイト: https://www.fukashi-hs.ed.jp/
長野県,県立,長野県松本蟻ヶ崎高等学校,松本市,松本,https://www.nagano-c.ed.jp/arigasak/,,,
長野県,県立,長野県松本美須々ヶ丘高等学校,松本市,松本,https://www.nagano-c.ed.jp/msz-hs/,,,
長野県,県立,長野県松本県ヶ丘高等学校,松本市,松本,https://www.nagano-c.ed.jp/agata/,,,
長野県,県立,長野県松本工業高等学校,松本市,松本,https://www.nagano-c.ed.jp/matuko/,,,
長野県,県立,長野県松本筑摩高等学校,松本市,松本,https://www.nagano-c.ed.jp/m-tkm-hs/,,,定時制・通信制併設。独自サイト: http://www.chikuma-hs.jp/
長野県,県立,長野県塩尻志学館高等学校,塩尻市,松本,https://www.nagano-c.ed.jp/kikyo/,,,
長野県,県立,長野県梓川高等学校,松本市,松本,https://www.nagano-c.ed.jp/azusa-hs/,,,
長野県,県立,長野県豊科高等学校,安曇野市,松本,https://www.nagano-c.ed.jp/toyoko/,,,
長野県,県立,長野県明科高等学校,安曇野市,松本,https://www.nagano-c.ed.jp/aksn-hs/,,,
長野県,県立,長野県池田工業高等学校,北安曇郡池田町,大町,https://www.nagano-c.ed.jp/ikekou/,,,
長野県,県立,長野県大町岳陽高等学校,大町市,大町,https://www.nagano-c.ed.jp/omc-shin/,,,
長野県,県立,長野県木曽青峰高等学校,木曽郡木曽町,木曽,https://www.nagano-c.ed.jp/seiho/,,,
長野県,県立,長野県諏訪清陵高等学校,諏訪市,諏訪,https://www.nagano-c.ed.jp/seiryohs/,,,
長野県,県立,長野県諏訪二葉高等学校,諏訪市,諏訪,https://www.nagano-c.ed.jp/futaba/,,,独自サイト: https://futaba-hs.ed.jp/
長野県,県立,長野県諏訪実業高等学校,諏訪市,諏訪,https://www.nagano-c.ed.jp/sjt-hs/,,,
長野県,県立,長野県岡谷工業高等学校,岡谷市,諏訪,https://www.nagano-c.ed.jp/okako/,,,
長野県,県立,長野県岡谷南高等学校,岡谷市,諏訪,https://www.nagano-c.ed.jp/okanan/,,,
長野県,県立,長野県岡谷東高等学校,岡谷市,諏訪,https://sites.google.com/g.nagano-c.ed.jp/okahihs/,,,
長野県,県立,長野県茅野高等学校,茅野市,諏訪,https://www.nagano-c.ed.jp/chino-hs/,,,
長野県,県立,長野県伊那北高等学校,伊那市,伊那,https://www.nagano-c.ed.jp/ina/,,,独自サイト: https://inakita.ed.jp/
長野県,県立,長野県伊那弥生ヶ丘高等学校,伊那市,伊那,https://www.nagano-c.ed.jp/yayoi/,,,
長野県,県立,長野県赤穂高等学校,駒ヶ根市,伊那,https://www.nagano-c.ed.jp/akaho-hs/,,,
長野県,県立,長野県駒ヶ根工業高等学校,駒ヶ根市,伊那,https://www.nagano-c.ed.jp/komako/,,,
長野県,県立,長野県高遠高等学校,伊那市,伊那,https://www.nagano-c.ed.jp/takatohs/,,,
長野県,県立,長野県辰野高等学校,上伊那郡辰野町,伊那,https://www.nagano-c.ed.jp/tatsukou/,,,
長野県,県立,長野県上伊那農業高等学校,上伊那郡南箕輪村,伊那,https://jono.ed.jp/,,,
長野県,県立,長野県箕輪進修高等学校,上伊那郡箕輪町,伊那,https://www.nagano-c.ed.jp/minowa/,,,多部制・単位制
長野県,県立,長野県箕輪工業高等学校,上伊那郡箕輪町,伊那,https://www.nagano-c.ed.jp/minoko/,,,
長野県,県立,長野県飯田高等学校,飯田市,飯田,https://iida-hs.net/,,,旧サイト: https://www.nagano-c.ed.jp/iida-hs/
長野県,県立,長野県飯田風越高等学校,飯田市,飯田,https://www.nagano-c.ed.jp/fuetsuhs/,,,
長野県,県立,長野県飯田OIDE長姫高等学校,飯田市,飯田,https://www.nagano-c.ed.jp/oideosa/,,,
長野県,県立,長野県阿智高等学校,下伊那郡阿智村,飯田,https://www.nagano-c.ed.jp/achihs/,,,
長野県,県立,長野県阿南高等学校,下伊那郡阿南町,飯田,https://www.nagano-c.ed.jp/anan-hs/,,,
長野県,県立,長野県下伊那農業高等学校,飯田市,飯田,https://www.nagano-c.ed.jp/simonou/,,,
長野県,私立,長野俊英高等学校,長野市,長野,https://shinonoi-gakuen.ac.jp/nagano-shun_ei/,,,学校法人篠ノ井学園
長野県,私立,長野清泉女学院高等学校,長野市,長野,https://www.seisen.ed.jp/,,,女子校
長野県,私立,長野日本大学高等学校,長野市,長野,https://www.nagano-nichidai.ed.jp/,,,
長野県,私立,文化学園長野高等学校,長野市,長野,https://bgh.gakuen-nagano.ac.jp/,,https://bgh.gakuen-nagano.ac.jp/inq/,
長野県,私立,上田西高等学校,上田市,上田,https://uedanishi.ed.jp/,,,
長野県,私立,佐久長聖高等学校,佐久市,佐久,https://sakuchosei.ed.jp/,senior@sakuchosei.ed.jp,https://sakuchosei.ed.jp/contact/hs-toiawase/,
長野県,私立,松商学園高等学校,松本市,松本,https://www.matsusho-h.ed.jp/,,,
長野県,私立,松本国際高等学校,松本市,松本,https://m-kokusai.ac.jp/,,,
長野県,私立,松本秀峰中等教育学校,松本市,松本,https://www.shuho.ed.jp/,,,中等教育学校（前期・後期課程一貫）
長野県,私立,松本第一高等学校,松本市,松本,https://www.matsumoto1-h.ed.jp/,,,
長野県,私立,東京都市大学塩尻高等学校,塩尻市,松本,https://www.tcu-shiojiri.ed.jp/,,,
長野県,私立,東海大学付属諏訪高等学校,茅野市,諏訪,https://www.suwa.tokai.ed.jp/,,,
長野県,私立,伊那西高等学校,伊那市,伊那,https://www.inanishi.net/,,,女子校（学校法人高松学園）
長野県,私立,飯田女子高等学校,飯田市,飯田,https://i-joshi.com/,,,女子校
静岡県,県立,静岡高等学校,静岡市葵区,静岡・中部,https://www.edu.pref.shizuoka.jp/shizuoka-h/,shizuoka-h@edu.pref.shizuoka.jp,,全日制普通科
静岡県,県立,静岡東高等学校,静岡市葵区,静岡・中部,https://www.edu.pref.shizuoka.jp/shizuokahigashi-h/,shizuokahigashi-h@edu.pref.shizuoka.jp,,全日制普通科
静岡県,県立,静岡西高等学校,静岡市葵区,静岡・中部,https://www.edu.pref.shizuoka.jp/shizuokanishi-h/,shizuokanishi-h@edu.pref.shizuoka.jp,,全日制普通科
静岡県,県立,静岡城北高等学校,静岡市葵区,静岡・中部,https://www.edu.pref.shizuoka.jp/shizuokajohoku-h/,shizuokajohoku-h@edu.pref.shizuoka.jp,,全日制普通科
静岡県,県立,静岡農業高等学校,静岡市葵区,静岡・中部,https://www.edu.pref.shizuoka.jp/shizuoka-ah/,shizuoka-ah@edu.pref.shizuoka.jp,,全日制農業科
静岡県,県立,静岡商業高等学校,静岡市駿河区,静岡・中部,https://www.seisho.ed.jp/,seisho@edu.pref.shizuoka.jp,https://www.seisho.ed.jp/contact.html,全日制商業科
静岡県,県立,科学技術高等学校,静岡市葵区,静岡・中部,https://www.sths.ed.jp/,sths@edu.pref.shizuoka.jp,,全日制工業系専門学科
静岡県,県立,駿河総合高等学校,静岡市駿河区,静岡・中部,https://www.edu.pref.shizuoka.jp/surugasogo-h/,surugasogo-h@edu.pref.shizuoka.jp,,全日制総合学科
静岡県,県立,ふじのくに国際高等学校,島田市,静岡・中部,https://www.edu.pref.shizuoka.jp/fujinokunikokusai-h/,fujinokunikokusai-h@edu.pref.shizuoka.jp,,2024年開校・国際バカロレア
静岡県,県立,清水東高等学校,静岡市清水区,静岡・中部,https://www.edu.pref.shizuoka.jp/shimizuhigashi-h/,shimizuhigashi-h@edu.pref.shizuoka.jp,,全日制普通科
静岡県,県立,清水南高等学校,静岡市清水区,静岡・中部,https://www.edu.pref.shizuoka.jp/shimizuminami-h/,shimizuminami-h@edu.pref.shizuoka.jp,,全日制普通科
静岡県,県立,清水桜が丘高等学校,静岡市清水区,静岡・中部,https://www.edu.pref.shizuoka.jp/shimizusakuragaoka-h/,shimizusakuragaoka-h@edu.pref.shizuoka.jp,,全日制普通科・商業科
静岡県,県立,清水西高等学校,静岡市清水区,静岡・中部,https://www.edu.pref.shizuoka.jp/shimizunishi-h/,shimizunishi-h@edu.pref.shizuoka.jp,,全日制普通科
静岡県,県立,焼津中央高等学校,焼津市,静岡・中部,https://www.edu.pref.shizuoka.jp/yaizuchuo-h/,yaizuchuo-h@edu.pref.shizuoka.jp,,全日制普通科
静岡県,県立,清流館高等学校,焼津市,静岡・中部,https://www.edu.pref.shizuoka.jp/seiryukan-h/,seiryukan-h@edu.pref.shizuoka.jp,,全日制総合学科
静岡県,県立,焼津水産高等学校,焼津市,静岡・中部,https://www.edu.pref.shizuoka.jp/yaizusuisan-h/,yaizusuisan-h@edu.pref.shizuoka.jp,,全日制水産科
静岡県,県立,藤枝東高等学校,藤枝市,静岡・中部,https://fujiedahigashi-h.ed.jp/,fujiedahigashi-h@edu.pref.shizuoka.jp,,全日制普通科
静岡県,県立,藤枝西高等学校,藤枝市,静岡・中部,https://www.edu.pref.shizuoka.jp/fujiedanishi-h/,fujiedanishi-h@edu.pref.shizuoka.jp,,全日制普通科
静岡県,県立,藤枝北高等学校,藤枝市,静岡・中部,https://www.edu.pref.shizuoka.jp/fujiedakita-h/,fujiedakita-h@edu.pref.shizuoka.jp,,全日制普通科
静岡県,県立,島田高等学校,島田市,静岡・中部,https://www.edu.pref.shizuoka.jp/shimada-h/,shimada-h@edu.pref.shizuoka.jp,,全日制普通科
静岡県,県立,島田商業高等学校,島田市,静岡・中部,https://www.edu.pref.shizuoka.jp/shimada-ch/,shimada-ch@edu.pref.shizuoka.jp,,全日制商業科
静岡県,県立,島田工業高等学校,島田市,静岡・中部,https://www.edu.pref.shizuoka.jp/shimada-th/,shimada-th@edu.pref.shizuoka.jp,,全日制工業科
静岡県,県立,榛原高等学校,牧之原市,静岡・中部,https://www.edu.pref.shizuoka.jp/haibara-h/,haibara-h@edu.pref.shizuoka.jp,,全日制普通科
静岡県,県立,相良高等学校,牧之原市,静岡・中部,https://www.edu.pref.shizuoka.jp/sagara-h/,sagara-h@edu.pref.shizuoka.jp,,全日制普通科
静岡県,県立,川根高等学校,川根本町,静岡・中部,https://www.edu.pref.shizuoka.jp/kawane-h/,kawane-h@edu.pref.shizuoka.jp,,全日制普通科
静岡県,県立,沼津東高等学校,沼津市,東部,https://numazuhigashi-h.school/,numazuhigashi-h@edu.pref.shizuoka.jp,,全日制普通科
静岡県,県立,沼津西高等学校,沼津市,東部,https://www.edu.pref.shizuoka.jp/numazunishi-h/,numazunishi-h@edu.pref.shizuoka.jp,,全日制普通科
静岡県,県立,沼津城北高等学校,沼津市,東部,https://www.edu.pref.shizuoka.jp/numazujohoku-h/,numazujohoku-h@edu.pref.shizuoka.jp,,全日制普通科・商業科
静岡県,県立,沼津工業高等学校,沼津市,東部,https://www.edu.pref.shizuoka.jp/numazu-th/,numazu-th@edu.pref.shizuoka.jp,,全日制工業科
静岡県,県立,沼津商業高等学校,沼津市,東部,https://www.edu.pref.shizuoka.jp/numazu-ch/,numazu-ch@edu.pref.shizuoka.jp,,全日制商業科
静岡県,県立,富士高等学校,富士市,東部,https://www.edu.pref.shizuoka.jp/fuji-h/,fuji-h@edu.pref.shizuoka.jp,,全日制普通科
静岡県,県立,富士東高等学校,富士市,東部,https://www.edu.pref.shizuoka.jp/fujihigashi-h/,fujihigashi-h@edu.pref.shizuoka.jp,,全日制普通科
静岡県,県立,吉原高等学校,富士市,東部,https://www.edu.pref.shizuoka.jp/yoshiwara-h/,yoshiwara-h@edu.pref.shizuoka.jp,,全日制普通科
静岡県,県立,吉原工業高等学校,富士市,東部,https://www.edu.pref.shizuoka.jp/yoshiwara-th/,yoshiwara-th@edu.pref.shizuoka.jp,,全日制工業科
静岡県,県立,富士宮北高等学校,富士宮市,東部,https://www.edu.pref.shizuoka.jp/fujinomiyakita-h/,fujinomiyakita-h@edu.pref.shizuoka.jp,,全日制普通科
静岡県,県立,富士宮西高等学校,富士宮市,東部,https://www.edu.pref.shizuoka.jp/fujinomiyanishi-h/,fujinomiyanishi-h@edu.pref.shizuoka.jp,,全日制普通科
静岡県,県立,富士宮東高等学校,富士宮市,東部,https://www.edu.pref.shizuoka.jp/fujinomiyahigashi-h/,fujinomiyahigashi-h@edu.pref.shizuoka.jp,,全日制普通科
静岡県,県立,富岳館高等学校,富士宮市,東部,https://www.edu.pref.shizuoka.jp/fugakukan-h/,fugakukan-h@edu.pref.shizuoka.jp,,全日制総合学科
静岡県,県立,御殿場高等学校,御殿場市,東部,https://www.edu.pref.shizuoka.jp/gotemba-h/,gotemba-h@edu.pref.shizuoka.jp,,全日制普通科
静岡県,県立,御殿場南高等学校,御殿場市,東部,https://www.edu.pref.shizuoka.jp/gotebbaminami-h/,gotembaminami-h@edu.pref.shizuoka.jp,,全日制普通科
静岡県,県立,裾野高等学校,裾野市,東部,https://www.edu.pref.shizuoka.jp/susono-h/,susono-h@edu.pref.shizuoka.jp,,全日制普通科
静岡県,県立,小山高等学校,小山町,東部,https://www.edu.pref.shizuoka.jp/oyama-h/,oyama-h@edu.pref.shizuoka.jp,,全日制普通科
静岡県,県立,三島北高等学校,三島市,東部,https://www.edu.pref.shizuoka.jp/mishimakita-h/,mishimakita-h@edu.pref.shizuoka.jp,,全日制普通科
静岡県,県立,三島南高等学校,三島市,東部,https://www.edu.pref.shizuoka.jp/mishimaminami-h/,mishimaminami-h@edu.pref.shizuoka.jp,,全日制普通科
静岡県,県立,韮山高等学校,伊豆の国市,伊豆,https://www.edu.pref.shizuoka.jp/nirayama-h/,nirayama-h@edu.pref.shizuoka.jp,,全日制普通科
静岡県,県立,伊豆中央高等学校,伊豆の国市,伊豆,https://www.edu.pref.shizuoka.jp/izuchuo-h/,izuchuo-h@edu.pref.shizuoka.jp,,全日制普通科
静岡県,県立,田方農業高等学校,伊豆の国市,伊豆,https://www.edu.pref.shizuoka.jp/takata-ah/,takata-ah@edu.pref.shizuoka.jp,,全日制農業科
静岡県,県立,熱海高等学校,熱海市,伊豆,https://www.edu.pref.shizuoka.jp/atami-h/,atami-h@edu.pref.shizuoka.jp,,全日制普通科
静岡県,県立,伊東高等学校,伊東市,伊豆,https://www.edu.pref.shizuoka.jp/ito-h/,ito-h@edu.pref.shizuoka.jp,,全日制普通科
静岡県,県立,伊東商業高等学校,伊東市,伊豆,https://www.edu.pref.shizuoka.jp/ito-ch/,ito-ch@edu.pref.shizuoka.jp,,全日制商業科
静岡県,県立,伊豆総合高等学校,伊豆市,伊豆,https://www.edu.pref.shizuoka.jp/izusogo-h/,izusogo-h@edu.pref.shizuoka.jp,,全日制普通科・農業科
静岡県,県立,下田高等学校,下田市,伊豆,https://www.edu.pref.shizuoka.jp/shimoda-h/,shimoda-h@edu.pref.shizuoka.jp,,全日制普通科（定時制有り）
静岡県,県立,稲取高等学校,東伊豆町,伊豆,https://www.edu.pref.shizuoka.jp/inatachi-h/,inatachi-h@edu.pref.shizuoka.jp,,全日制普通科
静岡県,県立,松崎高等学校,松崎町,伊豆,https://www.edu.pref.shizuoka.jp/matsuzaki-h/,matsuzaki-h@edu.pref.shizuoka.jp,,全日制普通科
静岡県,県立,浜松北高等学校,浜松市中央区,浜松,https://www.edu.pref.shizuoka.jp/hamamatsukita-h1/,hamamatsukita-h@edu.pref.shizuoka.jp,,全日制普通科
静岡県,県立,浜松西高等学校,浜松市中央区,浜松,https://www.edu.pref.shizuoka.jp/hamamatsunishi-h/,hamamatsunishi-h@edu.pref.shizuoka.jp,,全日制普通科
静岡県,県立,浜松南高等学校,浜松市南区,浜松,https://www.edu.pref.shizuoka.jp/hamamatsuminami-h/,hamamatsuminami-h@edu.pref.shizuoka.jp,,全日制普通科
静岡県,県立,浜松東高等学校,浜松市中央区,浜松,https://www.edu.pref.shizuoka.jp/hamamatsuhigashi-h/,hamamatsuhigashi-h@edu.pref.shizuoka.jp,,全日制普通科
静岡県,県立,浜松工業高等学校,浜松市中央区,浜松,https://www.edu.pref.shizuoka.jp/hamamatsu-th/,hamamatsu-th@edu.pref.shizuoka.jp,,全日制工業科
静岡県,県立,浜松商業高等学校,浜松市中央区,浜松,https://www.edu.pref.shizuoka.jp/hamamatsu-ch/,hamamatsu-ch@edu.pref.shizuoka.jp,,全日制商業科
静岡県,県立,浜松城北工業高等学校,浜松市中央区,浜松,https://www.edu.pref.shizuoka.jp/hamamatsujohoku-th/,hamamatsujohoku-th@edu.pref.shizuoka.jp,,全日制工業科
静岡県,県立,浜松江之島高等学校,浜松市中央区,浜松,https://www.edu.pref.shizuoka.jp/hamamatsuenoshima-h/,hamamatsuenoshima-h@edu.pref.shizuoka.jp,,全日制普通科
静岡県,県立,浜松大平台高等学校,浜松市中央区,浜松,https://www.edu.pref.shizuoka.jp/hamamatsuohiradai-h/,hamamatsuohiradai-h@edu.pref.shizuoka.jp,,全日制普通科
静岡県,県立,浜松湖南高等学校,浜松市南区,浜松,https://www.edu.pref.shizuoka.jp/hamamatsukonan-h/,hamamatsukonan-h@edu.pref.shizuoka.jp,,全日制普通科
静岡県,県立,浜松湖東高等学校,浜松市浜名区,浜松,https://www.edu.pref.shizuoka.jp/hamamatsukoto-h/,hamamatsukoto-h@edu.pref.shizuoka.jp,,全日制普通科
静岡県,県立,浜松湖北高等学校,浜松市浜名区,浜松,https://www.edu.pref.shizuoka.jp/hamamatsukohoku-h/,hamamatsukohoku-h@edu.pref.shizuoka.jp,,全日制普通科
静岡県,県立,浜名高等学校,浜松市浜名区,浜松,https://www.edu.pref.shizuoka.jp/hamana-h/,hamana-h@edu.pref.shizuoka.jp,,全日制普通科・農業科
静岡県,県立,浜北西高等学校,浜松市浜名区,浜松,https://www.edu.pref.shizuoka.jp/hamakitanishi-h/,hamakitanishi-h@edu.pref.shizuoka.jp,,全日制普通科
静岡県,県立,天竜高等学校,浜松市天竜区,浜松,https://www.edu.pref.shizuoka.jp/tenryu-h/,tenryu-h@edu.pref.shizuoka.jp,,全日制普通科
静岡県,県立,佐久間高等学校,浜松市天竜区,浜松,https://www.edu.pref.shizuoka.jp/sakuma-h/,sakuma-h@edu.pref.shizuoka.jp,,全日制普通科
静岡県,県立,湖西高等学校,湖西市,西部,https://www.edu.pref.shizuoka.jp/kosai-h/,kosai-h@edu.pref.shizuoka.jp,,全日制普通科
静岡県,県立,新居高等学校,湖西市,西部,https://www.edu.pref.shizuoka.jp/arai-h/,arai-h@edu.pref.shizuoka.jp,,全日制普通科（2024年度末で閉校）
静岡県,県立,磐田南高等学校,磐田市,西部,https://www.edu.pref.shizuoka.jp/iwataminami-h/,iwataminami-h@edu.pref.shizuoka.jp,,全日制普通科
静岡県,県立,磐田西高等学校,磐田市,西部,https://www.edu.pref.shizuoka.jp/iwatanishi-h/,iwatanishi-h@edu.pref.shizuoka.jp,,全日制普通科
静岡県,県立,磐田北高等学校,磐田市,西部,https://www.edu.pref.shizuoka.jp/iwatakita-h/,iwatakita-h@edu.pref.shizuoka.jp,,全日制普通科
静岡県,県立,磐田農業高等学校,磐田市,西部,https://www.edu.pref.shizuoka.jp/iwata-ah/,iwata-ah@edu.pref.shizuoka.jp,,全日制農業科
静岡県,県立,袋井高等学校,袋井市,西部,https://www.edu.pref.shizuoka.jp/fukuroi-h/,fukuroi-h@edu.pref.shizuoka.jp,,全日制普通科
静岡県,県立,袋井商業高等学校,袋井市,西部,https://www.edu.pref.shizuoka.jp/fukuroi-ch/,fukuroi-ch@edu.pref.shizuoka.jp,,全日制商業科
静岡県,県立,掛川東高等学校,掛川市,西部,https://kakegawahigashi-h.ed.jp/,kakegawahigashi-h@edu.pref.shizuoka.jp,,全日制普通科
静岡県,県立,掛川西高等学校,掛川市,西部,https://www.edu.pref.shizuoka.jp/kakegawanishi-h/,kakegawanishi-h@edu.pref.shizuoka.jp,,全日制普通科
静岡県,県立,掛川工業高等学校,掛川市,西部,https://www.edu.pref.shizuoka.jp/kakegawa-th/,kakegawa-th@edu.pref.shizuoka.jp,,全日制工業科
静岡県,県立,菊川南陵高等学校,菊川市,西部,https://www.edu.pref.shizuoka.jp/kikugawananryo-h/,kikugawananryo-h@edu.pref.shizuoka.jp,,全日制普通科
静岡県,県立,遠江総合高等学校,浜松市天竜区,浜松,https://www.edu.pref.shizuoka.jp/totomisogo-h/,totomisogo-h@edu.pref.shizuoka.jp,,全日制総合学科
静岡県,県立,小笠高等学校,掛川市,西部,https://edu.pref.shizuoka.jp/ogasa-h/,ogasa-h@edu.pref.shizuoka.jp,,全日制普通科
静岡県,市立,静岡市立高等学校,静岡市葵区,静岡・中部,https://shizuokacity-h.edumap.jp/,,https://shizuokacity-h.edumap.jp/,静岡市立
静岡県,市立,浜松市立高等学校,浜松市中央区,浜松,https://www.city.hamamatsu-szo.ed.jp/ichiritsu-h/,hamaichi@hamamatsu-h.ed.jp,,浜松市立
静岡県,私立,静岡学園高等学校,静岡市葵区,静岡・中部,https://www.shizugaku.ed.jp/,info@shizugaku.ed.jp,,
静岡県,私立,静岡北高等学校,静岡市葵区,静岡・中部,https://shizukita.jp/,szkt@sist.ac.jp,,
静岡県,私立,静岡英和女学院高等学校,静岡市葵区,静岡・中部,https://www.shizuoka-eiwa.ed.jp/,info@shizuoka-eiwa.ed.jp,,女子校
静岡県,私立,静岡雙葉高等学校,静岡市葵区,静岡・中部,https://shizuoka-futaba.ac.jp/,,,女子校
静岡県,私立,常葉大学附属常葉高等学校,静岡市葵区,静岡・中部,https://www.tokoha.ac.jp/hs-tokoha/,,,
静岡県,私立,常葉大学附属橘高等学校,静岡市葵区,静岡・中部,https://www.tokoha.ac.jp/hs-tachibana/,,,
静岡県,私立,東海大学付属静岡翔洋高等学校,静岡市清水区,静岡・中部,https://www.shoyo.tokai.ed.jp/,,,清水区
静岡県,私立,静清高等学校,藤枝市,静岡・中部,https://seisei.ed.jp/,,,
静岡県,私立,城南静岡高等学校,静岡市駿河区,静岡・中部,https://www.johnan.ac.jp/,,,
静岡県,私立,藤枝明誠高等学校,藤枝市,静岡・中部,https://www.fgmeisei.ed.jp/,,,
静岡県,私立,日本大学三島高等学校,三島市,東部,https://www.mishima.hs.nihon-u.ac.jp/,,,
静岡県,私立,桐陽高等学校,沼津市,東部,https://toyo-numazu.ac.jp/,,,
静岡県,私立,沼津中央高等学校,沼津市,東部,https://www.n-chuo.ac.jp/,,,通信制課程あり
静岡県,私立,飛龍高等学校,沼津市,東部,https://hiryu.ed.jp/,,,
静岡県,私立,誠恵高等学校,沼津市,東部,http://www.seikei-on.ac.jp/,contactinfo@seikei-on.ac.jp,,
静岡県,私立,加藤学園高等学校,沼津市,東部,https://www.katogaku.jp/KatohHS/,,,
静岡県,私立,加藤学園暁秀高等学校,沼津市,東部,https://www.katoh-net.ac.jp/GyoshuHS/,,,国際バカロレア認可校
静岡県,私立,御殿場西高等学校,御殿場市,東部,https://gotembanishi-h.ed.jp/,,,
静岡県,私立,星陵高等学校,富士宮市,東部,https://starhill.ed.jp/,,,
静岡県,私立,静岡県富士見高等学校,富士市,東部,https://fujimi.ed.jp/,,,
静岡県,私立,磐田東高等学校,磐田市,西部,https://www.iwatahigashi-h.ed.jp/,,,
静岡県,私立,常葉大学附属菊川高等学校,菊川市,西部,https://tokoha.net/kikugawa/,,,
静岡県,私立,浜松学芸高等学校,浜松市中央区,浜松,https://www.gakugei.ed.jp/,,,
静岡県,私立,浜松日体高等学校,浜松市中央区,浜松,https://www.h-nittai.ed.jp/,,,
静岡県,私立,浜松開誠館高等学校,浜松市中央区,浜松,https://www.kaiseikan.ed.jp/,office@kaiseikan.ed.jp,,
静岡県,私立,浜松修学舎高等学校,浜松市中央区,浜松,https://www.shugakusha.ed.jp/,,https://www.shugakusha.ed.jp/contact/,
静岡県,私立,浜松学院興誠高等学校,浜松市中央区,浜松,https://www.hamagaku.ac.jp/gakuin/,,,
静岡県,私立,聖隷クリストファー高等学校,浜松市中央区,浜松,https://seirei.ed.jp/,,,
静岡県,私立,西遠女子学園高等学校,浜松市中央区,浜松,https://www.seien.ed.jp/,,,女子校
静岡県,私立,浜松聖星高等学校,浜松市中央区,浜松,https://hamamatsu-seisei.jp/,,,
静岡県,私立,オイスカ浜松国際高等学校,浜松市中央区,浜松,https://www.oisca.ed.jp/,,,
静岡県,私立,浜松啓陽高等学校,浜松市中央区,浜松,https://keiyo.ed.jp/,,,
愛知県,国立,愛知教育大学附属高等学校,刈谷市,西三河,https://www.auehs.aichi-edu.ac.jp/,,,
愛知県,国立,名古屋大学教育学部附属中学校・高等学校,名古屋市千種区,名古屋,https://www.nu-hs.aichi-edu.ac.jp/,,,
愛知県,県立,旭丘高等学校,名古屋市東区,名古屋,https://aichi-asahigaoka.ed.jp/,,,
愛知県,県立,旭陵高等学校,名古屋市東区,名古屋,https://kyokuryo-h.aichi-c.ed.jp/cms/,,,通信制課程
愛知県,県立,明和高等学校,名古屋市東区,名古屋,https://meiwa-h.aichi-c.ed.jp/cms/,,,
愛知県,県立,菊里高等学校,名古屋市千種区,名古屋,https://kikuzato-h.aichi-c.ed.jp/,,,
愛知県,県立,千種高等学校,名古屋市千種区,名古屋,https://chigusa-h.aichi-c.ed.jp/,,,
愛知県,県立,向陽高等学校,名古屋市昭和区,名古屋,https://koyo-h.aichi-c.ed.jp/,,,
愛知県,県立,昭和高等学校,名古屋市昭和区,名古屋,https://showa-h.aichi-c.ed.jp/,,,
愛知県,県立,瑞陵高等学校,名古屋市瑞穂区,名古屋,https://zuiryo-h.aichi-c.ed.jp/cms/,,,
愛知県,県立,桜台高等学校,名古屋市瑞穂区,名古屋,https://sakuradai-h.aichi-c.ed.jp/,,,
愛知県,県立,天白高等学校,名古屋市天白区,名古屋,https://tenpaku-h.aichi-c.ed.jp/,,,
愛知県,県立,名東高等学校,名古屋市名東区,名古屋,https://meito-h.aichi-c.ed.jp/,,,
愛知県,県立,東郷高等学校,愛知郡東郷町,名古屋,https://togo-h.aichi-c.ed.jp/,,,
愛知県,県立,日進高等学校,日進市,名古屋,https://nisshin-h.aichi-c.ed.jp/,,,
愛知県,県立,日進西高等学校,日進市,名古屋,https://nissin-nishi-h.aichi-c.ed.jp/,,,
愛知県,県立,熱田高等学校,名古屋市熱田区,名古屋,https://atsuta-h.aichi-c.ed.jp/,,,
愛知県,県立,松蔭高等学校,名古屋市西区,名古屋,https://shoin-h.aichi-c.ed.jp/,,,
愛知県,県立,緑高等学校,名古屋市緑区,名古屋,https://midori-h.aichi-c.ed.jp/,,,
愛知県,県立,名古屋南高等学校,名古屋市南区,名古屋,https://nagoyaminami-h.aichi-c.ed.jp/,,,
愛知県,県立,名古屋西高等学校,名古屋市西区,名古屋,https://nagoyanishi-h.aichi-c.ed.jp/,,,
愛知県,県立,守山高等学校,名古屋市守山区,名古屋,https://moriyama-h.aichi-c.ed.jp/,,,
愛知県,県立,名古屋工業高等学校,名古屋市中村区,名古屋,https://nagoya-th.aichi-c.ed.jp/,,,
愛知県,県立,名南工業高等学校,名古屋市南区,名古屋,https://meishin-th.aichi-c.ed.jp/,,,
愛知県,県立,中村高等学校,名古屋市中村区,名古屋,https://nakamura-h.aichi-c.ed.jp/,,,
愛知県,県立,愛知商業高等学校,名古屋市中川区,名古屋,https://aichi-ch.aichi-c.ed.jp/,,,
愛知県,県立,愛知総合工科高等学校,名古屋市港区,名古屋,https://aichi-te.aichi-c.ed.jp/,,,
愛知県,県立,鳴海高等学校,名古屋市緑区,名古屋,https://narumi-h.aichi-c.ed.jp/,,,
愛知県,県立,長久手高等学校,長久手市,名古屋,https://nagakute-h.aichi-c.ed.jp/,,,
愛知県,県立,豊明高等学校,豊明市,名古屋,https://toyoake-h.aichi-c.ed.jp/,,,
愛知県,県立,東海樟風高等学校,東海市,名古屋,https://tokai-ch.aichi-c.ed.jp/,,,
愛知県,県立,半田高等学校,半田市,尾張,https://handa-h.aichi-c.ed.jp/,,,
愛知県,県立,半田農業高等学校,半田市,尾張,https://handa-ah.aichi-c.ed.jp/,,,
愛知県,県立,半田工業高等学校,半田市,尾張,https://handa-th.aichi-c.ed.jp/,,,
愛知県,県立,阿久比高等学校,知多郡阿久比町,尾張,https://agui-h.aichi-c.ed.jp/,,,
愛知県,県立,武豊高等学校,知多郡武豊町,尾張,https://taketoyo-h.aichi-c.ed.jp/,,,
愛知県,県立,知多翔洋高等学校,知多市,尾張,https://chita-sh.aichi-c.ed.jp/,,,
愛知県,県立,常滑高等学校,常滑市,尾張,https://tokoname-h.aichi-c.ed.jp/,,,
愛知県,県立,大府高等学校,大府市,尾張,https://obu-h.aichi-c.ed.jp/,,,
愛知県,県立,横須賀高等学校,知多郡東浦町,尾張,https://yokosuka-h.aichi-c.ed.jp/,,,
愛知県,県立,瀬戸高等学校,瀬戸市,尾張,https://seto-h.aichi-c.ed.jp/,,,
愛知県,県立,瀬戸西高等学校,瀬戸市,尾張,https://setonishi-h.aichi-c.ed.jp/,,,
愛知県,県立,旭野高等学校,尾張旭市,尾張,https://asahino-h.aichi-c.ed.jp/,,,
愛知県,県立,尾張旭高等学校,尾張旭市,尾張,https://owariasahi-h.aichi-c.ed.jp/,,,
愛知県,県立,春日井高等学校,春日井市,尾張,https://kasugai-h.aichi-c.ed.jp/,,,
愛知県,県立,春日井西高等学校,春日井市,尾張,https://kasugainishi-h.aichi-c.ed.jp/,,,
愛知県,県立,春日井南高等学校,春日井市,尾張,https://kasugaiminami-h.aichi-c.ed.jp/,,,
愛知県,県立,高蔵寺高等学校,春日井市,尾張,https://kozoji-h.aichi-c.ed.jp/,,,
愛知県,県立,小牧高等学校,小牧市,尾張,https://komaki-h.aichi-c.ed.jp/,,,
愛知県,県立,小牧工業高等学校,小牧市,尾張,https://komaki-th.aichi-c.ed.jp/,,,
愛知県,県立,小牧南高等学校,小牧市,尾張,https://komakiminami-h.aichi-c.ed.jp/,,,
愛知県,県立,一宮高等学校,一宮市,尾張,https://ichinomiya-h.jp/,,,
愛知県,県立,一宮西高等学校,一宮市,尾張,https://ichinomiyanishi-h.aichi-c.ed.jp/,,,
愛知県,県立,一宮南高等学校,一宮市,尾張,https://ichinomiyaminami-h.aichi-c.ed.jp/,,,
愛知県,県立,一宮興道高等学校,一宮市,尾張,https://ichinomiyakodo-h.aichi-c.ed.jp/,,,
愛知県,県立,尾西高等学校,一宮市,尾張,https://bisai-h.aichi-c.ed.jp/,,,
愛知県,県立,木曽川高等学校,一宮市,尾張,https://kisogawa-h.aichi-c.ed.jp/,,,
愛知県,県立,五条高等学校,一宮市,尾張,https://gojo-h.aichi-c.ed.jp/,,,
愛知県,県立,犬山高等学校,犬山市,尾張,https://inuyama-h.aichi-c.ed.jp/,,,
愛知県,県立,犬山南高等学校,犬山市,尾張,https://inuyamaminami-h.aichi-c.ed.jp/,,,
愛知県,県立,江南高等学校,江南市,尾張,https://konan-h.aichi-c.ed.jp/,,,
愛知県,県立,丹羽高等学校,丹羽郡扶桑町,尾張,https://niwa-h.aichi-c.ed.jp/,,,
愛知県,県立,岩倉総合高等学校,岩倉市,尾張,https://iwakurasogo-h.aichi-c.ed.jp/,,,
愛知県,県立,稲沢高等学校,稲沢市,尾張,https://inazawa-h.aichi-c.ed.jp/,,,
愛知県,県立,稲沢東高等学校,稲沢市,尾張,https://inazawahigashi-h.aichi-c.ed.jp/,,,
愛知県,県立,祖父江高等学校,稲沢市,尾張,https://sobue-h.aichi-c.ed.jp/,,,
愛知県,県立,清洲高等学校,清須市,尾張,https://kiyosu-h.aichi-c.ed.jp/,,,
愛知県,県立,新川高等学校,清須市,尾張,https://shinkawa-h.aichi-c.ed.jp/,,,
愛知県,県立,津島高等学校,津島市,尾張,https://tsushima-h.aichi-c.ed.jp/,,,
愛知県,県立,津島東高等学校,津島市,尾張,https://tsushimahigashi-h.aichi-c.ed.jp/,,,
愛知県,県立,弥富高等学校,弥富市,尾張,https://yatomi-h.aichi-c.ed.jp/,,,
愛知県,県立,海翔高等学校,愛西市,尾張,https://kaisho-h.aichi-c.ed.jp/,,,
愛知県,県立,西春高等学校,北名古屋市,尾張,https://nishiharu-h.aichi-c.ed.jp/,,,
愛知県,県立,師勝高等学校,北名古屋市,尾張,https://shikatsu-h.aichi-c.ed.jp/,,,
愛知県,県立,豊田高等学校,豊田市,西三河,https://toyota-h.aichi-c.ed.jp/,,,
愛知県,県立,豊田北高等学校,豊田市,西三河,https://toyotakita-h.aichi-c.ed.jp/,,,
愛知県,県立,豊田西高等学校,豊田市,西三河,https://toyotanishi-h.aichi-c.ed.jp/,,,
愛知県,県立,豊田南高等学校,豊田市,西三河,https://toyotaminami-h.aichi-c.ed.jp/,,,
愛知県,県立,豊田東高等学校,豊田市,西三河,https://toyotahigashi-h.aichi-c.ed.jp/,,,
愛知県,県立,豊田工業高等学校,豊田市,西三河,https://toyota-th.aichi-c.ed.jp/,,,
愛知県,県立,足助高等学校,豊田市,西三河,https://asuke-h.aichi-c.ed.jp/,,,
愛知県,県立,猿投農林高等学校,豊田市,西三河,https://sanage-ah.aichi-c.ed.jp/,,,
愛知県,県立,岡崎高等学校,岡崎市,西三河,https://okazaki-h.aichi-c.ed.jp/,,,
愛知県,県立,岡崎東高等学校,岡崎市,西三河,https://okazakihigashi-h.aichi-c.ed.jp/,,,
愛知県,県立,岡崎北高等学校,岡崎市,西三河,https://okazakikita-h.aichi-c.ed.jp/,,,
愛知県,県立,岡崎西高等学校,岡崎市,西三河,https://okazakinishi-h.aichi-c.ed.jp/cms/,kih-adm@okazakinishi-h.aichi-c.ed.jp,,
愛知県,県立,岡崎商業高等学校,岡崎市,西三河,https://okazaki-ch.aichi-c.ed.jp/,,,
愛知県,県立,岡崎工業高等学校,岡崎市,西三河,https://okazaki-th.aichi-c.ed.jp/,,,
愛知県,県立,安城高等学校,安城市,西三河,https://anjo-h.aichi-c.ed.jp/,,,
愛知県,県立,安城東高等学校,安城市,西三河,https://anjohigashi-h.aichi-c.ed.jp/,,,
愛知県,県立,安城南高等学校,安城市,西三河,https://anjominami-h.aichi-c.ed.jp/,,,
愛知県,県立,安城農林高等学校,安城市,西三河,https://anjo-ah.aichi-c.ed.jp/,,,
愛知県,県立,刈谷高等学校,刈谷市,西三河,https://kariya-h.aichi-c.ed.jp/,,,
愛知県,県立,刈谷東高等学校,刈谷市,西三河,https://kariyahigashi-h.aichi-c.ed.jp/,,,
愛知県,県立,刈谷工業高等学校,刈谷市,西三河,https://kariya-th.aichi-c.ed.jp/,,,
愛知県,県立,知立高等学校,知立市,西三河,https://chiryu-h.aichi-c.ed.jp/,,,
愛知県,県立,知立東高等学校,知立市,西三河,https://chiryuhigashi-h.aichi-c.ed.jp/,,,
愛知県,県立,碧南高等学校,碧南市,西三河,https://hekinan-h.aichi-c.ed.jp/,,,
愛知県,県立,碧南工業高等学校,碧南市,西三河,https://hekinan-th.aichi-c.ed.jp/,,,
愛知県,県立,西尾高等学校,西尾市,西三河,https://nishio-h.aichi-c.ed.jp/,,,
愛知県,県立,西尾東高等学校,西尾市,西三河,https://nishiohigashi-h.aichi-c.ed.jp/,,,
愛知県,県立,吉良高等学校,西尾市,西三河,https://kira-h.aichi-c.ed.jp/,,,
愛知県,県立,幸田高等学校,額田郡幸田町,西三河,https://koda-h.aichi-c.ed.jp/,,,
愛知県,県立,時習館高等学校,豊橋市,東三河,https://jisyukan-h.aichi-c.ed.jp/,,,
愛知県,県立,豊橋東高等学校,豊橋市,東三河,https://toyohashihigashi-h.aichi-c.ed.jp/,,,
愛知県,県立,豊橋西高等学校,豊橋市,東三河,https://toyohashinishi-h.aichi-c.ed.jp/cms/,,,
愛知県,県立,豊橋南高等学校,豊橋市,東三河,https://toyohashiminami-h.aichi-c.ed.jp/,,,
愛知県,県立,豊橋工業高等学校,豊橋市,東三河,https://toyohashi-th.aichi-c.ed.jp/,,,
愛知県,県立,豊橋商業高等学校,豊橋市,東三河,https://toyohashi-ch.aichi-c.ed.jp/,,,
愛知県,県立,豊丘高等学校,豊橋市,東三河,https://toyooka-h.aichi-c.ed.jp/,,,
愛知県,県立,豊川高等学校,豊川市,東三河,https://toyokawa-h.aichi-c.ed.jp/,,,
愛知県,県立,豊川工科高等学校,豊川市,東三河,https://toyokawa-te.aichi-c.ed.jp/cms/,,,旧豊川工業高等学校
愛知県,県立,小坂井高等学校,豊川市,東三河,https://kozakai-h.aichi-c.ed.jp/,,,
愛知県,県立,国府高等学校,豊川市,東三河,https://kokuf-h.aichi-c.ed.jp/,,,
愛知県,県立,蒲郡高等学校,蒲郡市,東三河,https://gamagori-h.aichi-c.ed.jp/,,,
愛知県,県立,蒲郡東高等学校,蒲郡市,東三河,https://gamagorihigashi-h.aichi-c.ed.jp/,,,
愛知県,県立,新城有教館高等学校,新城市,東三河,https://shinshiroyukyokan-h.aichi-c.ed.jp/cms/,,,
愛知県,県立,田口高等学校,北設楽郡設楽町,東三河,https://taguchi-h.aichi-c.ed.jp/,,,
愛知県,県立,三谷水産高等学校,蒲郡市,東三河,https://miyasuisan-h.aichi-c.ed.jp/,,,
愛知県,県立,渥美農業高等学校,田原市,東三河,https://atsumi-ah.aichi-c.ed.jp/,,,
愛知県,市立,名古屋市立菊里高等学校,名古屋市千種区,名古屋,https://www.nagoya-c.ed.jp/school/kikuzato-h/,,,
愛知県,市立,名古屋市立向陽高等学校,名古屋市昭和区,名古屋,https://www.nagoya-c.ed.jp/school/koyo-h/,,,
愛知県,市立,名古屋市立桜台高等学校,名古屋市瑞穂区,名古屋,https://www.nagoya-c.ed.jp/school/sakuradai-h/,,,
愛知県,市立,名古屋市立北高等学校,名古屋市北区,名古屋,https://www.nagoya-c.ed.jp/school/kita-h/,,,
愛知県,市立,名古屋市立緑高等学校,名古屋市緑区,名古屋,https://www.nagoya-c.ed.jp/school/midori-h/,,,
愛知県,市立,名古屋市立富田高等学校,名古屋市中川区,名古屋,https://www.nagoya-c.ed.jp/school/tomita-h/,,,
愛知県,市立,名古屋市立山田高等学校,名古屋市西区,名古屋,https://www.nagoya-c.ed.jp/school/yamada-h/,,,
愛知県,市立,名古屋市立名東高等学校,名古屋市名東区,名古屋,https://www.nagoya-c.ed.jp/school/meito-h/,,,
愛知県,市立,名古屋市立西陵高等学校,名古屋市西区,名古屋,https://www.nagoya-c.ed.jp/school/seiryo-h/,,,総合学科
愛知県,市立,名古屋市立名古屋商業高等学校,名古屋市千種区,名古屋,https://www.nagoya-ch.ed.jp/,,,
愛知県,市立,名古屋市立若宮商業高等学校,名古屋市中川区,名古屋,https://www.nagoya-c.ed.jp/school/wakamiya-ch/,,,
愛知県,市立,名古屋市立工業高等学校,名古屋市熱田区,名古屋,https://www.nagoya-c.ed.jp/school/kogyo-th/,,,
愛知県,市立,名古屋市立工芸高等学校,名古屋市東区,名古屋,https://www.nagoya-c.ed.jp/school/kogei-th/,,,
愛知県,市立,名古屋市立中央高等学校,名古屋市中区,名古屋,https://www.nagoya-c.ed.jp/school/chuo-h/,,,定時制
愛知県,私立,愛知高等学校,名古屋市東区,名古屋,https://www.aichi-h.ed.jp/hs/,,,学校法人愛知学院
愛知県,私立,愛知工業大学名電高等学校,名古屋市千種区,名古屋,https://www.meiden.ac.jp/,,,
愛知県,私立,愛知淑徳高等学校,名古屋市千種区,名古屋,https://www.aichisukoku.ed.jp/high/,,,
愛知県,私立,中京大学附属中京高等学校,名古屋市昭和区,名古屋,https://www.chukyo-h.ed.jp/,,,
愛知県,私立,東海高等学校,名古屋市東区,名古屋,https://www.tokai-jh.ed.jp/,,,
愛知県,私立,南山高等学校男子部,名古屋市昭和区,名古屋,https://www.nanzan.ed.jp/highschool/boys/,,,
愛知県,私立,南山高等学校女子部,名古屋市昭和区,名古屋,https://www.nanzan.ed.jp/highschool/girls/,,,
愛知県,私立,名古屋高等学校,名古屋市昭和区,名古屋,https://www.nagoya-h.ed.jp/,,,
愛知県,私立,東邦高等学校,名古屋市名東区,名古屋,https://www.toho.ed.jp/highschool/,,,
愛知県,私立,名城大学附属高等学校,名古屋市天白区,名古屋,https://www.meijo-u-hs.ed.jp/,,,
愛知県,私立,星城高等学校,名古屋市緑区,名古屋,https://www.seijo-h.ed.jp/,,,
愛知県,私立,中部大学第一高等学校,名古屋市西区,名古屋,https://www.chubu-dai1-h.ed.jp/,,,
愛知県,私立,名古屋経済大学市邨高等学校,名古屋市東区,名古屋,https://www.ichimura.ed.jp/,,,
愛知県,私立,名古屋経済大学高蔵高等学校,名古屋市昭和区,名古屋,https://www.kouzou.ed.jp/,,,
愛知県,私立,大同高等学校,名古屋市南区,名古屋,https://www.daido-hs.ed.jp/,,,
愛知県,私立,愛知商業高等学校,名古屋市中村区,名古屋,https://www.aisho-h.ed.jp/,,,私立（県立愛知商業と区別）
愛知県,私立,享栄高等学校,名古屋市瑞穂区,名古屋,https://www.kyoei-h.ed.jp/,,,
愛知県,私立,椙山女学園高等学校,名古屋市千種区,名古屋,https://www.sugiyama.ac.jp/highschool/,,,
愛知県,私立,金城学院高等学校,名古屋市守山区,名古屋,https://www.kinjo.ed.jp/highschool/,,,
愛知県,私立,聖霊高等学校,名古屋市北区,名古屋,https://www.seireijs.ed.jp/,,,
愛知県,私立,名古屋女子大学高等学校,名古屋市瑞穂区,名古屋,https://www.nagoya-wu.ac.jp/highschool/,,,
愛知県,私立,愛知みずほ大学瑞穂高等学校,名古屋市瑞穂区,名古屋,https://www.mizuho-h.ed.jp/,,,
愛知県,私立,桜花学園高等学校,名古屋市中区,名古屋,https://www.ohkagakuen.ed.jp/highschool/,,,
愛知県,私立,同朋高等学校,名古屋市西区,名古屋,https://www.doho.ac.jp/highschool/,,,
愛知県,私立,大成高等学校,名古屋市西区,名古屋,https://www.taisei-h.ed.jp/,,,
愛知県,私立,栄徳高等学校,名古屋市北区,名古屋,https://www.eitoku.ed.jp/,,,
愛知県,私立,東海学園高等学校,名古屋市天白区,名古屋,https://www.tokaigakuen-h.ed.jp/,,,
愛知県,私立,名古屋大谷高等学校,名古屋市守山区,名古屋,https://www.nagoya-otani.ed.jp/,,,
愛知県,私立,名古屋国際高等学校,名古屋市昭和区,名古屋,https://www.nagoya-kokusai.ed.jp/,,,
愛知県,私立,名古屋学院大学附属高等学校,名古屋市東区,名古屋,https://www.ngu-h.ed.jp/,,,
愛知県,私立,名古屋龍谷高等学校,名古屋市中川区,名古屋,https://www.nagoya-ryukoku.ed.jp/,,,
愛知県,私立,黎明高等学校,愛西市,尾張,https://www.aireihou.ed.jp/,,,
愛知県,私立,誠信高等学校,あま市,尾張,https://www.seishin-h.ed.jp/,,,
愛知県,私立,愛知啓成高等学校,あま市,尾張,https://www.keiseigakuen.ed.jp/,,,
愛知県,私立,聖カピタニオ女子高等学校,小牧市,尾張,https://www.capitanio.ed.jp/,,,
愛知県,私立,清林館高等学校,愛西市,尾張,https://www.seirinkan.ed.jp/,,,
愛知県,私立,中部大学春日丘高等学校,春日井市,尾張,https://www.chubu-hs.ed.jp/,,,
愛知県,私立,滝高等学校,丹羽郡大口町,尾張,https://www.taki.ed.jp/,,,
愛知県,私立,修文女子高等学校,一宮市,尾張,https://www.shubun.ed.jp/highschool/,,,
愛知県,私立,至学館高等学校,大府市,尾張,https://www.shigakukan.ed.jp/highschool/,,,
愛知県,私立,日本福祉大学付属高等学校,知多市,尾張,https://www.nichifuku-h.ed.jp/,,,
愛知県,私立,高田高等学校,津島市,尾張,https://www.takata-h.ed.jp/,,,
愛知県,私立,安城学園高等学校,安城市,西三河,https://www.anjogakuen.ed.jp/,,,
愛知県,私立,光ヶ丘女子高等学校,岡崎市,西三河,https://www.hikarugaoka.ed.jp/,,,
愛知県,私立,愛知産業大学工業高等学校,岡崎市,西三河,https://www.aisin-th.ed.jp/,,,
愛知県,私立,愛知産業大学三河高等学校,岡崎市,西三河,https://www.mikawa-h.ed.jp/,,,
愛知県,私立,岡崎学園高等学校,岡崎市,西三河,https://www.okazaki-gakuen.ed.jp/,,,
愛知県,私立,杜若高等学校,知立市,西三河,https://www.tojaku.ed.jp/,,,
愛知県,私立,菊華高等学校,豊田市,西三河,https://www.kikka-h.ed.jp/,,,
愛知県,私立,豊田大谷高等学校,豊田市,西三河,https://www.toyota-otani.ed.jp/,,,
愛知県,私立,桜丘高等学校,豊橋市,東三河,https://www.sakuragaoka.ed.jp/,,,
愛知県,私立,豊橋中央高等学校,豊橋市,東三河,https://www.toyohashi-chuo.ed.jp/,,,
愛知県,私立,豊川高等学校,豊川市,東三河,https://www.toyokawa.ed.jp/highschool/,,,
愛知県,県立,南陽高等学校,名古屋市港区,名古屋,https://nanyo-h.aichi-c.ed.jp/cms/,,,
愛知県,県立,緑丘高等学校,名古屋市守山区,名古屋,https://midorigaoka-h.aichi-c.ed.jp/cms/,,,総合学科
愛知県,県立,中川青和高等学校,名古屋市中川区,名古屋,https://nakagawaseiwa-h.aichi-c.ed.jp/cms/,,,旧中川商業
愛知県,県立,名古屋工科高等学校,名古屋市北区,名古屋,https://nagoya-te.aichi-c.ed.jp/cms/,,,
愛知県,県立,城北つばさ高等学校,名古屋市北区,名古屋,https://johokutsubasa-h.aichi-c.ed.jp/,,,昼間定時制・通信制
愛知県,県立,一宮商業高等学校,一宮市,尾張,https://ichinomiya-ch.aichi-c.ed.jp/cms/,,,
愛知県,県立,一宮工科高等学校,一宮市,尾張,https://ichinomiya-te.aichi-c.ed.jp/,,,
愛知県,県立,一宮起工科高等学校,一宮市,尾張,https://okoshi-th.aichi-c.ed.jp/,,,昼間定時制
愛知県,県立,佐屋高等学校,愛西市,尾張,https://saya-h.aichi-c.ed.jp/cms/,,,昼間定時制・通信制
愛知県,県立,豊野高等学校,豊田市,西三河,https://yutakano-h.aichi-c.ed.jp/cms/,,,昼間定時制・通信制
愛知県,県立,御津あおば高等学校,豊川市,東三河,https://mitoaoba-h.aichi-c.ed.jp/,,,昼間定時制・通信制
愛知県,私立,修文学院高等学校,一宮市,尾張,https://www.gakuin-hs.shubun.ac.jp/,,,旧修文女子
愛知県,私立,啓明学館高等学校,名古屋市西区,名古屋,https://keimeigakkan-h.ed.jp/,,,女子校
愛知県,県立,新城有教館高等学校作手校舎,新城市,東三河,https://tsukude-h.aichi-c.ed.jp/cms/,,,新城有教館高等学校の分校舎
愛知県,私立,岡崎城西高等学校,岡崎市,西三河,https://www.johsei.ed.jp/,,,
三重県,県立,三重県立四日市高等学校,四日市市,北勢,https://www.shiko.ed.jp/,mail@shiko.ed.jp,https://www.shiko.ed.jp/contact.php,
三重県,県立,三重県立四日市西高等学校,四日市市,北勢,https://424hs.jp/,,,
三重県,県立,三重県立四日市南高等学校,四日市市,北勢,https://www.mie-c.ed.jp/hsyokk/,,,
三重県,県立,三重県立四日市工業高等学校,四日市市,北勢,https://www.mie-c.ed.jp/tyokka/,,,
三重県,県立,三重県立四日市中央工業高等学校,四日市市,北勢,https://www.mie-c.ed.jp/tcyokk/,tcyokkad@mxs.mie-c.ed.jp,,
三重県,県立,三重県立四日市農芸高等学校,四日市市,北勢,https://www.mie-c.ed.jp/ayokka/,ayokkaad@mxs.mie-c.ed.jp,,
三重県,県立,三重県立四日市商業高等学校,四日市市,北勢,https://shisho.ed.jp/,,,
三重県,県立,三重県立四日市四郷高等学校,四日市市,北勢,https://sites.google.com/mie-c.ed.jp/yogoh,,,旧URL: http://www.mie-c.ed.jp/hyogo/
三重県,県立,三重県立朝明高等学校,四日市市,北勢,https://www.mie-c.ed.jp/hasake/,,,
三重県,県立,三重県立北星高等学校,四日市市,北勢,http://www.mie-c.ed.jp/hhokus/,,,定時制・通信制
三重県,県立,三重県立桑名高等学校,桑名市,北勢,https://www.kuwana-h.ed.jp/,,,
三重県,県立,三重県立桑名西高等学校,桑名市,北勢,https://kuwananishi.ed.jp/,hwkuwa00@mxs.mie-c.ed.jp,,
三重県,県立,三重県立桑名北高等学校,桑名市,北勢,https://www.mie-c.ed.jp/hnkuwa/,hnkuwaad@mxs.mie-c.ed.jp,,
三重県,県立,三重県立桑名工業高等学校,桑名市,北勢,http://www.mie-c.ed.jp/tkuwan/,,,
三重県,県立,三重県立いなべ総合学園高等学校,いなべ市,北勢,https://inabe-h.ed.jp/,,,
三重県,県立,三重県立菰野高等学校,三重郡菰野町,北勢,https://www.mie-c.ed.jp/hkomon/,hkomon28@mxs.mie-c.ed.jp,,
三重県,県立,三重県立川越高等学校,三重郡川越町,北勢,https://www.mie-c.ed.jp/hkawag/,hkawagad@mxs.mie-c.ed.jp,,
三重県,県立,三重県立神戸高等学校,鈴鹿市,北勢,https://kambe.ed.jp/,,,
三重県,県立,三重県立白子高等学校,鈴鹿市,北勢,https://www.mie-c.ed.jp/hsirok/,hsirokad@mxs.mie-c.ed.jp,,
三重県,県立,三重県立石薬師高等学校,鈴鹿市,北勢,https://www.mie-c.ed.jp/hisiya/,,,
三重県,県立,三重県立飯野高等学校,鈴鹿市,北勢,https://www.mie-c.ed.jp/hiino/,,,
三重県,県立,三重県立稲生高等学校,鈴鹿市,北勢,http://www.ino-hs.ed.jp/,,,
三重県,県立,三重県立津高等学校,津市,中勢,https://www.tsuko.ed.jp/,htuad@mxs.mie-c.ed.jp,https://www.tsuko.ed.jp/contact/,
三重県,県立,三重県立津西高等学校,津市,中勢,https://tsunishi.jp/,info@tsunishi.jp,,
三重県,県立,三重県立津東高等学校,津市,中勢,https://www.mie-c.ed.jp/htuhig/,,,
三重県,県立,三重県立津工業高等学校,津市,中勢,https://www.mie-c.ed.jp/ttu/,ttuad@ttu.mie-c.ed.jp,,
三重県,県立,三重県立津商業高等学校,津市,中勢,https://www.mie-c.ed.jp/ctu/,,,
三重県,県立,三重県立久居高等学校,津市,中勢,https://www.mie-c.ed.jp/hhisai/,,,久居地区（津市）
三重県,県立,三重県立久居農林高等学校,津市,中勢,https://hisai-norin.jp/,,,久居地区（津市）
三重県,県立,三重県立白山高等学校,津市,中勢,https://www.mie-c.ed.jp/hhakus/,,,白山町（津市）
三重県,県立,三重県立亀山高等学校,亀山市,中勢,https://www.mie-c.ed.jp/hkamey/,,,
三重県,県立,三重県立松阪高等学校,松阪市,中勢,https://www.mie-c.ed.jp/hmatus/,,,通信制課程あり
三重県,県立,三重県立松阪工業高等学校,松阪市,中勢,https://www.mie-c.ed.jp/tmatus/,,,
三重県,県立,三重県立松阪商業高等学校,松阪市,中勢,https://mie-matsusho.jp/,,https://mie-matsusho.jp/inquiry/,
三重県,県立,三重県立相可高等学校,多気郡多気町,中勢,https://www.mie-c.ed.jp/houka/,houka00@mxs.mie-c.ed.jp,,
三重県,県立,三重県立伊勢高等学校,伊勢市,南勢,https://www.mie-c.ed.jp/hise/,,,
三重県,県立,三重県立伊勢工業高等学校,伊勢市,南勢,https://www.mie-c.ed.jp/tise/,,,
三重県,県立,三重県立宇治山田商業高等学校,伊勢市,南勢,https://www.mie-c.ed.jp/cujiya/,cujiyaad@mxs.mie-c.ed.jp,,
三重県,県立,三重県立明野高等学校,伊勢市,南勢,https://www.mie-c.ed.jp/hakeno/,hakenoad@mxs.mie-c.ed.jp,,
三重県,県立,三重県立志摩高等学校,志摩市,南勢,https://www.mie-c.ed.jp/hsima/,hsimaad@mxs.mie-c.ed.jp,,
三重県,県立,三重県立南伊勢高等学校（南勢校舎）,度会郡南伊勢町,南勢,http://www.mie-c.ed.jp/hnanse/,,,
三重県,県立,三重県立南伊勢高等学校（度会校舎）,度会郡度会町,南勢,https://www.mie-c.ed.jp/hwatar/,,,
三重県,県立,三重県立上野高等学校,伊賀市,伊賀,https://www.mie-c.ed.jp/hueno/,,,定時制課程あり
三重県,県立,三重県立伊賀白鳳高等学校,伊賀市,伊賀,http://www.igahakuho.ed.jp/,info@igahakuho.ed.jp,,
三重県,県立,三重県立あけぼの学園高等学校,伊賀市,伊賀,https://www.mie-c.ed.jp/hakebo/,,https://www.mie-c.ed.jp/hakebo/toiawase.html,
三重県,県立,三重県立名張高等学校,名張市,伊賀,https://www.mie-c.ed.jp/hnabar/,,,
三重県,県立,三重県立名張青峰高等学校,名張市,伊賀,https://www.mie-c.ed.jp/hseihou/,,,
三重県,県立,三重県立尾鷲高等学校,尾鷲市,東紀州,https://www.mie-c.ed.jp/howase/,,,
三重県,県立,三重県立熊野青藍高等学校（木本校舎）,熊野市,東紀州,https://sites.google.com/mie-c.ed.jp/kumanoseiran,,,令和7年4月新設。旧：木本高校（mie-c.ed.jp/hkimot/）と紀南高校が統合
三重県,県立,三重県立熊野青藍高等学校（紀南校舎）,南牟婁郡御浜町,東紀州,https://sites.google.com/mie-c.ed.jp/kumanoseiran,,,令和7年4月新設。旧：紀南高校（mie-c.ed.jp/hkinan/）
三重県,私立,暁高等学校,四日市市,北勢,https://www.akatsuki.ed.jp/akatsuki-h/,,,3年制・6年制あり
三重県,私立,四日市メリノール学院高等学校,四日市市,北勢,https://maryknoll.ed.jp/,,,
三重県,私立,海星高等学校,四日市市,北勢,https://www.kaisei.ed.jp/,,,
三重県,私立,大橋学園高等学校,四日市市,北勢,https://www.ohashigh.ed.jp/,,,通信制
三重県,私立,津田学園高等学校,桑名市,北勢,http://www.tsudagakuen.ac.jp/koukou/,,,
三重県,私立,高田高等学校,津市,中勢,http://www.mie-takada-hj.ed.jp/hj2/,,,
三重県,私立,一志学園高等学校,津市,中勢,http://ichishigakuen.ed.jp/,,,通信制
三重県,私立,三重高等学校,松阪市,中勢,https://www.mie-mie-h.ed.jp/high/,,,
三重県,私立,皇學館高等学校,伊勢市,南勢,https://www.kogakkan-h.jp/,,,
三重県,私立,英心高等学校,伊勢市,南勢,http://www.eishin-hs.ed.jp/,,,通信制
三重県,私立,伊勢学園高等学校,伊勢市,南勢,https://www.isegakuen.ac.jp/highschool/,,,
三重県,私立,鈴鹿高等学校,鈴鹿市,北勢,https://suzukakyoei.ed.jp/suzukah/,,,
三重県,私立,愛農学園農業高等学校,伊賀市,伊賀,https://ainogakuen.ed.jp/,,,全寮制農業高校
三重県,私立,桜丘中学校・高等学校,伊賀市,伊賀,https://sakura-gaoka.ed.jp/,,,
三重県,私立,神村学園高等部（伊賀分校）,伊賀市,伊賀,https://angel.kamimura.ac.jp/koiki/iga/,,,通信制
三重県,私立,徳風高等学校,亀山市,中勢,https://mietokufu.ed.jp/,,,通信制
岐阜県,県立,岐阜高等学校,岐阜市,岐阜,https://school.gifu-net.ed.jp/wordpress/gifu-hs/,c27301@pref.gifu.lg.jp,https://school.gifu-net.ed.jp/wordpress/gifu-hs/contact/,
岐阜県,県立,岐阜北高等学校,岐阜市,岐阜,https://school.gifu-net.ed.jp/wordpress/gifukita-hs/,,,
岐阜県,県立,長良高等学校,岐阜市,岐阜,https://school.gifu-net.ed.jp/nagara-hs/,,,
岐阜県,県立,岐山高等学校,岐阜市,岐阜,https://school.gifu-net.ed.jp/gisan-hs/,,,
岐阜県,県立,加納高等学校,岐阜市,岐阜,https://school.gifu-net.ed.jp/kano-hs/,,,
岐阜県,県立,岐阜商業高等学校,岐阜市,岐阜,https://school.gifu-net.ed.jp/gifu-chs/,,https://school.gifu-net.ed.jp/wordpress/gifu-chs/contact/,
岐阜県,県立,岐阜工業高等学校,羽島郡笠松町,岐阜,https://school.gifu-net.ed.jp/gifu-ths/,,,
岐阜県,県立,岐阜農林高等学校,本巣郡北方町,岐阜,https://school.gifu-net.ed.jp/gifu-ahs/,,,
岐阜県,県立,岐阜各務野高等学校,各務原市,岐阜,https://school.gifu-net.ed.jp/wordpress/gkakamino-hs/,,https://school.gifu-net.ed.jp/wordpress/gkakamino-hs/contactus/,
岐阜県,県立,各務原高等学校,各務原市,岐阜,https://school.gifu-net.ed.jp/wordpress/kaku-hs/,,,
岐阜県,県立,岐南工業高等学校,羽島郡岐南町,岐阜,https://school.gifu-net.ed.jp/wordpress/ginan-ths/,,https://school.gifu-net.ed.jp/wordpress/ginan-ths/introduction/contact/,
岐阜県,県立,岐阜総合学園高等学校,岐阜市,岐阜,https://school.gifu-net.ed.jp/wordpress/sogo-hs/,c27387@gifu-net.ed.jp,https://school.gifu-net.ed.jp/wordpress/sogo-hs/question/,
岐阜県,県立,岐阜城北高等学校,岐阜市,岐阜,https://school.gifu-net.ed.jp/wordpress/jyohoku-hs/,,,
岐阜県,県立,山県高等学校,山県市,岐阜,https://school.gifu-net.ed.jp/yamagata-hs/,c27351@gifu-net.ed.jp,,
岐阜県,県立,本巣松陽高等学校,本巣市,岐阜,https://school.gifu-net.ed.jp/wordpress/syoyo-hs/,,https://school.gifu-net.ed.jp/wordpress/syoyo-hs/contact/,
岐阜県,県立,華陽フロンティア高等学校,岐阜市,岐阜,https://school.gifu-net.ed.jp/kayofront-hs/,c27350@gifu-net.ed.jp,,通信制課程
岐阜県,県立,大垣北高等学校,大垣市,西濃,https://school.gifu-net.ed.jp/ogkkita-hs/,,,
岐阜県,県立,大垣工業高等学校,大垣市,西濃,https://school.gifu-net.ed.jp/wordpress/ogaki-ths/,,,
岐阜県,県立,大垣東高等学校,大垣市,西濃,https://school.gifu-net.ed.jp/ogkhigasi-hs/,,,
岐阜県,県立,大垣西高等学校,大垣市,西濃,https://school.gifu-net.ed.jp/ogknisi-hs/,,,
岐阜県,県立,大垣南高等学校,大垣市,西濃,https://school.gifu-net.ed.jp/ogkminami-hs/,,,
岐阜県,県立,大垣商業高等学校,大垣市,西濃,https://school.gifu-net.ed.jp/wordpress/ogaki-chs/,c27314@gifu-net.ed.jp,,
岐阜県,県立,大垣桜高等学校,大垣市,西濃,https://school.gifu-net.ed.jp/ogksakura-hs/,,,家庭・福祉専門高校
岐阜県,県立,海津明誠高等学校,海津市,西濃,https://school.gifu-net.ed.jp/kmeisei-hs/,c27393@gifu-net.ed.jp,,
岐阜県,県立,揖斐高等学校,揖斐郡揖斐川町,西濃,https://school.gifu-net.ed.jp/ibi-hs/,,,
岐阜県,県立,池田高等学校,揖斐郡池田町,西濃,https://school.gifu-net.ed.jp/ikeda-hs/,,https://school.gifu-net.ed.jp/wordpress/ikeda-hs/access/,
岐阜県,県立,不破高等学校,不破郡垂井町,西濃,https://school.gifu-net.ed.jp/wordpress/fuwa-hs/,,https://school.gifu-net.ed.jp/wordpress/fuwa-hs/contact/,
岐阜県,県立,関高等学校,関市,中濃,https://school.gifu-net.ed.jp/seki-hs/,,,
岐阜県,県立,関有知高等学校,関市,中濃,https://school.gifu-net.ed.jp/wordpress/sekiuchi-hs/,,,総合学科
岐阜県,県立,美濃高等学校,美濃市,中濃,https://school.gifu-net.ed.jp/mino-hs/,,,
岐阜県,県立,郡上高等学校,郡上市,中濃,https://school.gifu-net.ed.jp/gujyo-hs/,,,
岐阜県,県立,郡上北高等学校,郡上市,中濃,https://school.gifu-net.ed.jp/gujyokita-hs/,c27357@pref.gifu.lg.jp,,
岐阜県,県立,加茂高等学校,美濃加茂市,中濃,https://school.gifu-net.ed.jp/kamo-hs/,,,
岐阜県,県立,可児高等学校,可児市,中濃,https://school.gifu-net.ed.jp/kani-hs/,,,
岐阜県,県立,可児工業高等学校,可児市,中濃,https://school.gifu-net.ed.jp/kani-ths/,,,
岐阜県,県立,東濃高等学校,可児郡御嵩町,中濃,https://school.gifu-net.ed.jp/tono-hs/,,,
岐阜県,県立,多治見高等学校,多治見市,東濃,https://school.gifu-net.ed.jp/tajimi-hs/,,,
岐阜県,県立,多治見工業高等学校,多治見市,東濃,https://school.gifu-net.ed.jp/wordpress/tajimi-ths/,,,
岐阜県,県立,多治見北高等学校,多治見市,東濃,https://school.gifu-net.ed.jp/wordpress/tajimikita-hs/,,,
岐阜県,県立,土岐紅陵高等学校,土岐市,東濃,https://school.gifu-net.ed.jp/wordpress/tokikoryo-hs/,,,総合学科
岐阜県,県立,瑞浪高等学校,瑞浪市,東濃,https://school.gifu-net.ed.jp/mizunami-hs/,,,
岐阜県,県立,恵那高等学校,恵那市,東濃,https://school.gifu-net.ed.jp/ena-hs/,,,
岐阜県,県立,恵那農業高等学校,恵那市,東濃,https://school.gifu-net.ed.jp/ena-ahs/,,,
岐阜県,県立,恵那南高等学校,恵那市,東濃,https://school.gifu-net.ed.jp/enaminami-hs/,,,
岐阜県,県立,中津川高等学校,中津川市,東濃,https://school.gifu-net.ed.jp/nakatsugawa-hs/,,,
岐阜県,県立,中津川工業高等学校,中津川市,東濃,https://school.gifu-net.ed.jp/wordpress/nakatgawa-ths/,,,
岐阜県,県立,坂下高等学校,中津川市,東濃,https://school.gifu-net.ed.jp/sakasita-hs/,,,
岐阜県,県立,斐太高等学校,高山市,飛騨,https://school.gifu-net.ed.jp/wordpress/hida-hs/,,,
岐阜県,県立,飛騨高山高等学校,高山市,飛騨,https://school.gifu-net.ed.jp/htakayama-hs/,,,全日制・定時制・通信制
岐阜県,県立,吉城高等学校,飛騨市,飛騨,https://school.gifu-net.ed.jp/wordpress/yosiki-hs/,,,
岐阜県,県立,飛騨神岡高等学校,飛騨市,飛騨,https://school.gifu-net.ed.jp/wordpress/hidakami-hs/,,,
岐阜県,県立,益田清風高等学校,下呂市,飛騨,https://school.gifu-net.ed.jp/mseifu-hs/,,,
岐阜県,市立,岐阜市立岐阜商業高等学校,岐阜市,岐阜,https://www.shigisho.ed.jp/,,,
岐阜県,私立,鶯谷高等学校,岐阜市,岐阜,https://uguisudani.ed.jp/,,,
岐阜県,私立,岐阜東高等学校,岐阜市,岐阜,https://www.gito.ed.jp/,,https://www.gito.ed.jp/contact/,富田学園
岐阜県,私立,富田高等学校,岐阜市,岐阜,https://www.tomita.ac.jp/,,,富田学園
岐阜県,私立,岐阜聖徳学園高等学校,岐阜市,岐阜,https://www.shotoku.jp/gsh/,,,
岐阜県,私立,岐阜第一高等学校,本巣市,岐阜,https://www.gifu-daiichi.ed.jp/,,,松翠学園
岐阜県,私立,岐阜女子高等学校,羽島郡岐南町,岐阜,https://www.gifujoshi.ed.jp/,,https://www.gifujoshi.ed.jp/info/,私立女子高校
岐阜県,私立,大垣日本大学高等学校,大垣市,西濃,https://www.ogaki.ac.jp/,,,日本大学付属
岐阜県,私立,西濃学園高等学校,揖斐郡揖斐川町,西濃,https://seino-gakuen.ed.jp/high-school/,seino-kuze@octn.jp,https://seino-gakuen.ed.jp/contact/,
岐阜県,私立,美濃加茂高等学校,美濃加茂市,中濃,https://minokamo.ed.jp/h/,,,
岐阜県,私立,帝京大学可児高等学校,可児市,中濃,https://www.teikyo-kani.ed.jp/high/,info@teikyo-kani.ed.jp,https://www.teikyo-kani.ed.jp/high/contact/,
岐阜県,私立,中京高等学校,瑞浪市,東濃,https://www.chukyo-ch.ed.jp/,,,中京学院大学附属
岐阜県,私立,多治見西高等学校,多治見市,東濃,https://www.tajiminishi.ed.jp/high/,,https://www.tajiminishi.ed.jp/high/attending-school/,溪泉学園
岐阜県,私立,済美高等学校,岐阜市,岐阜,https://www.gifu-seibi.ed.jp/,,,岐阜済美学院
岐阜県,私立,聖マリア女学院高等学校,岐阜市,岐阜,https://maria.ed.jp/,info@maria.ed.jp,,私立女子高校
岐阜県,私立,高山西高等学校,高山市,飛騨,https://takanishi.ed.jp/,,,飛騨学園
滋賀県,県立,滋賀県立膳所高等学校,大津市,大津,https://www.zeze-h.shiga-ec.ed.jp/,zeze-h@ms.pref-shiga.ed.jp,,
滋賀県,県立,滋賀県立大津高等学校,大津市,大津,https://www.ohtsu-h.shiga-ec.ed.jp/,ohtsu-h@ms.pref-shiga.ed.jp,,
滋賀県,県立,滋賀県立石山高等学校,大津市,大津,https://www.ishiyama-h.shiga-ec.ed.jp/,ishiyama-h@ms.pref-shiga.ed.jp,,
滋賀県,県立,滋賀県立東大津高等学校,大津市,大津,https://www.higashiohtsu-h.shiga-ec.ed.jp/,,,TEL:077-545-8025
滋賀県,県立,滋賀県立北大津高等学校,大津市,大津,http://www.kitaotsu-h.shiga-ec.ed.jp/,ma47e@pref-shiga.ed.jp,,
滋賀県,県立,滋賀県立大津清陵高等学校,大津市,大津,https://www.ohtsuseiryo-h.shiga-ec.ed.jp/,,,定時制・通信制。馬場分校（夜間部）あり
滋賀県,県立,滋賀県立大津商業高等学校,大津市,大津,https://www.daisho-h.shiga-ec.ed.jp/,,http://www.daisho-h.shiga-ec.ed.jp/contact/,TEL:077-524-4284
滋賀県,県立,滋賀県立瀬田工業高等学校,大津市,大津,https://www.setatech-h.shiga-ec.ed.jp/,,,TEL:077-545-2510
滋賀県,県立,滋賀県立堅田高等学校,大津市,大津,https://www.katata-h.shiga-ec.ed.jp/,,,TEL:077-572-1206
滋賀県,県立,滋賀県立草津高等学校,草津市,湖南,https://www.kusatsu-h.shiga-ec.ed.jp/,,,
滋賀県,県立,滋賀県立草津東高等学校,草津市,湖南,https://www.kusahiga-h.shiga-ec.ed.jp/,,,
滋賀県,県立,滋賀県立湖南農業高等学校,草津市,湖南,https://www.konanno-h.shiga-ec.ed.jp/,,,TEL:077-564-5255
滋賀県,県立,滋賀県立守山中学校・高等学校,守山市,湖南,https://www.moriyama-h.shiga-ec.ed.jp/,,,中高一貫校。TEL:077-582-2289
滋賀県,県立,滋賀県立守山北高等学校,守山市,湖南,https://www.morikita-h.shiga-ec.ed.jp/,,,TEL:077-582-3328
滋賀県,県立,滋賀県立栗東高等学校,栗東市,湖南,https://www.ritto-h.shiga-ec.ed.jp/,,,
滋賀県,県立,滋賀県立野洲高等学校,野洲市,湖南,https://www.yasu-h.shiga-ec.ed.jp/,,,TEL:077-587-0059
滋賀県,県立,滋賀県立国際情報高等学校,栗東市,湖南,https://www.kokujo-h.shiga-ec.ed.jp/,kokujo-h@ms.pref-shiga.ed.jp,,TEL:077-554-0600
滋賀県,県立,滋賀県立水口高等学校,甲賀市,甲賀,https://www.minakuchi-h.shiga-ec.ed.jp/,,,TEL:0748-62-4105
滋賀県,県立,滋賀県立水口東中学校・高等学校,甲賀市,甲賀,https://www.e-minakuchi-h.shiga-ec.ed.jp/,,,中高一貫校。TEL:0748-62-6745
滋賀県,県立,滋賀県立甲南高等学校,甲賀市,甲賀,https://www.kohnan-h.shiga-ec.ed.jp/,,,総合学科
滋賀県,県立,滋賀県立信楽高等学校,甲賀市,甲賀,https://www.shigaraki-h.shiga-ec.ed.jp/,,,TEL:0748-82-0167
滋賀県,県立,滋賀県立甲西高等学校,湖南市,甲賀,http://www.kosei-h.shiga-ec.ed.jp/,,,TEL:0748-72-3611
滋賀県,県立,滋賀県立八幡高等学校,近江八幡市,東近江,https://www.hachi-h.shiga-ec.ed.jp/,,,TEL:0748-32-0161
滋賀県,県立,滋賀県立八幡工業高等学校,近江八幡市,東近江,https://www.hachikou-h.shiga-ec.ed.jp/,,,
滋賀県,県立,滋賀県立八幡商業高等学校,近江八幡市,東近江,https://www.hassho-ch.ed.jp/,,,独自ドメイン(hassho-ch.ed.jp)
滋賀県,県立,滋賀県立八日市高等学校,東近江市,東近江,https://www.youkaichi-h.shiga-ec.ed.jp/,,,TEL:0748-22-1515
滋賀県,県立,滋賀県立八日市南高等学校,東近江市,東近江,http://www.yokaichiminami-h.shiga-ec.ed.jp/,,,TEL:0748-22-1513
滋賀県,県立,滋賀県立能登川高等学校,東近江市,東近江,https://www.notogawa-h.shiga-ec.ed.jp/,notogawa-h@ms.pref-shiga.ed.jp,,TEL:0748-42-1305。総合単位制
滋賀県,県立,滋賀県立愛知高等学校,愛知郡愛荘町,湖東,http://www.echiko-h.shiga-ec.ed.jp/,echiko-h@pref-shiga.ed.jp,,TEL:0749-42-2150
滋賀県,県立,滋賀県立日野高等学校,蒲生郡日野町,東近江,https://www.hino-h.shiga-ec.ed.jp/,,,TEL:0748-52-1200
滋賀県,県立,滋賀県立彦根東高等学校,彦根市,湖東,https://www.hikonehg-h.shiga-ec.ed.jp/,,,TEL:0749-22-4800
滋賀県,県立,滋賀県立彦根工業高等学校,彦根市,湖東,https://www.genkou-h.shiga-ec.ed.jp/,,,TEL:0749-28-2201
滋賀県,県立,滋賀県立彦根翔西館高等学校,彦根市,湖東,https://www.shoseikan-h.shiga-ec.ed.jp/,shoseikan-h@pref-shiga.ed.jp,,TEL:0749-23-1491。総合学科
滋賀県,県立,滋賀県立河瀬中学校・高等学校,彦根市,湖東,https://www.kawase-h.shiga-ec.ed.jp/,,,中高一貫校。TEL:0749-25-2200
滋賀県,県立,滋賀県立米原高等学校,米原市,湖東,https://www.maibara-h.shiga-ec.ed.jp/,,,TEL:0749-52-2010
滋賀県,県立,滋賀県立伊吹高等学校,米原市,湖北,https://www.ibuki-h.shiga-ec.ed.jp/,,,TEL:0749-55-2350
滋賀県,県立,滋賀県立長浜北高等学校,長浜市,湖北,https://www.nagahamakita-h.shiga-ec.ed.jp/,,,
滋賀県,県立,滋賀県立長浜農業高等学校,長浜市,湖北,https://www.naganou-h.shiga-ec.ed.jp/,,,TEL:0749-62-0876
滋賀県,県立,滋賀県立長浜北星高等学校,長浜市,湖北,https://www.hokusei-h.shiga-ec.ed.jp/,,,
滋賀県,県立,滋賀県立虎姫高等学校,長浜市,湖北,https://www.torahime-h.shiga-ec.ed.jp/,,,TEL:0749-73-3055。SSH指定校・IB認定校
滋賀県,県立,滋賀県立伊香高等学校,長浜市,湖北,https://www.ika-h.shiga-ec.ed.jp/,ika-h@ms.pref-shiga.ed.jp,,TEL:0749-82-4141
滋賀県,県立,滋賀県立高島高等学校,高島市,湖西,https://www.takashima-h.shiga-ec.ed.jp/,,,
滋賀県,県立,滋賀県立安曇川高等学校,高島市,湖西,https://www.ado-h.shiga-ec.ed.jp/,,,TEL:0740-32-0477
滋賀県,私立,比叡山高等学校,大津市,大津,https://hieizan.ed.jp/hieizan-jh-hs/,,https://hieizan.ed.jp/hieizan-jh-hs/inquiry/inq-hs/,延暦寺学園。TEL:077-578-0091
滋賀県,私立,滋賀短期大学附属高等学校,大津市,大津,https://www.sumire.ac.jp/highschool/,jchs@sumire.ac.jp,https://www.sumire.ac.jp/highschool/form/,TEL:077-522-3465
滋賀県,私立,幸福の科学学園関西高等学校,大津市,大津,https://kansai.happy-science.ac.jp/,info-kansai@hsak.jp,,TEL:077-573-7774
滋賀県,私立,光泉カトリック高等学校,草津市,湖南,https://www.kousen.ed.jp/high/,,,TEL:077-564-5600
滋賀県,私立,立命館守山高等学校,守山市,湖南,https://www.mrc.ritsumei.ac.jp/,,,中高一貫校。TEL:077-582-8000
滋賀県,私立,近江兄弟社高等学校,近江八幡市,東近江,https://www.vories.ac.jp/omibh-shs/,nyushi@vories.ac.jp,,ヴォーリズ学園。TEL:0748-32-3444
滋賀県,私立,滋賀学園高等学校,東近江市,東近江,https://www.shigagakuen.ed.jp/,,https://www.shigagakuen.ed.jp/contact,TEL:0748-23-0858
滋賀県,私立,彦根総合高等学校,彦根市,湖東,https://hikosou.jp/,,https://hikosou.jp/contact,TEL:0749-26-0016
滋賀県,私立,司学館高等学校,東近江市,東近江,https://www.sigakukan.ed.jp/,info@sigakukan.ed.jp,https://www.sigakukan.ed.jp/sigakukan_form/,通信制・単位制。TEL:0748-22-1176
滋賀県,私立,MIHO美学院中等教育学校後期課程,甲賀市,甲賀,https://www.mihobigaku.jp/,,,全寮制中等教育学校(高校相当)。TEL:0748-82-3435
滋賀県,私立,綾羽高等学校,草津市,湖南,https://www.ayaha.ed.jp/,a-nyushi@ayaha.ed.jp,https://www.ayaha.ed.jp/inquiry/,TEL:077-563-3435
滋賀県,私立,近江高等学校,彦根市,湖東,https://www.ohmi-h.ed.jp/,kouhou@ohmi-h.ed.jp,,TEL:0749-22-2323
京都府,府立,京都府立洛北高等学校,京都市左京区,京都市,https://www.kyoto-be.ne.jp/rakuhoku-hs/mt/,rakuhoku-hs@kyoto-be.ne.jp,https://www.kyoto-be.ne.jp/rakuhoku-hs/mt/contact/,附属中学校併設
京都府,府立,京都府立清明高等学校,京都市北区,京都市,https://www.kyoto-be.ne.jp/seimei-hs/cms/,,https://www.kyoto-be.ne.jp/seimei-hs/cms/,令和4年開校
京都府,府立,京都府立鴨沂高等学校,京都市上京区,京都市,https://www.kyoto-be.ne.jp/ohki-hs/mt/,,https://www.kyoto-be.ne.jp/ohki-hs/mt/,
京都府,府立,京都府立北稜高等学校,京都市左京区,京都市,https://www.kyoto-be.ne.jp/hokuryou-hs/mt/,,https://www.kyoto-be.ne.jp/hokuryou-hs/mt/,
京都府,府立,京都府立嵯峨野高等学校,京都市右京区,京都市,https://www.kyoto-be.ne.jp/sagano-hs/mt/,sagano-hs@kyoto-be.ne.jp,https://www.kyoto-be.ne.jp/sagano-hs/mt/contat/contact/,京都こすもす科設置
京都府,府立,京都府立北嵯峨高等学校,京都市右京区,京都市,https://www.kyoto-be.ne.jp/kitasaga-hs/mt/,,https://www.kyoto-be.ne.jp/kitasaga-hs/mt/,
京都府,府立,京都府立山城高等学校,京都市左京区,京都市,https://www.kyoto-be.ne.jp/yamashiro-hs/mt/,yamashiro-hs@kyoto-be.ne.jp,https://www.kyoto-be.ne.jp/yamashiro-hs/mt/contact/,
京都府,府立,京都府立朱雀高等学校,京都市中京区,京都市,https://www.kyoto-be.ne.jp/suzaku-hs/mt/,,https://www.kyoto-be.ne.jp/suzaku-hs/mt/,全日制・定時制（通信制は別校）
京都府,府立,京都府立洛東高等学校,京都市山科区,京都市,https://www.kyoto-be.ne.jp/rakutou-hs/mt/,,https://www.kyoto-be.ne.jp/rakutou-hs/mt/contact/contact/,
京都府,府立,京都府立桃山高等学校,京都市伏見区,京都市,https://www.kyoto-be.ne.jp/momoyama-hs/mt/,,https://www.kyoto-be.ne.jp/momoyama-hs/mt/,全日制・定時制
京都府,府立,京都府立洛水高等学校,京都市伏見区,京都市,https://www.kyoto-be.ne.jp/rakusui-hs/mt/,,https://www.kyoto-be.ne.jp/rakusui-hs/mt/,
京都府,府立,京都府立京都すばる高等学校,京都市伏見区,京都市,https://www.kyoto-be.ne.jp/subaru-hs/mt/,,https://www.kyoto-be.ne.jp/subaru-hs/mt/,商業・情報系専門学科
京都府,府立,京都府立桂高等学校,京都市西京区,京都市,https://www.kyoto-be.ne.jp/katsura-hs/mt/,,https://www.kyoto-be.ne.jp/katsura-hs/mt/,
京都府,府立,京都府立洛西高等学校,京都市西京区,京都市,https://www.kyoto-be.ne.jp/rakusai-hs/mt/,,https://www.kyoto-be.ne.jp/rakusai-hs/mt/,
京都府,府立,京都府立工業高等学校,京都市伏見区,京都市,https://www.kyoto-be.ne.jp/kyoto-ths/,,https://www.kyoto-be.ne.jp/kyoto-ths/access.html,工業系専門学科
京都府,府立,京都府立京都八幡高等学校,八幡市,京都市,https://www.kyoto-be.ne.jp/kyotoyawata-hs/mt/,,https://www.kyoto-be.ne.jp/kyotoyawata-hs/mt/,
京都府,府立,京都府立向陽高等学校,向日市,乙訓,https://www.kyoto-be.ne.jp/kouyou-hs/mt/,,https://www.kyoto-be.ne.jp/kouyou-hs/mt/,
京都府,府立,京都府立乙訓高等学校,長岡京市,乙訓,https://www.kyoto-be.ne.jp/otokuni-hs/cms/,,https://www.kyoto-be.ne.jp/otokuni-hs/cms/,
京都府,府立,京都府立西乙訓高等学校,長岡京市,乙訓,https://www.kyoto-be.ne.jp/nishiotokuni-hs/mt/,,https://www.kyoto-be.ne.jp/nishiotokuni-hs/mt/,
京都府,府立,京都府立城南菱創高等学校,宇治市,山城,https://www.kyoto-be.ne.jp/jonanryoso-hs/mt/,,https://www.kyoto-be.ne.jp/jonanryoso-hs/mt/,平成21年開校（城南・西宇治統合）
京都府,府立,京都府立莵道高等学校,宇治市,山城,https://www.kyoto-be.ne.jp/todou-hs/mt/,,https://www.kyoto-be.ne.jp/todou-hs/mt/,
京都府,府立,京都府立東宇治高等学校,宇治市,山城,https://www.kyoto-be.ne.jp/higashiuji-hs/mt/,,https://www.kyoto-be.ne.jp/higashiuji-hs/mt/,
京都府,府立,京都府立南陽高等学校,城陽市,山城,https://www.kyoto-be.ne.jp/nannyou-hs/mt/,,https://www.kyoto-be.ne.jp/nannyou-hs/mt/,附属中学校併設
京都府,府立,京都府立城陽高等学校,城陽市,山城,https://www.kyoto-be.ne.jp/jyouyou-hs/mt/,,https://www.kyoto-be.ne.jp/jyouyou-hs/mt/,
京都府,府立,京都府立西城陽高等学校,城陽市,山城,https://www.kyoto-be.ne.jp/nishijyouyou-hs/mt/,,https://www.kyoto-be.ne.jp/nishijyouyou-hs/mt/,
京都府,府立,京都府立久御山高等学校,久世郡久御山町,山城,https://www.kyoto-be.ne.jp/kumiyama-hs/mt/,,https://www.kyoto-be.ne.jp/kumiyama-hs/mt/,
京都府,府立,京都府立田辺高等学校,京田辺市,山城,https://www.kyoto-be.ne.jp/tanabe-hs/mt/,,https://www.kyoto-be.ne.jp/tanabe-hs/mt/,
京都府,府立,京都府立木津高等学校,木津川市,山城,https://www.kyoto-be.ne.jp/kizu-hs/,,https://www.kyoto-be.ne.jp/kizu-hs/,
京都府,府立,京都府立南丹高等学校,南丹市,南丹,https://www.kyoto-be.ne.jp/nantan-hs/mt/,,https://www.kyoto-be.ne.jp/nantan-hs/mt/,
京都府,府立,京都府立農芸高等学校,南丹市,南丹,https://www.kyoto-be.ne.jp/nougei-hs/mt/,,https://www.kyoto-be.ne.jp/nougei-hs/mt/,農業系専門学科
京都府,府立,京都府立北桑田高等学校,南丹市,南丹,https://www.kyoto-be.ne.jp/kitakuwada-hs/cms/,,https://www.kyoto-be.ne.jp/kitakuwada-hs/cms/,令和8年度より京都府立大学系属校
京都府,府立,京都府立須知高等学校,船井郡京丹波町,南丹,https://www.kyoto-be.ne.jp/syuuchi-hs/mt/,,https://www.kyoto-be.ne.jp/syuuchi-hs/mt/,
京都府,府立,京都府立亀岡高等学校,亀岡市,南丹,https://www.kyoto-be.ne.jp/kameoka-hs/mt/,,https://www.kyoto-be.ne.jp/kameoka-hs/mt/,
京都府,府立,京都府立園部高等学校,南丹市,南丹,https://www.kyoto-be.ne.jp/sonobe-hs/cms/,,https://www.kyoto-be.ne.jp/sonobe-hs/cms/,
京都府,府立,京都府立大江高等学校,福知山市,中丹,https://www.kyoto-be.ne.jp/ooe-hs/cms/,,https://www.kyoto-be.ne.jp/ooe-hs/cms/,
京都府,府立,京都府立福知山高等学校,福知山市,中丹,https://www.kyoto-be.ne.jp/fukuchiyama-hs/cms/,,https://www.kyoto-be.ne.jp/fukuchiyama-hs/cms/?page_id=728,附属中学校併設
京都府,府立,京都府立綾部高等学校,綾部市,中丹,https://www.kyoto-be.ne.jp/ayabe-hs/cms/,,https://www.kyoto-be.ne.jp/ayabe-hs/cms/,四尾山キャンパス
京都府,府立,京都府立東舞鶴高等学校,舞鶴市,中丹,https://www.kyoto-be.ne.jp/higashimaizuru-hs/mt/,,https://www.kyoto-be.ne.jp/higashimaizuru-hs/mt/,
京都府,府立,京都府立西舞鶴高等学校,舞鶴市,中丹,https://www.kyoto-be.ne.jp/nishimaizuru-hs/,,https://www.kyoto-be.ne.jp/nishimaizuru-hs/,全日制・通信制
京都府,府立,京都府立宮津天橋高等学校,宮津市,丹後,https://www.kyoto-be.ne.jp/miyazutenkyou-hs/mt/,,https://www.kyoto-be.ne.jp/miyazutenkyou-hs/mt/,宮津・加悦谷2学舎制
京都府,府立,京都府立海洋高等学校,宮津市,丹後,https://www.kyoto-be.ne.jp/kaiyou-hs/cms/,,https://www.kyoto-be.ne.jp/kaiyou-hs/cms/,近畿唯一の海洋系単独校
京都府,府立,京都府立峰山高等学校,京丹後市,丹後,https://www.kyoto-be.ne.jp/mineyama-hs/mt/,,https://www.kyoto-be.ne.jp/mineyama-hs/mt/,
京都府,府立,京都府立丹後緑風高等学校,京丹後市,丹後,https://www.kyoto-be.ne.jp/tangoryokufuu-hs/mt/,,https://www.kyoto-be.ne.jp/tangoryokufuu-hs/mt/,網野・久美浜2学舎制
京都府,市立,京都市立堀川高等学校,京都市中京区,京都市,https://www.edu.city.kyoto.jp/hp/horikawa/,horikawa@edu.city.kyoto.jp,,探究学科群設置
京都府,市立,京都市立西京高等学校,京都市中京区,京都市,https://www.edu.city.kyoto.jp/hp/saikyo/,saikyo@edu.city.kyoto.jp,,附属中学校併設
京都府,市立,京都市立紫野高等学校,京都市北区,京都市,https://www.edu.city.kyoto.jp/hp/murasaki/,murasaki@edu.city.kyoto.jp,,
京都府,市立,京都市立日吉ケ丘高等学校,京都市東山区,京都市,https://www.edu.city.kyoto.jp/hp/hiyoshi/,hiyoshi@edu.city.kyoto.jp,,国際コミュニケーション科設置
京都府,市立,京都市立美術工芸高等学校,京都市下京区,京都市,https://cms.edu.city.kyoto.jp/weblog/index.php?id=300407,douda@edu.city.kyoto.jp,,旧・銅駝美術工芸高校
京都府,市立,京都市立京都工学院高等学校,京都市伏見区,京都市,https://cms.edu.city.kyoto.jp/weblog/index.php?id=300254,kyotokogakuin@edu.city.kyoto.jp,,プロダクト・フロンティア・エンタープライズ科
京都府,市立,京都市立京都奏和高等学校,京都市伏見区,京都市,https://cms.edu.city.kyoto.jp/weblog/index.php?id=301107,sowa@edu.city.kyoto.jp,,定時制・単位制
京都府,市立,京都市立開建高等学校,京都市南区,京都市,https://www.kyotocity-hs.jp/school/kaiken/main.html,kaiken@edu.city.kyoto.jp,,令和5年開校（旧塔南高校跡地）
京都府,市立,京都市立京都堀川音楽高等学校,京都市中京区,京都市,https://horion.ed.jp/,horion@edu.city.kyoto.jp,,音楽科単独校
京都府,私立,洛南高等学校,京都市南区,京都市,https://www.rakunan-h.ed.jp/,,,真言宗洛南学園 男子校
京都府,私立,洛星高等学校,京都市北区,京都市,https://www.rakusei.ac.jp/,,,ヴィアトール学園 男子校
京都府,私立,同志社高等学校,京都市左京区,京都市,https://www.js.doshisha.ac.jp/,,,学校法人同志社
京都府,私立,同志社女子高等学校,京都市上京区,京都市,https://www.dwc.doshisha.ac.jp/,,,学校法人同志社女子学院 女子校
京都府,私立,同志社国際高等学校,木津川市,山城,https://www.doshisha-k.ed.jp/,,,学校法人同志社 国際コース
京都府,私立,東山高等学校,京都市左京区,京都市,https://www.higashiyama.ed.jp/,,,学校法人東山学園 男子校
京都府,私立,大谷高等学校,京都市東山区,京都市,https://www.otani.ed.jp/,,,学校法人大谷学園
京都府,私立,花園高等学校,京都市右京区,京都市,https://www.kyoto-hanazono-h.ed.jp/,,,学校法人花園学園
京都府,私立,京都女子高等学校,京都市東山区,京都市,https://www.kyojyo.ed.jp/,,,学校法人京都女子学園 女子校
京都府,私立,ノートルダム女学院高等学校,京都市左京区,京都市,https://www.notredame.ac.jp/,,,学校法人ノートルダム女学院 女子校
京都府,私立,平安女学院高等学校,京都市上京区,京都市,https://www.heian.ac.jp/,,,学校法人平安女学院 女子校
京都府,私立,京都光華高等学校,京都市右京区,京都市,https://www.koka.ac.jp/highschool/,,,学校法人光華女子学園 女子校
京都府,私立,龍谷大学付属平安高等学校,京都市下京区,京都市,https://www.heiankyo.ac.jp/,,,学校法人平安学園
京都府,私立,京都文教高等学校,京都市左京区,京都市,https://www.kbu.ac.jp/kbghs/,,,学校法人京都文教学園
京都府,私立,一燈園高等学校,京都市山科区,京都市,https://www.ittoen.or.jp/,,,財団法人一燈園
京都府,私立,京都産業大学附属高等学校,京都市下京区,京都市,https://jsh.kyoto-su.ac.jp/,,,学校法人京都産業大学
京都府,私立,京都両洋高等学校,京都市中京区,京都市,https://www.kyoto-ryoyo.ed.jp/,,,学校法人京都育英館
京都府,私立,京都外大西高等学校,京都市右京区,京都市,https://www.kufs-west.ed.jp/,,,学校法人京都外国語大学
京都府,私立,京都先端科学大学附属高等学校,京都市右京区,京都市,https://kuashs.ac.jp/,,,学校法人永守学園（旧・京都学園高校）
京都府,私立,立命館高等学校,長岡京市,乙訓,https://www.ritsumei.ac.jp/nkc/,,,学校法人立命館
京都府,私立,立命館宇治高等学校,宇治市,山城,https://www.ritsumei.ac.jp/uji/,,,学校法人立命館
京都府,私立,京都廣学館高等学校,相楽郡精華町,山城,https://kyoto-kogakkan.mkg.ac.jp/,,,学校法人南京都学園
京都府,私立,福知山成美高等学校,福知山市,中丹,https://www.seibi-hs.jp/,info@seibi-hs.jp,https://www.seibi-hs.jp/contact/,学校法人成美学園
京都府,私立,華頂女子高等学校,京都市東山区,京都市,https://www.kachoyoshi.ed.jp/,,,学校法人浄土宗教育総合センター 女子校
京都府,私立,京都国際高等学校,京都市東山区,京都市,https://www.kyoto-kokusai.jp/,,,学校法人京都国際学園
京都府,私立,京都橘高等学校,京都市伏見区,京都市,https://www.tachibana-hs.jp/,,,学校法人京都橘学園
京都府,私立,京都精華学園高等学校,京都市左京区,京都市,https://k-seika.ed.jp/,,,学校法人京都精華学園
京都府,私立,京都明徳高等学校,京都市西京区,京都市,https://www.meitoku.ac.jp/,,,学校法人明徳学園
京都府,私立,京都聖カタリナ高等学校,南丹市,南丹,https://catalina-kyoto.ed.jp/,,,学校法人聖カタリナ学園
京都府,私立,京都暁星高等学校,宮津市,丹後,https://kghs.ed.jp/,,,学校法人京都暁星学園
京都府,私立,京都成章高等学校,京都市西京区,京都市,https://kyoto-seisho.ed.jp/,,,学校法人京都経済短期大学
京都府,私立,京都翔英高等学校,宇治市,山城,http://www.kyoto-shoei.ac.jp/,,,学校法人明珠学園
京都府,私立,京都共栄学園高等学校,福知山市,中丹,https://www.kyoei.ed.jp/,,,学校法人共栄学園
京都府,私立,京都聖母学院高等学校,京都市伏見区,京都市,https://www.seibo.ed.jp/kyoto-hs/,,,学校法人京都聖母学院 女子校
京都府,私立,京都芸術大学附属高等学校,京都市左京区,京都市,https://shs.kyoto-art.ac.jp/,,,学校法人瓜生山学園（通信制）
京都府,私立,京都美山高等学校,京都市上京区,京都市,https://www.miyama.ed.jp/,,,学校法人京都美山学園（通信制）
京都府,私立,京都芸術高等学校,宇治市,山城,https://www.kyoto-geikou.ed.jp/,,,学校法人京都芸術学園（通信制）
京都府,私立,洛陽総合高等学校,京都市中京区,京都市,https://www.rakuyo.ed.jp/,,,学校法人洛陽総合学院（総合学科）
京都府,私立,日星高等学校,舞鶴市,中丹,https://www.nisseihs.ed.jp/,,,学校法人聖ヨゼフ学園（カトリック）
京都府,私立,京都西山高等学校,向日市,乙訓,https://kyotonishiyama.ed.jp/,,,学校法人西山学園
大阪府,国立,大阪教育大学附属池田高等学校,池田市,豊能,https://www.osaka-kyoiku.ac.jp/fuzoku/ikeda-hs/,,,
大阪府,国立,大阪教育大学附属天王寺高等学校,大阪市天王寺区,大阪市内,https://www.osaka-kyoiku.ac.jp/fuzoku/tennoji-hs/,,,
大阪府,国立,大阪教育大学附属平野高等学校,大阪市平野区,大阪市内,https://www.osaka-kyoiku.ac.jp/fuzoku/hirano-hs/,,,
大阪府,府立,大阪府立北野高等学校,大阪市淀川区,大阪市内,https://www2.osaka-c.ed.jp/kitano/,,,文理学科設置
大阪府,府立,大阪府立東淀川高等学校,大阪市東淀川区,大阪市内,https://www3.osaka-c.ed.jp/higashiyodogawa/,,,
大阪府,府立,大阪府立柴島高等学校,大阪市東淀川区,大阪市内,https://www.osaka-c.ed.jp/shijimi/,,,
大阪府,府立,大阪府立淀川清流高等学校,大阪市東淀川区,大阪市内,https://www2.osaka-c.ed.jp/yodogawasei/,,,
大阪府,府立,大阪府立旭高等学校,大阪市旭区,大阪市内,https://www.osaka-c.ed.jp/asahi/,,,
大阪府,府立,大阪府立桜宮高等学校,大阪市都島区,大阪市内,https://www3.osaka-c.ed.jp/sakuranomiya/,,,元大阪市立・2022年府移管
大阪府,府立,大阪府立都島工業高等学校,大阪市都島区,大阪市内,https://www3.osaka-c.ed.jp/miyakojima-t/,,,元大阪市立・2022年府移管
大阪府,府立,大阪府立大手前高等学校,大阪市中央区,大阪市内,https://otemae-hs.ed.jp/,,,文理学科設置
大阪府,府立,大阪府立高津高等学校,大阪市中央区,大阪市内,https://www.osaka-c.ed.jp/kozu/,,,文理学科設置
大阪府,府立,大阪府立東高等学校,大阪市城東区,大阪市内,https://www3.osaka-c.ed.jp/higashi/,,,元大阪市立・2022年府移管
大阪府,府立,大阪府立汎愛高等学校,大阪市城東区,大阪市内,https://www.osaka-c.ed.jp/hanai/,,,元大阪市立・2022年府移管
大阪府,府立,大阪府立いちりつ高等学校,大阪市城東区,大阪市内,https://www3.osaka-c.ed.jp/ichiritsu/,,,元大阪市立・2022年府移管
大阪府,府立,大阪府立大阪ビジネスフロンティア高等学校,大阪市中央区,大阪市内,https://www.osaka-c.ed.jp/obf/,,,元大阪市立・2022年府移管
大阪府,府立,大阪府立鶴見商業高等学校,大阪市鶴見区,大阪市内,https://www.osaka-c.ed.jp/tsurumi-s/,,,元大阪市立・2022年府移管
大阪府,府立,大阪府立鶴見高等学校,大阪市鶴見区,大阪市内,https://www2.osaka-c.ed.jp/tsurumi/,,,
大阪府,府立,大阪府立大塚高等学校,大阪市鶴見区,大阪市内,https://www.otsuka.ed.jp/,,,
大阪府,府立,大阪府立淀商業高等学校,大阪市西淀川区,大阪市内,https://www.osaka-c.ed.jp/yodo-s/,,,元大阪市立・2022年府移管
大阪府,府立,大阪府立淀川工科高等学校,大阪市西淀川区,大阪市内,https://www.osaka-c.ed.jp/yodogawa-t/,,,
大阪府,府立,大阪府立桜和高等学校,大阪市北区,大阪市内,https://www.osaka-c.ed.jp/sakurawa/,,,2022年新設(旧扇町総合・南・西統合)・元大阪市立
大阪府,府立,大阪府立市岡高等学校,大阪市港区,大阪市内,https://www.osaka-c.ed.jp/ichioka/,,,
大阪府,府立,大阪府立港高等学校,大阪市港区,大阪市内,https://www.osaka-c.ed.jp/minato/,,,
大阪府,府立,大阪府立成城高等学校,大阪市城東区,大阪市内,https://www2.osaka-c.ed.jp/seijo-t/,,,
大阪府,府立,大阪府立大正白稜高等学校,大阪市大正区,大阪市内,https://www.osaka-c.ed.jp/taishohakuryo/,,,2026年度募集停止予定
大阪府,府立,大阪府立泉尾工業高等学校,大阪市大正区,大阪市内,https://www.osaka-c.ed.jp/izuo-t/,,,元大阪市立・2022年府移管
大阪府,府立,大阪府立清水谷高等学校,大阪市天王寺区,大阪市内,https://www.osaka-c.ed.jp/shimizudani/,,,
大阪府,府立,大阪府立天王寺高等学校,大阪市天王寺区,大阪市内,https://tennoji-hs.jp/,,,文理学科設置
大阪府,府立,大阪府立夕陽丘高等学校,大阪市天王寺区,大阪市内,https://www.osaka-c.ed.jp/yuhigaoka/,,,
大阪府,府立,大阪府立工芸高等学校,大阪市阿倍野区,大阪市内,https://www3.osaka-c.ed.jp/kogei-t/,,,元大阪市立・2022年府移管
大阪府,府立,大阪府立阿倍野高等学校,大阪市阿倍野区,大阪市内,https://www.abeno-hs.com/,,,
大阪府,府立,大阪府立住吉商業高等学校,大阪市住吉区,大阪市内,https://www.osaka-c.ed.jp/sumiyoshi-s/,,,元大阪市立・2022年府移管
大阪府,府立,大阪府立住吉高等学校,大阪市住吉区,大阪市内,https://www2.osaka-c.ed.jp/sumiyoshi/,,,
大阪府,府立,大阪府立東住吉高等学校,大阪市東住吉区,大阪市内,https://www.osaka-c.ed.jp/higashisumiyoshi/,,,
大阪府,府立,大阪府立生野工業高等学校,大阪市生野区,大阪市内,https://www.osaka-c.ed.jp/ikuno-t/,,,元大阪市立・2022年府移管
大阪府,府立,大阪府立生野高等学校,大阪市生野区,大阪市内,https://www.osaka-c.ed.jp/ikuno/,,,
大阪府,府立,大阪府立咲くやこの花高等学校,大阪市此花区,大阪市内,https://www3.osaka-c.ed.jp/sakuyakonohana/,,,元大阪市立・2022年府移管・中高一貫
大阪府,府立,大阪府立今宮工科高等学校,大阪市浪速区,大阪市内,https://www.osaka-c.ed.jp/imamiya-t/,,,西野田工科機能統合
大阪府,府立,大阪府立今宮高等学校,大阪市西成区,大阪市内,https://www.osaka-c.ed.jp/imamiya/,,,
大阪府,府立,大阪府立西成高等学校,大阪市西成区,大阪市内,https://www.osaka-c.ed.jp/nishinarik/,,,
大阪府,府立,大阪府立東淀工業高等学校,大阪市淀川区,大阪市内,https://www.osaka-c.ed.jp/higashiyodo-t/,,,元大阪市立・2022年府移管
大阪府,府立,大阪府立桃谷高等学校,大阪市生野区,大阪市内,https://www.osaka-c.ed.jp/momodani/,,,通信制併設
大阪府,府立,大阪府立中央高等学校,大阪市東住吉区,大阪市内,https://www3.osaka-c.ed.jp/chuo/,,,元大阪市立・2022年府移管
大阪府,府立,大阪府立平野高等学校,大阪市平野区,大阪市内,https://www.osaka-c.ed.jp/hirano/,,,
大阪府,府立,大阪府立農芸高等学校,大阪市平野区,大阪市内,https://osaka-nougei.ed.jp/,,https://osaka-nougei.ed.jp/contact/,
大阪府,府立,大阪府立大阪わかば高等学校,大阪市東住吉区,大阪市内,https://www2.osaka-c.ed.jp/osakawakaba/,,,
大阪府,府立,大阪府立水都国際高等学校,大阪市住之江区,大阪市内,https://www.osaka-c.ed.jp/suito/,,,元大阪市立・2022年府移管・中高一貫
大阪府,府立,大阪府立教育センター附属高等学校,大阪市住吉区,大阪市内,https://www2.osaka-c.ed.jp/partner/,,,
大阪府,府立,大阪府立豊中高等学校,豊中市,豊能,https://www.osaka-c.ed.jp/toyonaka/,,,文理学科設置
大阪府,府立,大阪府立千里青雲高等学校,豊中市,豊能,https://www.osaka-c.ed.jp/senri-s/,,,
大阪府,府立,大阪府立桜塚高等学校,豊中市,豊能,https://www.osaka-c.ed.jp/sakurazuka/,,,
大阪府,府立,大阪府立豊島高等学校,豊中市,豊能,https://www.osaka-c.ed.jp/teshima/,,,
大阪府,府立,大阪府立刀根山高等学校,豊中市,豊能,https://www.osaka-c.ed.jp/toneriyama/,,,
大阪府,府立,大阪府立渋谷高等学校,大阪市淀川区,大阪市内,https://www.osaka-c.ed.jp/shibuya/,,,
大阪府,府立,大阪府立池田高等学校,池田市,豊能,https://www.osaka-c.ed.jp/ikeda/,,,
大阪府,府立,大阪府立箕面高等学校,箕面市,豊能,https://www.osaka-c.ed.jp/minoh/,,,
大阪府,府立,大阪府立園芸高等学校,池田市,豊能,https://osaka-engei.ed.jp/,,,
大阪府,府立,大阪府立北摂つばさ高等学校,豊能郡豊能町,豊能,https://www.osaka-c.ed.jp/hokusetsu-t/,,,
大阪府,府立,大阪府立豊中高等学校能勢分校,豊能郡能勢町,豊能,https://nose-br.toyonaka-hs.ed.jp/,,,
大阪府,府立,大阪府立茨木高等学校,茨木市,三島,https://www.osaka-c.ed.jp/ibaraki/,,,文理学科設置
大阪府,府立,大阪府立春日丘高等学校,茨木市,三島,https://www.osaka-c.ed.jp/kasugaoka/,,,2026年度文理探究科に改編
大阪府,府立,大阪府立茨木西高等学校,茨木市,三島,https://www.osaka-c.ed.jp/ibaraki-n/,,,
大阪府,府立,大阪府立茨木東高等学校,茨木市,三島,https://www.osaka-c.ed.jp/ibaraki-h/,,,
大阪府,府立,大阪府立福井高等学校,茨木市,三島,https://www.osaka-c.ed.jp/fukui/,,,
大阪府,府立,大阪府立吹田高等学校,吹田市,三島,https://www.osaka-c.ed.jp/suita/,,,
大阪府,府立,大阪府立吹田東高等学校,吹田市,三島,https://www2.osaka-c.ed.jp/suitahigashi/,,,
大阪府,府立,大阪府立山田高等学校,吹田市,三島,https://www2.osaka-c.ed.jp/yamada/,,,
大阪府,府立,大阪府立北千里高等学校,吹田市,三島,https://www.osaka-c.ed.jp/kita-senri/,,,
大阪府,府立,大阪府立千里高等学校,吹田市,三島,https://www.osaka-c.ed.jp/senri/,,,
大阪府,府立,大阪府立摂津高等学校,摂津市,三島,https://www.osaka-c.ed.jp/settsu/,,,
大阪府,府立,大阪府立高槻北高等学校,高槻市,三島,https://www.osaka-c.ed.jp/takatsuki-k/,,,
大阪府,府立,大阪府立大冠高等学校,高槻市,三島,https://www.osaka-c.ed.jp/okan/,,,
大阪府,府立,大阪府立阿武野高等学校,高槻市,三島,https://www.osaka-c.ed.jp/abuno/,,,
大阪府,府立,大阪府立芥川高等学校,高槻市,三島,https://www.osaka-c.ed.jp/akutagawa/,,,
大阪府,府立,大阪府立槻の木高等学校,高槻市,三島,https://www.osaka-c.ed.jp/tsukinoki/,,,
大阪府,府立,大阪府立三島高等学校,高槻市,三島,https://mishima-hs.ed.jp/,,,
大阪府,府立,大阪府立四條畷高等学校,四條畷市,北河内,https://www.osaka-c.ed.jp/shijonawate/,,,文理学科設置
大阪府,府立,大阪府立寝屋川高等学校,寝屋川市,北河内,https://www.osaka-c.ed.jp/neyagawa/,,,
大阪府,府立,大阪府立香里丘高等学校,寝屋川市,北河内,https://www.osaka-c.ed.jp/korizaoka/,,,
大阪府,府立,大阪府立西寝屋川高等学校,寝屋川市,北河内,https://www.osaka-c.ed.jp/nishi-neyagawa/,,,
大阪府,府立,大阪府立北かわち皐が丘高等学校,寝屋川市,北河内,https://www.osaka-c.ed.jp/kita-k-saogaoka/,,,
大阪府,府立,大阪府立牧野高等学校,枚方市,北河内,https://www2.osaka-c.ed.jp/makino/,,,
大阪府,府立,大阪府立枚方高等学校,枚方市,北河内,https://www2.osaka-c.ed.jp/hirakata/,,,
大阪府,府立,大阪府立枚方なぎさ高等学校,枚方市,北河内,https://www.osaka-c.ed.jp/hirakata-n/,,,
大阪府,府立,大阪府立交野高等学校,交野市,北河内,https://www.osaka-c.ed.jp/katano/,,,
大阪府,府立,大阪府立守口東高等学校,守口市,北河内,https://www.osaka-c.ed.jp/moriguchi-h/,,,
大阪府,府立,大阪府立門真なみはや高等学校,門真市,北河内,https://www.osaka-c.ed.jp/kadoma-n/,,,
大阪府,府立,大阪府立緑風冠高等学校,大東市,北河内,https://www.osaka-c.ed.jp/ryokufukan/,,,
大阪府,府立,大阪府立花咲高等学校,大東市,北河内,https://www.osaka-c.ed.jp/hanasaki/,,,
大阪府,府立,大阪府立大東高等学校,大東市,北河内,https://www.osaka-c.ed.jp/daito/,,,
大阪府,府立,大阪府立布施高等学校,東大阪市,中河内,https://www.osaka-c.ed.jp/fuse/,,,
大阪府,府立,大阪府立花園高等学校,東大阪市,中河内,https://www2.osaka-c.ed.jp/hanazono/,,,
大阪府,府立,大阪府立池島高等学校,東大阪市,中河内,https://www.osaka-c.ed.jp/ikejima/,,,
大阪府,府立,大阪府立枚岡樟風高等学校,東大阪市,中河内,https://www.osaka-c.ed.jp/hiraoka-s/,,,
大阪府,府立,大阪府立東大阪みらい工科高等学校,東大阪市,中河内,https://www.osaka-c.ed.jp/higashiosaka-mirai-t/,,,2025年新設(布施工科・城東工科統合)
大阪府,府立,大阪府立八尾高等学校,八尾市,中河内,https://www2.osaka-c.ed.jp/yao/,,,
大阪府,府立,大阪府立八尾翠翔高等学校,八尾市,中河内,https://www.osaka-c.ed.jp/yaosuisho/,,,
大阪府,府立,大阪府立久宝寺高等学校,八尾市,中河内,https://www.osaka-c.ed.jp/kyuhoji/,,,
大阪府,府立,大阪府立山本高等学校,八尾市,中河内,https://yamamoto-shs.ed.jp/,,,
大阪府,府立,大阪府立柏原高等学校,柏原市,中河内,https://www.osaka-c.ed.jp/kashiwara/,,,
大阪府,府立,大阪府立三国丘高等学校,堺市堺区,泉北,https://www.osaka-c.ed.jp/mikunigaoka/,,,文理学科設置
大阪府,府立,大阪府立鳳高等学校,堺市西区,泉北,https://www.osaka-c.ed.jp/otori/,,,
大阪府,府立,大阪府立泉北高等学校,堺市南区,泉北,https://semboku-h.ed.jp/,,,
大阪府,府立,大阪府立東百舌鳥高等学校,堺市北区,泉北,https://www.osaka-c.ed.jp/higashi-mozu/,,,
大阪府,府立,大阪府立堺西高等学校,堺市西区,泉北,https://www.osaka-c.ed.jp/sakai-n/,,,
大阪府,府立,大阪府立泉陽高等学校,堺市堺区,泉北,https://www2.osaka-c.ed.jp/senyo/,,,
大阪府,府立,大阪府立堺工科高等学校,堺市堺区,泉北,https://www.osaka-c.ed.jp/sakai-t/,sakaikou@sakai-t.osaka-c.ed.jp,,
大阪府,府立,大阪府立高石高等学校,高石市,泉北,https://www.osaka-c.ed.jp/takaishi/,,,
大阪府,府立,大阪府立泉大津高等学校,泉大津市,泉北,https://www.osaka-c.ed.jp/izumiohtsu/,,,
大阪府,府立,大阪府立横山高等学校,和泉市,泉北,https://www.osaka-c.ed.jp/yokoyama/,,,
大阪府,府立,大阪府立伯太高等学校,和泉市,泉北,https://www.osaka-c.ed.jp/hakuta/,,,
大阪府,府立,大阪府立信太高等学校,和泉市,泉北,https://www.osaka-c.ed.jp/shida/,,,
大阪府,府立,大阪府立和泉総合高等学校,和泉市,泉北,https://www.osaka-c.ed.jp/izumi-t/,,,
大阪府,府立,大阪府立岸和田高等学校,岸和田市,泉南,https://www.osaka-c.ed.jp/kishiwada/,,,文理学科設置
大阪府,府立,大阪府立和泉高等学校,岸和田市,泉南,https://www.osaka-c.ed.jp/izumi/,,,
大阪府,府立,大阪府立佐野工科高等学校,泉佐野市,泉南,https://www.osaka-c.ed.jp/sano-t/,,,
大阪府,府立,大阪府立佐野高等学校,泉佐野市,泉南,https://www.osaka-c.ed.jp/sano/,,,
大阪府,府立,大阪府立日根野高等学校,泉佐野市,泉南,https://www.osaka-c.ed.jp/hineno/,,,
大阪府,府立,大阪府立貝塚高等学校,貝塚市,泉南,https://www.osaka-c.ed.jp/kaizuka/,,,
大阪府,府立,大阪府立りんくう翔南高等学校,泉南市,泉南,https://www.osaka-c.ed.jp/rinkuu-s/,,,
大阪府,府立,大阪府立富田林高等学校,富田林市,南河内,https://www.osaka-c.ed.jp/tondabayashi/,,,中高一貫
大阪府,府立,大阪府立長野高等学校,河内長野市,南河内,https://osaka-nagano.ed.jp/,,,
大阪府,府立,大阪府立狭山高等学校,大阪狭山市,南河内,https://www.osaka-c.ed.jp/sayama/,,,
大阪府,府立,大阪府立松原高等学校,松原市,南河内,https://www.osaka-c.ed.jp/matsubara/,,,
大阪府,府立,大阪府立金剛高等学校,富田林市,南河内,https://www.osaka-c.ed.jp/kongo/,,,
大阪府,府立,大阪府立羽曳野高等学校,羽曳野市,南河内,https://www.osaka-c.ed.jp/habikino/,,,
大阪府,府立,大阪府立懐風館高等学校,羽曳野市,南河内,https://kaifukan-hs.jp/,,,
大阪府,府立,大阪府立藤井寺工科高等学校,藤井寺市,南河内,https://www.osaka-c.ed.jp/fujiidera-t/,,,
大阪府,府立,大阪府立河南高等学校,南河内郡河南町,南河内,https://www.osaka-c.ed.jp/kanan/,,,
大阪府,府立,大阪府立上神谷高等学校,堺市南区,南河内,https://www.osaka-c.ed.jp/nishidani/,,,
大阪府,市立,堺市立堺高等学校,堺市堺区,泉北,https://kyoiku.sakai.ed.jp/sakai-hs/,,,
大阪府,市立,岸和田市立産業高等学校,岸和田市,泉南,https://www.kishisan-h.ed.jp/,,,
大阪府,市立,東大阪市立日新高等学校,東大阪市,中河内,https://www.osaka-c.ed.jp/nissin/,,,
大阪府,私立,大阪桐蔭高等学校,大東市,北河内,https://www.toin.ac.jp/,,,
大阪府,私立,履正社高等学校,豊中市,豊能,https://www.riseisha.ed.jp/,,,
大阪府,私立,関西大学第一高等学校,吹田市,三島,https://www.kansai-u.ac.jp/junior_high/,,,
大阪府,私立,関西大学北陽高等学校,大阪市旭区,大阪市内,https://www.kansai-u-hokuyoh.ed.jp/,,,
大阪府,私立,清風高等学校,大阪市天王寺区,大阪市内,https://www.seifugakuen.ed.jp/seifukoukou/,,,男子校
大阪府,私立,四天王寺高等学校,大阪市天王寺区,大阪市内,https://www.shitennoji.ed.jp/highschool/,,,女子校
大阪府,私立,大阪高等学校,大阪市天王寺区,大阪市内,https://www.osakashs.ed.jp/,,https://www.osakashs.ed.jp/inquiry,
大阪府,私立,上宮高等学校,大阪市天王寺区,大阪市内,https://www.jomyo.ed.jp/,,,
大阪府,私立,明星高等学校,大阪市天王寺区,大阪市内,https://meisei-edu.ac.jp/highschool/,,,男子校
大阪府,私立,大谷高等学校,大阪市天王寺区,大阪市内,https://www.osaka-otani.ed.jp/,,,
大阪府,私立,興国高等学校,大阪市天王寺区,大阪市内,https://www.kokkoku.ed.jp/,,,男子校
大阪府,私立,常翔学園高等学校,大阪市旭区,大阪市内,https://www.josho.ac.jp/,,,
大阪府,私立,常翔啓光学園高等学校,枚方市,北河内,https://www.josho.ac.jp/keiko/,,,
大阪府,私立,大阪電気通信大学高等学校,寝屋川市,北河内,https://www.osakadenkitsushin.ed.jp/,,,
大阪府,私立,東海大学付属大阪仰星高等学校,枚方市,北河内,https://www.ohsei.tokai.ac.jp/,,,
大阪府,私立,関西大倉高等学校,茨木市,三島,https://www.kansaiookura.ed.jp/,,,
大阪府,私立,大阪産業大学附属高等学校,大阪市城東区,大阪市内,https://www.osaka-sandai.ed.jp/,,https://www.osaka-sandai.ed.jp/contact7404,
大阪府,私立,帝塚山学院高等学校,大阪市住吉区,大阪市内,https://www.tezukayama-h.ed.jp/,,,女子校
大阪府,私立,帝塚山学院泉ヶ丘高等学校,堺市南区,泉北,https://www.izumigaoka.ed.jp/,,,
大阪府,私立,清教学園高等学校,河内長野市,南河内,https://www.seikyo.ed.jp/,,,
大阪府,私立,清風南海高等学校,高石市,泉北,https://www.seifunankai.ac.jp/,,,
大阪府,私立,大阪学院大学高等学校,吹田市,三島,https://www.oag-h.ed.jp/,,,
大阪府,私立,開明高等学校,大阪市北区,大阪市内,https://www.kaimeijyugakusha.ed.jp/,,,
大阪府,私立,金光大阪高等学校,高槻市,三島,https://www.kinkou-osaka.ed.jp/,,,
大阪府,私立,大阪体育大学浪商高等学校,泉南郡熊取町,泉南,https://www.osaka-taiikudai-naniwa.ed.jp/,,,
大阪府,私立,大商学園高等学校,豊中市,豊能,https://www.daisho-gakuen.ed.jp/,,,
大阪府,私立,阪南大学高等学校,松原市,南河内,https://www.hannan-u.ac.jp/highschool/,,,
大阪府,私立,星翔高等学校,摂津市,三島,https://www.seishow.ed.jp/,,,
大阪府,私立,好文学園女子高等学校,大阪市西淀川区,大阪市内,https://www.koubun.ed.jp/,,,女子校
大阪府,私立,関西創価高等学校,交野市,北河内,https://www.kansai-soka.ed.jp/,,,
大阪府,私立,上宮太子高等学校,南河内郡太子町,南河内,https://www.jomyo-taishi.ed.jp/,,,
大阪府,私立,東大阪大学敬愛高等学校,東大阪市,中河内,https://www.keiai.ed.jp/,,,
大阪府,私立,初芝立命館高等学校,堺市東区,泉北,https://www.hatsushiba-ritsumeikan.ed.jp/,,,
大阪府,私立,PL学園高等学校,富田林市,南河内,,,,,男子校・活動休止中
大阪府,私立,桃山学院高等学校,大阪市阿倍野区,大阪市内,https://www.momoyama.ac.jp/,,,
大阪府,私立,追手門学院高等学校,茨木市,三島,https://www.otemon-jhs.ed.jp/,,,
大阪府,私立,大阪国際高等学校,大阪市淀川区,大阪市内,https://www.osaka-kokusai.ed.jp/,,,
大阪府,私立,大阪国際大和田高等学校,大阪市淀川区,大阪市内,https://www.osaka-kokusai.ed.jp/owada/,,,
大阪府,私立,関西外国語大学高等学校,枚方市,北河内,https://www.kansaigaidai-h.ed.jp/,,,
大阪府,私立,プール学院高等学校,大阪市生野区,大阪市内,https://highschool.poole.ed.jp/,,,女子校
大阪府,私立,大阪夕陽丘学園高等学校,大阪市天王寺区,大阪市内,https://www.yuhigaoka-gakuen.ed.jp/,,,
大阪府,私立,浪速高等学校,大阪市住吉区,大阪市内,https://www.naniwa.ed.jp/,,,
大阪府,私立,大阪暁光高等学校,富田林市,南河内,https://www.gyoko.ed.jp/,,,
大阪府,私立,箕面学園高等学校,箕面市,豊能,https://www.minoh-g.ed.jp/,,,
大阪府,私立,金光八尾高等学校,八尾市,中河内,https://www.kinkou-yao.ed.jp/,,,
大阪府,私立,大阪成蹊女子高等学校,大阪市東淀川区,大阪市内,https://www.osaka-seikei.ed.jp/,,,女子校
大阪府,私立,樟蔭高等学校,東大阪市,中河内,https://www.shoin.ed.jp/,,,女子校
大阪府,私立,薫英女学院高等学校,大阪市淀川区,大阪市内,https://www.kun-ei.ed.jp/,,,女子校
大阪府,私立,梅花高等学校,吹田市,三島,https://www.baika.ed.jp/,,,女子校
大阪府,私立,相愛高等学校,大阪市住之江区,大阪市内,https://www.soai.ac.jp/,,,女子校
大阪府,私立,賢明学院高等学校,堺市南区,泉北,https://www.kenmeigakuin.ed.jp/,,,
大阪府,私立,城南学園高等学校,大阪市阿倍野区,大阪市内,https://www.jonan.ed.jp/,,,女子校
大阪府,私立,大阪信愛学院高等学校,大阪市城東区,大阪市内,https://www.osaka-shinai.ac.jp/,,,女子校
大阪府,私立,大阪学芸高等学校,大阪市住吉区,大阪市内,https://www.osaka-gakugei.ed.jp/,,,
大阪府,私立,早稲田摂陵高等学校,茨木市,三島,https://www.waseda-setsuryo.ed.jp/,,,
大阪府,私立,太成学院大学高等学校,堺市堺区,泉北,https://www.taisei-gakuin.ed.jp/,,,
大阪府,私立,大阪偕星学園高等学校,大阪市生野区,大阪市内,https://www.osaka-kaisei.ed.jp/,,,
大阪府,私立,大阪青凌高等学校,高槻市,三島,https://www.osaka-seiryo.ed.jp/,,,
大阪府,私立,英真学園高等学校,大阪市淀川区,大阪市内,https://www.eidai.ed.jp/,,,
大阪府,私立,精華高等学校,寝屋川市,北河内,https://www.seika-hs.ed.jp/,,,
大阪府,私立,近畿大学附属高等学校,東大阪市,中河内,https://www.kindai.ac.jp/highschool/,,,
大阪府,私立,大阪緑涼高等学校,大阪市平野区,大阪市内,https://www.osaka-ryokuryou.ed.jp/,,,
大阪府,私立,あべの翔学高等学校,大阪市阿倍野区,大阪市内,https://www.abeno-shougaku.ed.jp/,,,
大阪府,私立,開智高等学校,大阪市浪速区,大阪市内,https://kaichi.ed.jp/,,,
大阪府,私立,大阪商業大学附属高等学校,東大阪市,中河内,https://www.osaka-sandai.ed.jp/daifu/,,,
大阪府,私立,清明学院高等学校,大阪市住吉区,大阪市内,https://www.seimei-gakuin.ed.jp/,,,
兵庫県,県立,兵庫県立神戸高等学校,神戸市灘区,神戸,https://www.hyogo-c.ed.jp/~kobe-hs/,,,
兵庫県,県立,兵庫県立長田高等学校,神戸市長田区,神戸,https://www.hyogo-c.ed.jp/~nagata-hs/,,,
兵庫県,県立,兵庫県立兵庫高等学校,神戸市兵庫区,神戸,https://dmzcms.hyogo-c.ed.jp/hyogo-hs/NC3/,,,
兵庫県,県立,兵庫県立御影高等学校,神戸市東灘区,神戸,https://www.hyogo-c.ed.jp/~mikage-hs/,,,
兵庫県,県立,兵庫県立星陵高等学校,神戸市須磨区,神戸,https://hyogo-seiryo-hs.edumap.jp/,,,
兵庫県,県立,兵庫県立北須磨高等学校,神戸市須磨区,神戸,https://www.hyogo-c.ed.jp/~kitasuma-hs/,,,
兵庫県,県立,兵庫県立夢野台高等学校,神戸市兵庫区,神戸,https://www.hyogo-c.ed.jp/~yumenodai-hs/,,,
兵庫県,県立,兵庫県立神戸鈴蘭台高等学校,神戸市北区,神戸,https://www.hyogo-c.ed.jp/~kobesuzuran-hs/,,,
兵庫県,県立,兵庫県立神戸甲北高等学校,神戸市北区,神戸,https://www.hyogo-c.ed.jp/~kobeko-hs/,,,
兵庫県,県立,兵庫県立神戸西高等学校,神戸市西区,神戸,https://www.hyogo-c.ed.jp/~kobenishi-hs/,,,
兵庫県,県立,兵庫県立湊川高等学校,神戸市兵庫区,神戸,https://www.hyogo-c.ed.jp/~minatogawa-hs/,,,定時制・単位制
兵庫県,県立,兵庫県立兵庫工業高等学校,神戸市兵庫区,神戸,https://www.hyogo-c.ed.jp/~hyogo-ths/,,,
兵庫県,県立,兵庫県立国際高等学校,神戸市灘区,神戸,https://hyogopref-kokusaihs.ed.jp/,,,
兵庫県,県立,兵庫県立芦屋高等学校,芦屋市,神戸,https://www.hyogo-c.ed.jp/~ashiya-hs/,,,
兵庫県,県立,兵庫県立芦屋南高等学校,芦屋市,神戸,https://www.hyogo-c.ed.jp/~ashiyaminami-hs/,,,
兵庫県,市立,神戸市立葺合高等学校,神戸市中央区,神戸,https://www.kobe-c.ed.jp/fki-hs/,,,
兵庫県,市立,神戸市立六甲アイランド高等学校,神戸市東灘区,神戸,https://www.kobe-c.ed.jp/ria-hs/,,,
兵庫県,市立,神戸市立科学技術高等学校,神戸市兵庫区,神戸,https://kagi-hs.kobe-c.ed.jp/,,,
兵庫県,市立,神戸市立神港橘高等学校,神戸市兵庫区,神戸,https://www.kobe-c.ed.jp/skt-hs/,,,
兵庫県,市立,神戸市立須磨翔風高等学校,神戸市須磨区,神戸,https://www.kobe-c.ed.jp/ssf-hs/,,,
兵庫県,市立,神戸市立神戸工科高等学校,神戸市西区,神戸,https://www.kobe-c.ed.jp/kk-hs/,,,
兵庫県,市立,神戸市立摩耶兵庫高等学校,神戸市中央区,神戸,https://www.kobe-c.ed.jp/myh-hs/,,,定時制
兵庫県,市立,神戸市立楠高等学校,神戸市北区,神戸,https://www.kobe-c.ed.jp/kus-hs/,,,定時制
兵庫県,私立,灘高等学校,神戸市東灘区,神戸,https://www.nada.ed.jp/,,,男子校
兵庫県,私立,六甲学院高等学校,神戸市灘区,神戸,https://www.rokkogakuin.ed.jp/,,,男子校
兵庫県,私立,滝川高等学校,神戸市兵庫区,神戸,https://www.takigawa.ed.jp/,,,男子校
兵庫県,私立,甲南女子高等学校,神戸市東灘区,神戸,https://www.konan-jw.ac.jp/highschool/,,,女子校
兵庫県,私立,親和女子高等学校,神戸市灘区,神戸,https://www.shinwa.ac.jp/highschool/,,,女子校
兵庫県,私立,神戸海星女子学院高等学校,神戸市灘区,神戸,https://www.kobe-kaisei.ed.jp/,,,女子校
兵庫県,私立,神戸山手女子高等学校,神戸市中央区,神戸,https://www.kobe-yamate.ed.jp/,,,女子校
兵庫県,私立,神戸常盤女子高等学校,神戸市兵庫区,神戸,https://www.kobe-tokiwa.ed.jp/,,,女子校
兵庫県,私立,須磨学園高等学校,神戸市須磨区,神戸,https://www.suma.ed.jp/,,,
兵庫県,私立,育英高等学校,神戸市中央区,神戸,https://www.ikuei.ac.jp/,,,
兵庫県,私立,神港学園高等学校,神戸市兵庫区,神戸,https://www.shinkogakuen.ed.jp/,,,
兵庫県,私立,啓明学院高等学校,神戸市西区,神戸,https://www.keimei.ed.jp/,,,
兵庫県,私立,滝川第二高等学校,神戸市西区,神戸,https://www.takigawa2.ed.jp/,,,
兵庫県,私立,神戸龍谷高等学校,神戸市兵庫区,神戸,https://www.kobe-ryukoku.ed.jp/,,,
兵庫県,私立,神戸野田高等学校,神戸市兵庫区,神戸,https://www.kobe-noda.ed.jp/,,,
兵庫県,私立,神戸弘陵学園高等学校,神戸市北区,神戸,https://www.kobe-koryo.ed.jp/,,,
兵庫県,私立,神戸星城高等学校,神戸市西区,神戸,https://www.kobeseijo.ed.jp/,,,
兵庫県,私立,神戸国際大学附属高等学校,神戸市東灘区,神戸,https://www.kobe-intl-univ.ac.jp/highschool/,,,
兵庫県,私立,神戸学院大学附属高等学校,神戸市西区,神戸,https://www.kobegakuin-f.ed.jp/,,,
兵庫県,私立,神戸第一高等学校,神戸市西区,神戸,https://www.kobe-daiichi.ed.jp/,,,
兵庫県,私立,神戸村野工業高等学校,神戸市西区,神戸,https://www.murano.ed.jp/,,,
兵庫県,私立,愛徳学園高等学校,神戸市垂水区,神戸,https://www.aitoku.ed.jp/,,,女子校
兵庫県,私立,甲南高等学校,神戸市東灘区,神戸,https://www.konan.ed.jp/highschool/,,,男子校
兵庫県,私立,芦屋学園高等学校,芦屋市,神戸,https://www.ashiyagakuen.ed.jp/,,,
兵庫県,私立,生野学園高等学校,神戸市長田区,神戸,https://www.ikuno-gakuen.ed.jp/,,,
兵庫県,私立,神戸国際中学・高等学校,神戸市中央区,神戸,https://www.kobeinternational.ed.jp/,,,
兵庫県,私立,松蔭高等学校,神戸市灘区,神戸,https://www.shoin.ed.jp/,,,女子校（2026年度より共学化予定）
兵庫県,私立,彩星工科高等学校,神戸市長田区,神戸,https://www.saibo.ed.jp/,,,
兵庫県,県立,兵庫県立尼崎高等学校,尼崎市,阪神,https://www.hyogo-c.ed.jp/~amagasaki-hs/,,,
兵庫県,県立,兵庫県立尼崎稲園高等学校,尼崎市,阪神,https://dmzcms.hyogo-c.ed.jp/inazono-hs/NC3/,,,
兵庫県,県立,兵庫県立尼崎小田高等学校,尼崎市,阪神,https://amagasakioda.ed.jp/,,,
兵庫県,県立,兵庫県立尼崎北高等学校,尼崎市,阪神,https://www.hyogo-c.ed.jp/~amagasakikita-hs/,,,
兵庫県,県立,兵庫県立武庫荘総合高等学校,尼崎市,阪神,https://www.hyogo-c.ed.jp/~mukoso-hs/,,,
兵庫県,県立,兵庫県立尼崎工業高等学校,尼崎市,阪神,https://www.hyogo-c.ed.jp/~amakou-hs/,,,
兵庫県,県立,兵庫県立神崎工業高等学校,尼崎市,阪神,https://www.hyogo-c.ed.jp/~kanzakikou-hs/,,,
兵庫県,市立,尼崎市立尼崎双星高等学校,尼崎市,阪神,https://www.amagasaki-hs.ed.jp/,,,2023年4月開校（尼崎市立尼崎高校・小田高校統合）
兵庫県,私立,大阪学院大学高等学校,尼崎市,阪神,https://www.osaka-gakuin.ed.jp/high/,,,
兵庫県,私立,園田学園高等学校,尼崎市,阪神,https://www.sonoda-gakuen.ed.jp/high/,,,女子校
兵庫県,私立,百合学院高等学校,尼崎市,阪神,https://www.yuri.ed.jp/,,,女子校
兵庫県,県立,兵庫県立西宮高等学校,西宮市,阪神,https://www.hyogo-c.ed.jp/~kennishi-hs/,,,
兵庫県,県立,兵庫県立西宮今津高等学校,西宮市,阪神,https://www.hyogo-c.ed.jp/~nishinomiyaimazu-hs/,,,
兵庫県,県立,兵庫県立西宮東高等学校,西宮市,阪神,https://www.hyogo-c.ed.jp/~nishinomiyahigashi-hs/,,,
兵庫県,県立,兵庫県立西宮甲山高等学校,西宮市,阪神,https://www.hyogo-c.ed.jp/~nishikoyama-hs/,,,2025年度より西宮苦楽園高校として再編
兵庫県,県立,兵庫県立西宮北高等学校,西宮市,阪神,https://www.hyogo-c.ed.jp/~nishikita-hs/,,,2025年度より西宮苦楽園高校として再編
兵庫県,県立,兵庫県立西宮南高等学校,西宮市,阪神,https://www.hyogo-c.ed.jp/~nishiminami-hs/,,,
兵庫県,県立,兵庫県立鳴尾高等学校,西宮市,阪神,https://www.hyogo-c.ed.jp/~naruo-hs/,,,
兵庫県,市立,西宮市立西宮高等学校,西宮市,阪神,https://www.nishi.ed.jp/highschool/,,,
兵庫県,私立,甲陽学院高等学校,西宮市,阪神,https://www.koyo.ac.jp/,,,男子校
兵庫県,私立,報徳学園高等学校,西宮市,阪神,https://www.hotoku.ed.jp/,,,男子校
兵庫県,私立,神戸女学院高等学部,西宮市,阪神,https://www.kobe-c.ac.jp/jhs-hs/,,,女子校
兵庫県,私立,関西学院高等部,西宮市,阪神,https://www.kwansei.ac.jp/hs/,,,
兵庫県,私立,仁川学院高等学校,西宮市,阪神,https://www.nigawa.ac.jp/,,,
兵庫県,私立,甲子園学院高等学校,西宮市,阪神,https://www.koshiengakuin.ed.jp/,,,女子校
兵庫県,私立,武庫川女子大学附属高等学校,西宮市,阪神,https://www.mukogawa-u.ac.jp/highschool/,,,女子校
兵庫県,私立,夙川高等学校,西宮市,阪神,https://www.shukugawa.ed.jp/,,,
兵庫県,私立,西宮今津高等学校,西宮市,阪神,https://www.imazuhs.ed.jp/,,,
兵庫県,県立,兵庫県立阪神昆陽高等学校,伊丹市,阪神,https://www.hyogo-c.ed.jp/~hanshinkoya-hs/,,,
兵庫県,県立,兵庫県立伊丹高等学校,伊丹市,阪神,https://dmzcms.hyogo-c.ed.jp/kenita-hs/NC3/,,,
兵庫県,県立,兵庫県立伊丹北高等学校,伊丹市,阪神,https://dmzcms.hyogo-c.ed.jp/itamikita-hs/NC3/,,,
兵庫県,県立,兵庫県立伊丹西高等学校,伊丹市,阪神,https://www.hyogo-c.ed.jp/~itaminishi-hs/,,,
兵庫県,県立,兵庫県立川西北陵高等学校,川西市,阪神,https://www.hyogo-c.ed.jp/~kawanishihoryo-hs/,,,
兵庫県,県立,兵庫県立川西緑台高等学校,川西市,阪神,https://www.hyogo-c.ed.jp/~kawanishimidoridai-hs/,,,
兵庫県,県立,兵庫県立宝塚高等学校,宝塚市,阪神,https://www.hyogo-c.ed.jp/~takarazuka-hs/,,,
兵庫県,県立,兵庫県立宝塚北高等学校,宝塚市,阪神,https://www.hyogo-c.ed.jp/~takarazukakita-hs/,,,
兵庫県,県立,兵庫県立宝塚西高等学校,宝塚市,阪神,https://www.hyogo-c.ed.jp/~takarazukanishi-hs/,,,
兵庫県,県立,兵庫県立三田高等学校,三田市,阪神,https://www.hyogo-c.ed.jp/~sanda-hs/,,,
兵庫県,県立,兵庫県立三田祥雲館高等学校,三田市,阪神,https://www.hyogo-c.ed.jp/~sandashoyukan-hs/,,,
兵庫県,県立,兵庫県立北摂三田高等学校,三田市,阪神,https://www.hyogo-c.ed.jp/~hokusetsusanda-hs/,,,
兵庫県,県立,兵庫県立三田西陵高等学校,三田市,阪神,https://www.hyogo-c.ed.jp/~sandanishiryo-hs/,,,
兵庫県,県立,兵庫県立猪名川高等学校,川辺郡猪名川町,阪神,https://www.hyogo-c.ed.jp/~inagawa-hs/,,,
兵庫県,私立,雲雀丘学園高等学校,川西市,阪神,https://www.hibarigaoka.ed.jp/,,,
兵庫県,私立,三田学園高等学校,三田市,阪神,https://www.sandagakuen.ed.jp/,,,
兵庫県,私立,三田松聖高等学校,三田市,阪神,https://www.miita.ed.jp/,,,
兵庫県,私立,宝塚大学高等学校,宝塚市,阪神,https://www.takarazuka-u.ac.jp/highschool/,,,
兵庫県,県立,兵庫県立明石高等学校,明石市,東播磨,https://www.hyogo-c.ed.jp/~akashi-hs/,,,
兵庫県,県立,兵庫県立明石北高等学校,明石市,東播磨,https://www.hyogo-c.ed.jp/~akashikita-hs/,,,
兵庫県,県立,兵庫県立明石城西高等学校,明石市,東播磨,https://www.hyogo-c.ed.jp/~akashijyosei-hs/,,,
兵庫県,県立,兵庫県立明石南高等学校,明石市,東播磨,https://www.hyogo-c.ed.jp/~akashiminami-hs/,,,
兵庫県,県立,兵庫県立明石清水高等学校,明石市,東播磨,https://www.hyogo-c.ed.jp/~akashishimizu-hs/,,,
兵庫県,県立,兵庫県立明石商業高等学校,明石市,東播磨,https://www.hyogo-c.ed.jp/~akashisho-hs/,,,
兵庫県,県立,兵庫県立加古川東高等学校,加古川市,東播磨,https://www.hyogo-c.ed.jp/~kakohigashi-hs/,,,
兵庫県,県立,兵庫県立加古川西高等学校,加古川市,東播磨,https://www.hyogo-c.ed.jp/~kakonishi-hs/,,,
兵庫県,県立,兵庫県立加古川北高等学校,加古川市,東播磨,https://www.hyogo-c.ed.jp/~kakokita-hs/,,,
兵庫県,県立,兵庫県立加古川南高等学校,加古川市,東播磨,https://www.hyogo-c.ed.jp/~kakominami-hs/,,,
兵庫県,県立,兵庫県立東播磨高等学校,加古川市,東播磨,https://dmzcms.hyogo-c.ed.jp/higashiharima-hs/NC3/,,,
兵庫県,県立,兵庫県立播磨南高等学校,加古郡播磨町,東播磨,https://www.hyogo-c.ed.jp/~harimaminami-hs/,,,
兵庫県,県立,兵庫県立播磨農業高等学校,加古川市,東播磨,https://www.hyogo-c.ed.jp/~harimanogyo-hs/,,,
兵庫県,県立,兵庫県立高砂高等学校,高砂市,東播磨,https://www.hyogo-c.ed.jp/~takasago-hs/,,,
兵庫県,県立,兵庫県立松陽高等学校,高砂市,東播磨,https://www.hyogo-c.ed.jp/~shoyo-hs/,,,
兵庫県,県立,兵庫県立東播工業高等学校,加古川市,東播磨,https://www.hyogo-c.ed.jp/~higashiharima-ths/,,,
兵庫県,私立,白陵高等学校,高砂市,東播磨,https://www.hakuryo.ed.jp/,,,
兵庫県,県立,兵庫県立西脇高等学校,西脇市,北播磨,https://www.hyogo-c.ed.jp/~nishiwaki-hs/,,,
兵庫県,県立,兵庫県立西脇工業高等学校,西脇市,北播磨,https://www.hyogo-c.ed.jp/~nishiwakikou-hs/,,,
兵庫県,県立,兵庫県立多可高等学校,多可郡多可町,北播磨,https://www.hyogo-c.ed.jp/~taka-hs/,,,
兵庫県,県立,兵庫県立小野高等学校,小野市,北播磨,https://www.hyogo-c.ed.jp/~ono-hs/,,,
兵庫県,県立,兵庫県立小野工業高等学校,小野市,北播磨,https://www.hyogo-c.ed.jp/~onokou-hs/,,,
兵庫県,県立,兵庫県立三木高等学校,三木市,北播磨,https://www.hyogo-c.ed.jp/~miki-hs/,,,
兵庫県,県立,兵庫県立三木北高等学校,三木市,北播磨,https://www.hyogo-c.ed.jp/~mikikita-hs/,,,
兵庫県,県立,兵庫県立加東高等学校,加東市,北播磨,https://www.hyogo-c.ed.jp/~kato-hs/,,,
兵庫県,県立,兵庫県立社高等学校,加東市,北播磨,https://www.hyogo-c.ed.jp/~yashiro-hs/,,,
兵庫県,県立,兵庫県立加西高等学校,加西市,北播磨,https://www.hyogo-c.ed.jp/~kasai-hs/,,,
兵庫県,県立,兵庫県立北条高等学校,加西市,北播磨,https://www.hyogo-c.ed.jp/~hojo-hs/,,,
兵庫県,県立,兵庫県立吉川高等学校,三木市,北播磨,https://www.hyogo-c.ed.jp/~yoshikawa-hs/,,,
兵庫県,私立,市川高等学校,西脇市,北播磨,https://www.ichikawa.ed.jp/,,,
兵庫県,県立,兵庫県立姫路西高等学校,姫路市,中播磨,https://www.hyogo-c.ed.jp/~himenisi-hs/,,,
兵庫県,県立,兵庫県立姫路東高等学校,姫路市,中播磨,https://www.hyogo-c.ed.jp/~himehigashi-hs/,,,
兵庫県,県立,兵庫県立姫路飾西高等学校,姫路市,中播磨,https://www.hyogo-c.ed.jp/~shikisai-hs/,,,
兵庫県,県立,兵庫県立姫路商業高等学校,姫路市,中播磨,https://www.hyogo-c.ed.jp/~himesho-hs/,,,
兵庫県,県立,兵庫県立姫路工業高等学校,姫路市,中播磨,https://www.hyogo-c.ed.jp/~himeji-ths/,,,
兵庫県,県立,兵庫県立飾磨工業高等学校,姫路市,中播磨,https://www.hyogo-c.ed.jp/~shikama-ths/,,,
兵庫県,県立,兵庫県立網干高等学校,姫路市,中播磨,https://www.hyogo-c.ed.jp/~aboshi-hs/,,,
兵庫県,県立,兵庫県立夢前高等学校,姫路市,中播磨,https://www.hyogo-c.ed.jp/~yumesaki-hs/,,,
兵庫県,県立,兵庫県立家島高等学校,姫路市,中播磨,https://www.hyogo-c.ed.jp/~ieshima-hs/,,,
兵庫県,県立,兵庫県立福崎高等学校,神崎郡福崎町,中播磨,https://www.hyogo-c.ed.jp/~fukusaki-hs/,,,
兵庫県,県立,兵庫県立神河高等学校,神崎郡神河町,中播磨,https://www.hyogo-c.ed.jp/~kamikawa-hs/,,,
兵庫県,市立,姫路市立姫路高等学校,姫路市,中播磨,https://www.city.himeji.lg.jp/education/highschool/,,,2026年4月統合予定（姫路市立姫路・琴丘・飾磨統合）
兵庫県,市立,姫路市立琴丘高等学校,姫路市,中播磨,https://www.himeji-kotogaoka.ed.jp/,,,2026年4月統合予定
兵庫県,市立,姫路市立飾磨高等学校,姫路市,中播磨,https://www.himeji-shikama.ed.jp/,,,2026年4月統合予定
兵庫県,私立,淳心学院高等学校,姫路市,中播磨,https://www.junshin.ed.jp/,,,男子校
兵庫県,私立,賢明女子学院高等学校,姫路市,中播磨,https://www.kenmeijoshi.ed.jp/,,,女子校
兵庫県,私立,東洋大学附属姫路高等学校,姫路市,中播磨,https://www.toyo-himeji.ed.jp/,,,
兵庫県,私立,姫路女学院高等学校,姫路市,中播磨,https://www.hjg.ac.jp/,,,女子校
兵庫県,私立,自由ケ丘高等学校,姫路市,中播磨,https://www.jiyugaoka.ed.jp/,,,
兵庫県,県立,兵庫県立龍野高等学校,たつの市,西播磨,https://www.hyogo-c.ed.jp/~tatsuno-hs/,,,
兵庫県,県立,兵庫県立龍野北高等学校,たつの市,西播磨,https://www.hyogo-c.ed.jp/~tatsunonishi-hs/,,,
兵庫県,県立,兵庫県立相生高等学校,相生市,西播磨,https://www.hyogo-c.ed.jp/~aioi-hs/,,,
兵庫県,県立,兵庫県立赤穂高等学校,赤穂市,西播磨,https://www.hyogo-c.ed.jp/~ako-hs/,,,
兵庫県,県立,兵庫県立太子高等学校,揖保郡太子町,西播磨,https://www.hyogo-c.ed.jp/~taishi-hs/,,,
兵庫県,県立,兵庫県立上郡高等学校,赤穂郡上郡町,西播磨,https://dmzcms.hyogo-c.ed.jp/kamigori-hs/NC3/,,,
兵庫県,県立,兵庫県立佐用高等学校,佐用郡佐用町,西播磨,https://www.hyogo-c.ed.jp/~sayo-hs/,,,
兵庫県,県立,兵庫県立山崎高等学校,宍粟市,西播磨,https://www.hyogo-c.ed.jp/~yamasaki-hs/,,,
兵庫県,県立,兵庫県立伊和高等学校,宍粟市,西播磨,https://www.hyogo-c.ed.jp/~iwa-hs/,,,
兵庫県,県立,兵庫県立相生産業高等学校,相生市,西播磨,https://www.hyogo-c.ed.jp/~aioisangyo-hs/,,,
兵庫県,私立,白陵高等学校,赤穂郡上郡町,西播磨,https://www.hakuryo.ed.jp/,,,中高一貫校
兵庫県,県立,兵庫県立豊岡高等学校,豊岡市,但馬,https://www.hyogo-c.ed.jp/~toyooka-hs/,,,
兵庫県,県立,兵庫県立豊岡総合高等学校,豊岡市,但馬,https://www.hyogo-c.ed.jp/~toyooka-shs/,,,
兵庫県,県立,兵庫県立出石高等学校,豊岡市,但馬,https://www.hyogo-c.ed.jp/~izushi-hs/,,,
兵庫県,県立,兵庫県立八鹿高等学校,養父市,但馬,https://www.hyogo-c.ed.jp/~yoka-hs/,,,
兵庫県,県立,兵庫県立和田山高等学校,朝来市,但馬,https://www.hyogo-c.ed.jp/~wadayama-hs/,,,
兵庫県,県立,兵庫県立生野高等学校,朝来市,但馬,https://www.hyogo-c.ed.jp/~ikuno-hs/,,,
兵庫県,県立,兵庫県立村岡高等学校,美方郡香美町,但馬,https://www.hyogo-c.ed.jp/~muraoka-hs/,,,
兵庫県,県立,兵庫県立浜坂高等学校,美方郡新温泉町,但馬,https://www.hyogo-c.ed.jp/~hamasaka-hs/,,,
兵庫県,県立,兵庫県立但馬農業高等学校,養父市,但馬,https://www.hyogo-c.ed.jp/~tajima-ahs/,,,
兵庫県,私立,近畿大学附属豊岡高等学校,豊岡市,但馬,https://www.kindai.ac.jp/toyooka-hs/,,,
兵庫県,県立,兵庫県立柏原高等学校,丹波市,丹波,https://www2.hyogo-c.ed.jp/weblog2/kaibara-hs/,,,
兵庫県,県立,兵庫県立氷上高等学校,丹波市,丹波,https://www.hyogo-c.ed.jp/~hikami-hs/,,,
兵庫県,県立,兵庫県立氷上西高等学校,丹波市,丹波,https://www.hyogo-c.ed.jp/~hikaminishi-hs/,,,
兵庫県,県立,兵庫県立篠山鳳鳴高等学校,丹波篠山市,丹波,https://www.hyogo-c.ed.jp/~homei-hs/,,,
兵庫県,県立,兵庫県立篠山産業高等学校,丹波篠山市,丹波,https://www.hyogo-c.ed.jp/~sasayamasan-hs/,,,
兵庫県,県立,兵庫県立津名高等学校,淡路市,淡路,https://www.hyogo-c.ed.jp/~tsuna-hs/,,,
兵庫県,県立,兵庫県立淡路高等学校,淡路市,淡路,https://www.hyogo-c.ed.jp/~awaji-hs/,,,
兵庫県,県立,兵庫県立淡路三原高等学校,南あわじ市,淡路,https://www.hyogo-c.ed.jp/~awajimihara-hs/,,,
兵庫県,県立,兵庫県立洲本高等学校,洲本市,淡路,https://www.hyogo-c.ed.jp/~sumoto-hs/,,,
兵庫県,県立,兵庫県立洲本実業高等学校,洲本市,淡路,https://www.hyogo-c.ed.jp/~sumotojitsugyou-hs/,,,
兵庫県,私立,AIE国際高等学校,淡路市,淡路,https://www.aie.ed.jp/,,,英語教育特化校
兵庫県,私立,蒼開高等学校,洲本市,淡路,https://www.sokai.ed.jp/,,,
奈良県,県立,奈良県立奈良高等学校,奈良市,奈良,https://nara-hs.e-net.nara.jp/,,, TEL:0742-71-2477
奈良県,県立,奈良県立奈良北高等学校,生駒市,奈良,https://narakita-hs.e-net.nara.jp/,,, TEL:0743-78-3081
奈良県,県立,奈良県立奈良商工高等学校,奈良市,奈良,https://narashoko-hs.e-net.nara.jp/,,, TEL:0742-33-0293。旧・奈良朱雀高等学校（2021年改称）
奈良県,県立,奈良県立奈良南高等学校,吉野郡大淀町（大淀学舎）・吉野郡吉野町（吉野学舎）,南和,https://naraminami-hs.e-net.nara.jp/,,, TEL:0747-52-4171（大淀学舎）。旧・大淀高等学校・吉野高等学校統合
奈良県,県立,奈良県立国際中学校・高等学校,奈良市,奈良,https://kokusai-hs.e-net.nara.jp/,,, TEL:0742-46-0017
奈良県,県立,奈良県立畝傍高等学校,橿原市,中和,https://unebi-hs.e-net.nara.jp/,,, TEL:0744-22-5321
奈良県,県立,奈良県立郡山高等学校,大和郡山市,西和,https://koriyama-hs.e-net.nara.jp/,,, TEL:0743-52-0001
奈良県,県立,奈良県立高田高等学校,大和高田市,中和,https://takada-hs.e-net.nara.jp/,,, TEL:0745-22-0123
奈良県,県立,奈良県立大和広陵高等学校,北葛城郡広陵町,西和,https://yamatokoryo-hs.e-net.nara.jp/,,, TEL:0745-57-0300。旧・広陵高等学校・高田東高等学校統合
奈良県,県立,奈良県立橿原高等学校,橿原市,中和,https://kashihara-hs.e-net.nara.jp/,,, TEL:0744-27-8282
奈良県,県立,奈良県立磯城野高等学校,磯城郡田原本町,中和,https://shikino-hs.e-net.nara.jp/,,, TEL:0744-32-2281。旧・北倭女子高等学校・田原本農業高等学校統合
奈良県,県立,奈良県立桜井高等学校,桜井市,中和,https://sakurai-hs.e-net.nara.jp/,,, TEL:0744-45-2041
奈良県,県立,奈良県立商業高等学校,桜井市,中和,https://shogyo-hs.e-net.nara.jp/,shogyo-h-info@e-net.nara.jp,, TEL:0744-42-4014
奈良県,県立,奈良県立御所実業高等学校,御所市,中和,https://gosejitsugyo-hs.e-net.nara.jp/,,, TEL:0745-62-2085
奈良県,県立,奈良県立五條高等学校,五條市,南和,https://gojo-hs.e-net.nara.jp/,,, TEL:0747-22-4116
奈良県,県立,奈良県立添上高等学校,天理市,奈良,https://soekami-hs.e-net.nara.jp/,,, TEL:0743-65-0558
奈良県,県立,奈良県立二階堂高等学校,天理市,奈良,https://www.e-net.nara.jp/hs/nikaido/,,, TEL:0743-64-2201
奈良県,県立,奈良県立香芝高等学校,香芝市,西和,https://kashiba-hs.e-net.nara.jp/,,, TEL:0745-76-6772
奈良県,県立,奈良県立西和清陵高等学校,生駒郡三郷町,西和,https://seiwaseiryo-hs.e-net.nara.jp/,,, TEL:0745-72-4101。旧・上牧高等学校・信貴ヶ丘高等学校統合
奈良県,県立,奈良県立王寺工業高等学校,北葛城郡王寺町,西和,https://www.e-net.nara.jp/hs/ojikogyo/,,, TEL:0745-72-4081
奈良県,県立,奈良県立生駒高等学校,生駒市,奈良,https://www.e-net.nara.jp/hs/ikoma/,,, TEL:0743-77-8084
奈良県,県立,奈良県立宇陀高等学校,宇陀市,東和,https://uda-hs.e-net.nara.jp/,,, TEL:0745-82-0525（榛原学舎）。旧・宇陀高等学校・榛生昇陽高等学校統合
奈良県,県立,奈良県立大和中央高等学校,大和郡山市,西和,https://www.e-net.nara.jp/hs/yamato-chuo/,,, TEL:0743-56-2271。定時制
奈良県,県立,奈良県立大学附属高等学校,奈良市,奈良,https://shs.narapu.ac.jp/,fuzoku@narapu.ac.jp,https://shs.narapu.ac.jp/guide/inquiry/, TEL:0742-81-4430。奈良県立大学附属
奈良県,市立,奈良市立一条高等学校,奈良市,奈良,https://www.ichijo.ed.jp/,,, TEL:0742-33-7075
奈良県,市立,大和高田市立高田商業高等学校,大和高田市,中和,https://takasho.ed.jp/,,, TEL:0745-22-2251
奈良県,市立,五條市立西吉野農業高等学校,五條市,南和,https://gojo-agri.jp/,nishiyoshinonogyo@gojo-nar.ed.jp,https://gojo-agri.jp/inquiry/, TEL:0747-32-0009。定時制（4年制）
奈良県,国立,奈良女子大学附属中等教育学校,奈良市,奈良,https://nwuss.nara-wu.ac.jp/,,, TEL:0742-26-2571。国立中等教育学校（後期課程が高校相当）
奈良県,私立,東大寺学園高等学校,奈良市,奈良,https://www.tdj.ac.jp/,,, TEL:0742-47-5511
奈良県,私立,帝塚山高等学校,奈良市,奈良,https://www.tezukayama-h.ed.jp/,,https://www.tezukayama-h.ed.jp/contact/, TEL:0742-41-4685
奈良県,私立,育英西高等学校,奈良市,奈良,https://www.ikuei.ed.jp/ikunishi/,,, TEL:0742-47-0688
奈良県,私立,奈良育英高等学校,奈良市,奈良,https://www.ikuei.ed.jp/ikuei-jh/,kouhou@ikuei.ed.jp,https://www.ikuei.ed.jp/ikuei-jh/inq/, TEL:0742-26-2845
奈良県,私立,奈良学園高等学校,大和郡山市,西和,https://www.naragakuen.ed.jp/,,, TEL:0743-54-0351（事務室）
奈良県,私立,奈良学園登美ヶ丘高等学校,奈良市,奈良,https://www.naragakuen.jp/tomigaoka/,,, TEL:0742-93-5111
奈良県,私立,奈良大学附属高等学校,奈良市,奈良,https://www.nara-u-h.ed.jp/,hsonu@nara-u-h.ed.jp,https://www.nara-u-h.ed.jp/form/form_1.html, TEL:0742-41-8840
奈良県,私立,奈良女子高等学校,奈良市,奈良,https://shirafuji.ac.jp/shirafuji_high/,info@shirafuji.ac.jp,, TEL:0742-33-3601
奈良県,私立,奈良文化高等学校,大和高田市,中和,https://www.narabunka.ed.jp/,nrbnk-hs@narabunka.ed.jp,https://www.narabunka.ed.jp/contact/, TEL:0745-22-8315
奈良県,私立,天理高等学校,天理市,奈良,https://www.tenri-h.ed.jp/,,https://www.tenri-h.ed.jp/1bu/contact/, TEL:0743-63-7691（第一部）
奈良県,私立,西大和学園高等学校,北葛城郡河合町,西和,https://www.nishiyamato.ed.jp/,,https://www.nishiyamato.ed.jp/contact/, TEL:0745-73-6565
奈良県,私立,橿原学院高等学校,橿原市,中和,https://www.kashigaku.ed.jp/,,https://www.kashigaku.ed.jp/contact-form.html, TEL:0744-27-3242
奈良県,私立,智辯学園高等学校,五條市,南和,https://www.chiben.ac.jp/gojo/,,, TEL:0747-22-3191
奈良県,私立,智辯学園奈良カレッジ高等部,香芝市,西和,https://www.chiben.ac.jp/naracollege/,,, TEL:0745-79-1111
奈良県,私立,関西中央高等学校,桜井市,中和,https://www.kch.ed.jp/,,, TEL:0745-54-1602（法人総務部）。2024年3月31日休校
奈良県,県立,奈良県立山辺高等学校,奈良市,奈良,https://yamabe-hs.e-net.nara.jp/,,, TEL:0743-82-0222。全日制・通信制（通信制課程あり）
和歌山県,県立,和歌山高等学校,和歌山市,和歌山,https://www.wakayama-h.wakayama-c.ed.jp/,,,〒649-6264 和歌山市新庄188 TEL:073-477-3933
和歌山県,県立,桐蔭高等学校,和歌山市,和歌山,https://www.toin-h.wakayama-c.ed.jp/,postmaster@toin-h.wakayama-c.ed.jp,,〒640-8137 和歌山市吹上5-6-18 TEL:073-436-1366
和歌山県,県立,向陽高等学校,和歌山市,和歌山,https://www.koyo-h.wakayama-c.ed.jp/,postmaster@koyo-h.wakayama-c.ed.jp,,〒640-8323 和歌山市太田127 TEL:073-471-0621
和歌山県,県立,星林高等学校,和歌山市,和歌山,https://www.seirin-h.wakayama-c.ed.jp/,,,〒641-0036 和歌山市西浜2-9-9 TEL:073-444-4181
和歌山県,県立,和歌山北高等学校,和歌山市,和歌山,https://www.wakayamakita-h.wakayama-c.ed.jp/,,https://www.wakayamakita-h.wakayama-c.ed.jp/contact.html,〒640-8464 和歌山市市小路388(北校舎) TEL:073-455-3528 / 西校舎:和歌山市西庄1148-1 TEL:073-453-1281
和歌山県,県立,和歌山北高等学校（西校舎）,和歌山市,和歌山,https://www.wakayamanishi-h.wakayama-c.ed.jp/,,,〒640-0112 和歌山市西庄1148-1 TEL:073-453-1281 ※和歌山北高校の西校舎（旧和歌山西高校）
和歌山県,県立,和歌山東高等学校,和歌山市,和歌山,https://www.wakayamahigashi-h.wakayama-c.ed.jp/,,,〒640-8342 和歌山市小倉60 TEL:073-472-5620
和歌山県,県立,和歌山工業高等学校,和歌山市,和歌山,https://www.wakayama-th.wakayama-c.ed.jp/,,,〒641-0036 和歌山市西浜3-6-1 TEL:073-444-0158
和歌山県,県立,和歌山商業高等学校,和歌山市,和歌山,https://www.wakayama-ch.wakayama-c.ed.jp/,,,〒640-8272 和歌山市砂山南3-3-94 TEL:073-424-3801
和歌山県,市立,和歌山高等学校（市立）,和歌山市,和歌山,https://www.wakayama-wky.ed.jp/ichiko/,ichiko@wakayama-wky.ed.jp,https://www.wakayama-wky.ed.jp/ichiko/info/,〒640-8482 和歌山市六十谷45 TEL:073-461-3690 FAX:073-461-3692
和歌山県,県立,きのくに青雲高等学校,和歌山市,和歌山,https://www.seiun-h.wakayama-c.ed.jp/,sub-principal@seiun-h.wakayama-c.ed.jp,,〒641-0066 和歌山市木ノ本224 TEL:073-422-8402 定時制・通信制
和歌山県,県立,那賀高等学校,岩出市,那賀,https://www.naga-h.wakayama-c.ed.jp/,,,〒649-6223 岩出市高塚115 TEL:0736-62-2117 FAX:0736-62-2119
和歌山県,県立,粉河高等学校,紀の川市,那賀,https://www.kokawa-h.wakayama-c.ed.jp/,,https://www.kokawa-h.wakayama-c.ed.jp/contact/,〒649-6595 紀の川市粉河4632 TEL:0736-73-3411 FAX:0736-73-3412
和歌山県,県立,海南高等学校（海南校舎）,海南市,海草,https://www.kainan-h.wakayama-c.ed.jp/,,,〒642-0022 海南市野上中651 TEL:073-492-4857 FAX:073-492-6070
和歌山県,県立,海南高等学校（大成校舎）,海草郡紀美野町,海草,https://www.taisei-h.wakayama-c.ed.jp/,,,〒640-1131 海草郡紀美野町動木1515 TEL:073-489-2069
和歌山県,県立,笠田高等学校,伊都郡かつらぎ町,伊都,https://www.kaseda-h.wakayama-c.ed.jp/,,,〒649-7103 伊都郡かつらぎ町笠田東825 TEL:0736-22-1029 FAX:0736-22-5833
和歌山県,県立,橋本高等学校,橋本市,伊都,https://www.hashimoto-h.wakayama-c.ed.jp/,,,〒648-0065 橋本市古佐田4-10-1 TEL:0736-32-0049 FAX:0736-34-2185
和歌山県,県立,伊都中央高等学校,橋本市,伊都,https://www.itochuo-h.wakayama-c.ed.jp/,,,〒649-7203 橋本市高野口町名古曽558 TEL:0736-42-2056 定時制・通信制
和歌山県,県立,紀北工業高等学校,橋本市,伊都,https://www.kihoku-th.wakayama-c.ed.jp/,,,〒648-0086 橋本市神野々809 TEL:0736-32-1240 FAX:0736-32-5918
和歌山県,県立,紀北農芸高等学校,伊都郡かつらぎ町,伊都,https://www.kihokunougei-ah.wakayama-c.ed.jp/,,,〒649-7113 伊都郡かつらぎ町妙寺1781 TEL:0736-22-1500 FAX:0736-22-1501
和歌山県,県立,有田中央高等学校,有田郡有田川町,有田,https://www.aridachuo-h.wakayama-c.ed.jp/,,,〒643-0021 有田郡有田川町下津野459 TEL:0737-52-4340 FAX:0737-52-6749
和歌山県,県立,箕島高等学校,有田市,有田,https://www.minoshima-h.wakayama-c.ed.jp/,,,〒649-0315 有田市野738 TEL:0737-83-2155
和歌山県,県立,日高高等学校,御坊市,日高,https://www.hidaka-h.wakayama-c.ed.jp/,,,〒644-0003 御坊市島45 TEL:0738-22-0500 FAX:0738-22-6111
和歌山県,県立,紀央館高等学校,御坊市,日高,https://www.kiokan-h.wakayama-c.ed.jp/,,,〒644-0012 御坊市湯川町小松原43-1 TEL:0738-22-4011 FAX:0738-22-5411
和歌山県,県立,南部高等学校,日高郡みなべ町,日高,https://www.minabe-h.wakayama-c.ed.jp/,,https://www.minabe-h.wakayama-c.ed.jp/contact/,〒645-0002 日高郡みなべ町芝407 TEL:0739-72-2056 FAX:0739-72-2394
和歌山県,県立,田辺高等学校,田辺市,西牟婁,https://www.tanabe-h.wakayama-c.ed.jp/,,,〒646-0024 田辺市学園1-71 TEL:0739-22-1880 FAX:0739-22-0636
和歌山県,県立,田辺工業高等学校,田辺市,西牟婁,https://www.tanabe-th.wakayama-c.ed.jp/,,,〒646-0021 田辺市あけぼの51-1 TEL:0739-22-3983 FAX:0739-22-9920
和歌山県,県立,神島高等学校,田辺市,西牟婁,https://www.tanabe-ch.wakayama-c.ed.jp/,,,〒646-0023 田辺市文里2-33-12 TEL:0739-22-2550 FAX:0739-22-2558
和歌山県,県立,熊野高等学校,西牟婁郡上富田町,西牟婁,https://www.kumano-h.wakayama-c.ed.jp/,admin@kumano-h.wakayama-c.ed.jp,,〒649-2195 西牟婁郡上富田町朝来670 TEL:0739-47-1004 FAX:0739-47-4200
和歌山県,県立,南紀高等学校,田辺市,西牟婁,https://www.nanki-h.wakayama-c.ed.jp/,,,〒646-0024 田辺市学園1-88 TEL:0739-22-3776 定時制・通信制あり
和歌山県,県立,新宮高等学校,新宮市,東牟婁,https://www.shingu-h.wakayama-c.ed.jp/,,,〒647-0044 新宮市神倉3-2-39 TEL:0735-22-8101 FAX:0735-21-2901 全日制・定時制あり
和歌山県,県立,新翔高等学校,新宮市,東牟婁,https://www.shinsho-h.wakayama-c.ed.jp/,,,〒647-0071 新宮市佐野1005 TEL:0735-31-7087 FAX:0735-31-7870
和歌山県,私立,智辯学園和歌山高等学校,和歌山市,和歌山,https://www.chiben.ac.jp/wakayama/,,,〒640-0392 和歌山市冬野2066-1 TEL:073-479-2811 FAX:073-479-1190
和歌山県,私立,近畿大学附属和歌山高等学校,和歌山市,和歌山,https://www.hwaka.kindai.ac.jp/,,,〒640-8471 和歌山市善明寺516 TEL:073-452-1161
和歌山県,私立,和歌山信愛高等学校,和歌山市,和歌山,https://www.shin-ai.ac.jp/,,,〒640-8151 和歌山市屋形町2-23 TEL:073-424-1141
和歌山県,私立,開智高等学校,和歌山市,和歌山,https://www.kaichi.ed.jp/,,,〒640-8481 和歌山市直川113-2 TEL:073-461-8080
和歌山県,私立,高野山高等学校,伊都郡高野町,伊都,https://www.koyasan-h.ed.jp/,t-furuya@khsnet.ne.jp,,〒648-0288 伊都郡高野町高野山212 TEL:0736-56-2204
和歌山県,私立,初芝橋本高等学校,橋本市,伊都,https://www.rishogakuen.ed.jp/hatsuhashi/,,,〒648-0005 橋本市小峰台2-6-1 TEL:0736-37-5600
和歌山県,私立,近畿大学附属新宮高等学校,新宮市,東牟婁,https://www.shingu.kindai.ac.jp/,info@shingu.jsh.kindai.ac.jp,,〒647-0081 新宮市新宮4966 TEL:0735-22-2005 FAX:0735-21-7890
和歌山県,私立,慶風高等学校,海草郡紀美野町,海草,https://keifu.ac.jp/,,,〒640-1363 海草郡紀美野町田64 TEL:073-498-0100 通信制高校
和歌山県,県立,有田中央高等学校（清水分校）,有田郡有田川町,有田,https://www.aridachuo-h-b.wakayama-c.ed.jp/,,,〒643-0521 有田郡有田川町清水1028 TEL:0737-25-0055 全日制分校
和歌山県,県立,日高高等学校（中津分校）,日高郡日高川町,日高,https://www.hidaka-h-b.wakayama-c.ed.jp/,,,〒644-1121 日高郡日高川町西原357 TEL:0738-54-0226 FAX:0738-54-0879 全日制分校
和歌山県,県立,南部高等学校（龍神分校）,田辺市,西牟婁,https://www.minabe-h-b.wakayama-c.ed.jp/,,,〒645-0416 田辺市龍神村安井469 TEL:0739-78-0155 FAX:0739-78-0035 全日制分校
和歌山県,県立,海南高等学校（下津分校）,海南市,海草,https://www.kainan-h-b.wakayama-c.ed.jp/,,,〒649-0121 海南市下津町丸田87 全日制分校
鳥取県,県立,鳥取県立鳥取東高等学校,鳥取市,東部,https://www.torikyo.ed.jp/torie-h/,torie-h@pref.tottori.lg.jp,,〒680-0061 鳥取市立川町5丁目210番地 TEL:0857-22-8495
鳥取県,県立,鳥取県立鳥取西高等学校,鳥取市,東部,https://www.torikyo.ed.jp/toriw-h/,toriw-h@pref.tottori.lg.jp,,〒680-0011 鳥取市東町2丁目112 TEL:0857-22-8281
鳥取県,県立,鳥取県立鳥取湖陵高等学校,鳥取市,東部,https://www.torikyo.ed.jp/koryou-h/,koryou-h@pref.tottori.lg.jp,,〒680-0941 鳥取市湖山町北3-250 TEL:0857-28-0250
鳥取県,県立,鳥取県立鳥取商業高等学校,鳥取市,東部,https://www.torikyo.ed.jp/torisyo-h/,torisyo-h@pref.tottori.lg.jp,,〒680-0941 鳥取市湖山町北2丁目401番地 TEL:0857-28-0156
鳥取県,県立,鳥取県立鳥取工業高等学校,鳥取市,東部,https://www.torikyo.ed.jp/toriko-h/,toriko-h@pref.tottori.lg.jp,,〒689-1103 鳥取市生山111番地 TEL:0857-51-8011
鳥取県,県立,鳥取県立鳥取緑風高等学校,鳥取市,東部,https://www.torikyo.ed.jp/ryokufu-h/,ryokufu-h@pref.tottori.lg.jp,,〒680-0945 鳥取市湖山町南3丁目848 TEL:0857-37-3100 ※旧メールryokufu-h@mailk.torikyo.ed.jpは令和6年4月より使用不可
鳥取県,県立,鳥取県立青谷高等学校,鳥取市,東部,https://www.torikyo.ed.jp/aoya-h/,aoya-h@pref.tottori.lg.jp,,〒689-0595 鳥取市青谷町青谷2912 TEL:0857-85-0511
鳥取県,県立,鳥取県立八頭高等学校,八頭郡八頭町,東部,https://www.torikyo.ed.jp/yazu-h/,yazu-h@pref.tottori.lg.jp,,〒680-0492 八頭郡八頭町久能寺725 TEL:0858-72-0022
鳥取県,県立,鳥取県立岩美高等学校,岩美郡岩美町,東部,https://www.torikyo.ed.jp/iwami-h/,iwami-h@pref.tottori.lg.jp,,〒681-0003 岩美郡岩美町浦富708番地2 TEL:0857-72-0474
鳥取県,県立,鳥取県立智頭農林高等学校,八頭郡智頭町,東部,https://www.torikyo.ed.jp/tizuno-h/,tizuno-h@g.torikyo.ed.jp,,〒689-1402 八頭郡智頭町智頭711-1 TEL:0858-75-0655
鳥取県,県立,鳥取県立倉吉東高等学校,倉吉市,中部,https://www.torikyo.ed.jp/kurae-h/,kurae-h@mailk.torikyo.ed.jp,,〒682-0812 倉吉市下田中町801番地 TEL:0858-22-5205
鳥取県,県立,鳥取県立倉吉西高等学校,倉吉市,中部,https://www.torikyo.ed.jp/kuraw-h/,kuraw-h@pref.tottori.lg.jp,,〒682-0925 倉吉市秋喜20番地 TEL:0858-28-1811
鳥取県,県立,鳥取県立倉吉農業高等学校,倉吉市,中部,https://www.torikyo.ed.jp/kurano-h/,kurano-h@mailk.torikyo.ed.jp,,〒682-0941 倉吉市大谷166 TEL:0858-28-1341
鳥取県,県立,鳥取県立倉吉総合産業高等学校,倉吉市,中部,https://www.torikyo.ed.jp/sousan-h/,sousan-h@pref.tottori.lg.jp,,〒682-0044 倉吉市小田204-5 TEL:0858-26-2851
鳥取県,県立,鳥取県立鳥取中央育英高等学校,東伯郡北栄町,中部,https://www.torikyo.ed.jp/ikuei-h/,ikuei-h@pref.tottori.lg.jp,http://www.tottori-ikuei.jp/?page_id=38,〒689-2295 東伯郡北栄町由良宿291-1 TEL:0858-37-3211
鳥取県,県立,鳥取県立米子東高等学校,米子市,西部,https://www.torikyo.ed.jp/yonagoe-h/,yonagoe-h@mailk.torikyo.ed.jp,,〒683-0051 米子市勝田町1番地 TEL:0859-22-2178
鳥取県,県立,鳥取県立米子西高等学校,米子市,西部,https://www.torikyo.ed.jp/yonagow-h/,yonagow-h@pref.tottori.lg.jp,,〒683-8512 米子市大谷町200番地 TEL:0859-22-7421
鳥取県,県立,鳥取県立米子南高等学校,米子市,西部,https://www.torikyo.ed.jp/yonagom-h/,yonagom-h@mailk.torikyo.ed.jp,,〒683-0033 米子市長砂町216番地 TEL:0859-33-1641
鳥取県,県立,鳥取県立米子工業高等学校,米子市,西部,https://www.torikyo.ed.jp/yonagoko-h/,yonagoko-h@pref.tottori.lg.jp,,〒683-0853 米子市旗ヶ崎6丁目1番1号 TEL:0859-22-5101
鳥取県,県立,鳥取県立米子高等学校,米子市,西部,https://www.torikyo.ed.jp/yonago-h/,yonago-h@pref.tottori.lg.jp,,〒683-0023 米子市橋本30-1 TEL:0859-26-1311
鳥取県,県立,鳥取県立境高等学校,境港市,西部,https://www.torikyo.ed.jp/sakai-h/,sakai-h@mailk.torikyo.ed.jp,,〒684-8601 境港市上道町3030番地 TEL:0859-44-0441
鳥取県,県立,鳥取県立境港総合技術高等学校,境港市,西部,https://www.torikyo.ed.jp/sakaisogo-h/,sakaisogo-h@pref.tottori.lg.jp,,〒684-0043 境港市竹内町925番地 TEL:0859-45-0411
鳥取県,県立,鳥取県立日野高等学校,日野郡日野町,西部,https://www.torikyo.ed.jp/hino-h/,hino-h@pref.tottori.lg.jp,https://www.torikyo.ed.jp/hino-h/%E3%81%8A%E5%95%8F%E3%81%84%E5%90%88%E3%82%8F%E3%81%9B,〒689-4503 日野郡日野町根雨310番地 TEL:0859-72-0365
鳥取県,私立,鳥取城北高等学校,鳥取市,東部,https://www.tottori-johoku.ed.jp/,tjh_jimu@tottori-gakuen.jp,https://www.tottori-johoku.ed.jp/contact,学校法人鳥取学園 〒680-0835 鳥取市国府町町屋534 TEL:0857-23-3502
鳥取県,私立,鳥取敬愛高等学校,鳥取市,東部,https://t-ki.jp/,keiai-hs@t-ki.jp,,学校法人鳥取家政学園 〒680-0022 鳥取市西町1丁目111番地 TEL:0857-22-8397
鳥取県,私立,青翔開智高等学校,鳥取市,東部,https://seishokaichi.jp/,contact@seishokaichi.ed.jp,https://seishokaichi.jp/contact/,〒680-8066 鳥取市国府町新通り3丁目301番地2 TEL:0857-30-5541
鳥取県,私立,倉吉北高等学校,倉吉市,中部,https://www.kurayoshikita-h.ed.jp/,kurakita@kurayoshikita-h.ed.jp,https://www.kurayoshikita-h.ed.jp/contact,学校法人松柏学院 〒682-0018 倉吉市福庭町1丁目180番地 TEL:0858-26-1351
鳥取県,私立,米子松蔭高等学校,米子市,西部,https://www.yonagoshoin.ed.jp/,shoin@yonagoshoin.ed.jp,http://www.yonagoshoin.ed.jp/shoin/toiawase/index.html,学校法人米子永島学園 〒689-3541 米子市二本木316番地1 TEL:0859-27-0421
鳥取県,私立,米子北高等学校,米子市,西部,https://www.yonagokita.ed.jp/,mail@yonagokita.ed.jp,,学校法人翔英学園 〒683-0804 米子市米原6丁目14番1号 TEL:0859-22-9371
島根県,県立,島根県立松江北高等学校,松江市,東部,https://www.matsuekita.ed.jp/,info@matsuekita.ed.jp,https://www.matsuekita.ed.jp/contact2/,
島根県,県立,島根県立松江南高等学校,松江市,東部,https://www.matsue-minami.ed.jp/,,,"メールアドレス非公開。電話:(0852)21-6329"
島根県,県立,島根県立松江東高等学校,松江市,東部,https://www.matsuehigashi.ed.jp/,matsuehigashikoko@pref.shimane.lg.jp,,"電話:(0852)27-3700"
島根県,県立,島根県立松江商業高等学校,松江市,東部,https://www.matsusho.ed.jp/,matsuesyogyokoko@pref.shimane.lg.jp,,"電話:(0852)21-3261"
島根県,県立,島根県立松江工業高等学校,松江市,東部,https://www.matsue-th.ed.jp/,matsuko-hs@edu.pref.shimane.jp,,"電話:(0852)67-2121"
島根県,県立,島根県立松江農林高等学校,松江市,東部,https://www.matsuno.ed.jp/,matsuenorinkoko@pref.shimane.lg.jp,,"電話:(0852)21-6772"
島根県,県立,島根県立宍道高等学校,松江市,東部,https://www.shinji-h.ed.jp/,shinjikoko@pref.shimane.lg.jp,,"電話:(0852)66-7577"
島根県,県立,島根県立安来高等学校,安来市,東部,https://www.yasugi-hs.ed.jp/,yasugi-hs@edu.pref.shimane.jp,https://www.yasugi-hs.ed.jp/contact/,"電話:(0854)22-2840"
島根県,県立,島根県立情報科学高等学校,安来市,東部,https://johokoko.ed.jp/,jyohokagakukoko@pref.shimane.lg.jp,,"電話:(0854)23-2700"
島根県,県立,島根県立出雲高等学校,出雲市,東部,https://www.izumo-hs.ed.jp/,,,"メールアドレス非公開。電話:(0853)21-0008"
島根県,県立,島根県立出雲商業高等学校,出雲市,東部,https://www.izusho.ed.jp/,izumoshogyo-hs@edu.pref.shimane.jp,,"電話:(0853)21-0016"
島根県,県立,島根県立出雲工業高等学校,出雲市,東部,https://www.izumo-th.ed.jp/,izumokogyo-hs@edu.pref.shimane.jp,,"電話:(0853)21-3131"
島根県,県立,島根県立出雲農林高等学校,出雲市,東部,https://www.izuno.ed.jp/,izumonorin-hs@edu.pref.shimane.jp,,"電話:(0853)28-0321"
島根県,県立,島根県立大社高等学校,出雲市,東部,https://www.taisha.ed.jp/,taisyakoko@pref.shimane.lg.jp,https://www.taisha.ed.jp/toiawase/,"電話:(0853)53-2002"
島根県,県立,島根県立平田高等学校,出雲市,東部,https://www.hirata-h.ed.jp/,hiratakoko@pref.shimane.lg.jp,,"電話:(0853)62-2117"
島根県,県立,島根県立三刀屋高等学校,雲南市,東部,https://mitoya-hs.ed.jp/,mitoya-hs@edu.pref.shimane.jp,,"電話:(0854)45-2721"
島根県,県立,島根県立三刀屋高等学校掛合分校,雲南市,東部,https://www.kakeko.ed.jp/,kakeya-bunko@edu.pref.shimane.jp,,"電話:(0854)62-0084"
島根県,県立,島根県立横田高等学校,仁多郡奥出雲町,東部,https://www.yokota.ed.jp/,yokotakoko@pref.shimane.lg.jp,https://www.webpage21a.jp/yokota/yokota-toiawase.cgi,"電話:(0854)52-1511"
島根県,県立,島根県立大田高等学校,大田市,中部,https://ohda-hs.ed.jp/,odakoko@pref.shimane.lg.jp,,"電話:(0854)82-0750"
島根県,県立,島根県立邇摩高等学校,大田市,中部,https://nima.ed.jp/,nimakoko@pref.shimane.lg.jp,,"電話:(0854)88-2220"
島根県,県立,島根県立島根中央高等学校,邑智郡川本町,中部,https://www.shimane-chuo.ed.jp/,shimanechuo-hs@edu.pref.shimane.jp,,"電話:(0855)72-0355"
島根県,県立,島根県立矢上高等学校,邑智郡邑南町,中部,https://www.yakami.ed.jp/,,https://www.yakami.ed.jp/contact/,"電話:(0855)95-1105"
島根県,県立,島根県立浜田高等学校,浜田市,西部,https://www.hamakou.ed.jp/,hamada-hs@edu.pref.shimane.jp,https://www.hamakou.ed.jp/contact/,"電話:(0855)22-0042"
島根県,県立,島根県立浜田商業高等学校,浜田市,西部,https://www.shimane-hamasho.ed.jp/,,,"電話:(0855)27-0064。公式メール非公開"
島根県,県立,島根県立浜田水産高等学校,浜田市,西部,https://hamasui.ed.jp/,hamadasuisan-hs@edu.pref.shimane.jp,,"電話:(0855)22-3098"
島根県,県立,島根県立江津高等学校,江津市,西部,https://www.gohtsu.ed.jp/,gotsukoko@pref.shimane.lg.jp,,"電話:(0855)53-0553"
島根県,県立,島根県立江津工業高等学校,江津市,西部,https://www.gotsu-th.ed.jp/,gotsukogyo-hs@edu.pref.shimane.jp,https://www.gotsu-th.ed.jp/form/contact/,"電話:(0855)52-2120"
島根県,県立,島根県立益田高等学校,益田市,西部,https://www.masuda.ed.jp/,masudakoko@pref.shimane.lg.jp,,"電話:(0856)22-0044"
島根県,県立,島根県立益田翔陽高等学校,益田市,西部,https://masudashoyo.jp/,masudashoyo-hs@edu.pref.shimane.jp,https://masudashoyo.jp/toiawase/,"電話:(0856)22-0642"
島根県,県立,島根県立津和野高等学校,鹿足郡津和野町,西部,https://tsuwano.ed.jp/,,,"メールアドレス非公開。電話:(0856)72-0106"
島根県,県立,島根県立吉賀高等学校,鹿足郡吉賀町,西部,https://www.yoshika.ed.jp/,yoshikakoko@pref.shimane.lg.jp,https://www.yoshika.ed.jp/ca1/,"電話:(0856)78-0029"
島根県,県立,島根県立隠岐高等学校,隠岐郡隠岐の島町,隠岐,https://www.oki-hs.ed.jp/,oki-hs@edu.pref.shimane.jp,,"電話:(08512)2-1181"
島根県,県立,島根県立隠岐島前高等学校,隠岐郡海士町,隠岐,https://www.dozen.ed.jp/,dozenhs@dozen.ed.jp,,"電話:(08514)2-0731"
島根県,県立,島根県立隠岐水産高等学校,隠岐郡隠岐の島町,隠岐,https://www.oki-sui.ed.jp/,okisuisan-hs@edu.pref.shimane.jp,,"電話:(08512)2-1526"
島根県,私立,開星高等学校,松江市,東部,https://shimane-kaisei.ed.jp/,kaisei@kaisei.matsue.shimane.jp,,"電話:(0852)21-4915"
島根県,私立,松徳学院高等学校,松江市,東部,https://shotoku-h.ed.jp/,info@shotoku-h.ed.jp,,"電話:(0852)21-5478"
島根県,私立,松江西高等学校,松江市,東部,https://www.matsuenishi-h.ed.jp/,nishi@matsuenishi-h.ed.jp,,"電話:(0852)21-2925"
島根県,私立,立正大学淞南高等学校,松江市,東部,https://www.shonangakuen-h.ed.jp/,info@shonangakuen-h.ed.jp,https://www.shonangakuen-h.ed.jp/contact/,"電話:(0852)21-9634"
島根県,私立,出雲北陵高等学校,出雲市,東部,https://izumohokuryo-h.ed.jp/,hokuryo@izumohokuryo-h.ed.jp,,"電話:(0853)21-1871"
島根県,私立,出雲西高等学校,出雲市,東部,https://www.izumonishikou.jp/,info@izumonishikou.jp,https://www.izumonishikou.jp/contact/,"電話:(0853)21-1183"
島根県,私立,石見智翠館高等学校,江津市,西部,https://www.iwamichisuikan.ed.jp/,postmaster@iwamichisuikan.ed.jp,https://www.iwamichisuikan.ed.jp/guardian/contact,"電話:(0855)52-2457"
島根県,私立,キリスト教愛真高等学校,江津市,西部,https://aishinhigh.ed.jp/,mail@aishinhigh.ed.jp,,"電話:(0855)52-5795"
島根県,私立,益田東高等学校,益田市,西部,https://masuda-higashi.com/,nanao@iwami.or.jp,,"電話:(0856)23-3435"
島根県,私立,明誠高等学校,益田市,西部,https://www.meisei-masuda.ed.jp/,,,"メールアドレス非公開。電話:(0856)22-1052"
岡山県,県立,岡山県立岡山朝日高等学校,岡山市中区,岡山,https://www.asahi.okayama-c.ed.jp/,asahi@pref.okayama.jp,,TEL:086-272-1271
岡山県,県立,岡山県立岡山操山高等学校,岡山市中区,岡山,https://www.sozan.okayama-c.ed.jp/,sozan01@pref.okayama.jp,,TEL:086-272-1241 中高一貫・通信制併設
岡山県,県立,岡山県立岡山城東高等学校,岡山市中区,岡山,https://www.joto.okayama-c.ed.jp/,joto@pref.okayama.jp,,TEL:086-279-2005
岡山県,県立,岡山県立岡山芳泉高等学校,岡山市南区,岡山,https://www.hosen.okayama-c.ed.jp/,hosen@pref.okayama.jp,,TEL:086-264-2801
岡山県,県立,岡山県立岡山一宮高等学校,岡山市北区,岡山,https://www.itinomiy.okayama-c.ed.jp/,itinomiy@pref.okayama.jp,,TEL:086-284-2241
岡山県,県立,岡山県立岡山大安寺中等教育学校,岡山市北区,岡山,https://www.daianji-ss.okayama-c.ed.jp/,daianji@pref.okayama.jp,,中等教育学校(後期課程が高校相当) TEL:086-293-2014
岡山県,県立,岡山県立岡山南高等学校,岡山市北区,岡山,https://www.okaminam.okayama-c.ed.jp/,okaminam@pref.okayama.jp,,TEL:086-224-2226
岡山県,県立,岡山県立岡山工業高等学校,岡山市北区,岡山,https://www.okako.okayama-c.ed.jp/,okako@pref.okayama.jp,,TEL:086-252-5231
岡山県,県立,岡山県立岡山東商業高等学校,岡山市中区,岡山,https://www.higasho.okayama-c.ed.jp/,higasho@pref.okayama.jp,,TEL:086-272-1237
岡山県,県立,岡山県立東岡山工業高等学校,岡山市中区,岡山,https://www.toko.okayama-c.ed.jp/wp/,toko@pref.okayama.jp,,TEL:086-279-2007
岡山県,県立,岡山県立岡山御津高等学校,岡山市北区,岡山,https://www.mitsu.okayama-c.ed.jp/,mitsu@pref.okayama.jp,,TEL:086-724-4161
岡山県,県立,岡山県立西大寺高等学校,岡山市東区,岡山,https://www.saidaizi.okayama-c.ed.jp/wordpress/,saidaizi@pref.okayama.jp,,TEL:086-942-0021
岡山県,県立,岡山県立邑久高等学校,瀬戸内市,岡山,https://www.oku.okayama-c.ed.jp/wp/,oku@pref.okayama.jp,,TEL:0869-22-0017
岡山県,県立,岡山県立瀬戸高等学校,岡山市東区,岡山,https://www.seto.okayama-c.ed.jp/,seto@pref.okayama.jp,,TEL:086-952-0047
岡山県,県立,岡山県立興陽高等学校,岡山市南区,岡山,https://www.koyohigh.okayama-c.ed.jp/,koyohigh@pref.okayama.jp,,TEL:086-296-2268
岡山県,県立,岡山県立烏城高等学校,岡山市北区,岡山,https://www.ujo.okayama-c.ed.jp/,ujo@pref.okayama.jp,,定時制(昼・夜間) TEL:086-255-6012
岡山県,市立,岡山市立岡山後楽館中学校・高等学校,岡山市北区,岡山,http://www.city-okayama.ed.jp/~korakukan/,,https://sites.google.com/giga-city-okayama.jp/k-kourakukan,中高一貫 TEL:086-226-7100
岡山県,県立,岡山県立倉敷天城高等学校,倉敷市,備中,https://www.amaki.okayama-c.ed.jp/,amaki@pref.okayama.jp,,TEL:086-428-1251 中高一貫
岡山県,県立,岡山県立倉敷青陵高等学校,倉敷市,備中,https://www.seiryo.okayama-c.ed.jp/wp/,seiryo01@gse.okayama-c.ed.jp,,TEL:086-422-8001
岡山県,県立,岡山県立倉敷南高等学校,倉敷市,備中,https://www.kuramina.okayama-c.ed.jp/,kuramina@pref.okayama.jp,,TEL:086-423-0600
岡山県,県立,岡山県立倉敷古城池高等学校,倉敷市,備中,https://www.kojoike.okayama-c.ed.jp/,kojoike@pref.okayama.jp,,TEL:086-466-2355
岡山県,県立,岡山県立倉敷中央高等学校,倉敷市,備中,https://www.kurachuo.okayama-c.ed.jp/,kurachuo@pref.okayama.jp,,TEL:086-465-2559
岡山県,県立,岡山県立玉島高等学校,倉敷市,備中,https://www.tamasima.okayama-c.ed.jp/,tamasima@pref.okayama.jp,,TEL:086-522-2972
岡山県,県立,岡山県立倉敷鷲羽高等学校,倉敷市,備中,https://www.washu.okayama-c.ed.jp/,washu@pref.okayama.jp,,TEL:086-472-2888
岡山県,県立,岡山県立倉敷工業高等学校,倉敷市,備中,https://www.kurako.okayama-c.ed.jp/,kurako@pref.okayama.jp,,TEL:086-422-7575
岡山県,県立,岡山県立水島工業高等学校,倉敷市,備中,https://www.mizuko.okayama-c.ed.jp/,mizuko@pref.okayama.jp,,TEL:086-465-2504
岡山県,県立,岡山県立倉敷商業高等学校,倉敷市,備中,https://www.kurasho.okayama-c.ed.jp/,kurasho@pref.okayama.jp,,TEL:086-422-5577
岡山県,県立,岡山県立玉島商業高等学校,倉敷市,備中,https://www.tamasho.okayama-c.ed.jp/,tamasho@pref.okayama.jp,,TEL:086-522-3044
岡山県,市立,倉敷市立倉敷翔南高等学校,倉敷市,備中,https://www.kurashiki-oky.ed.jp/kurashiki-shonan-h/,,https://www.kurashiki-oky.ed.jp/kurashiki-shonan-h/,定時制・単位制 TEL:086-473-4240
岡山県,市立,倉敷市立精思高等学校,倉敷市,備中,http://www.kurashiki-oky.ed.jp/seishi-h/index.html,,https://www.kurashiki-oky.ed.jp/seishi-h/,定時制 TEL:086-422-0387
岡山県,市立,倉敷市立玉島高等学校,倉敷市,備中,https://www.kurashiki-oky.ed.jp/tamashima-h/,,https://www.kurashiki-oky.ed.jp/tamashima-h/,定時制 TEL:086-526-0114
岡山県,市立,倉敷市立工業高等学校,倉敷市,備中,https://www.kurashiki-oky.ed.jp/kogyo-h/,,https://www.kurashiki-oky.ed.jp/kogyo-h/,定時制 TEL:086-424-0400
岡山県,県立,岡山県立玉野高等学校,玉野市,岡山,https://www.tamano.okayama-c.ed.jp/,tamano@pref.okayama.jp,,TEL:0863-31-2155
岡山県,県立,岡山県立玉野光南高等学校,玉野市,岡山,https://www.konan.okayama-c.ed.jp/,konan@pref.okayama.jp,,TEL:0863-31-4255
岡山県,市立,玉野市立玉野商工高等学校,玉野市,岡山,http://www.tamanosho.ed.jp/,,http://www.tamanosho.ed.jp/,TEL:0863-31-5341
岡山県,県立,岡山県立笠岡高等学校,笠岡市,備中,https://www.kasaoka.okayama-c.ed.jp/wp/,kasaoka@pref.okayama.jp,,TEL:0865-62-5128
岡山県,県立,岡山県立笠岡工業高等学校,笠岡市,備中,https://www.kasako.okayama-c.ed.jp/,kasako@pref.okayama.jp,,TEL:0865-62-5241
岡山県,県立,岡山県立笠岡商業高等学校,笠岡市,備中,https://www.kasasho.okayama-c.ed.jp/,kasasho@pref.okayama.jp,,TEL:0865-62-5245
岡山県,県立,岡山県立井原高等学校,井原市,備中,https://www.ibara.okayama-c.ed.jp/,ibara@pref.okayama.jp,,TEL:0866-62-0057
岡山県,県立,岡山県立総社高等学校,総社市,備中,https://www.soja.okayama-c.ed.jp/,soja@pref.okayama.jp,,TEL:0866-93-0891
岡山県,県立,岡山県立総社南高等学校,総社市,備中,https://www.sojam.okayama-c.ed.jp/,sojam@pref.okayama.jp,,TEL:0866-93-6811
岡山県,県立,岡山県立高梁高等学校,高梁市,備中,https://www.takahasi.okayama-c.ed.jp/wp/,takahasi@pref.okayama.jp,,TEL:0866-22-3047
岡山県,県立,岡山県立高梁城南高等学校,高梁市,備中,https://www.jonan.okayama-c.ed.jp/wordpress/,jonan01@pref.okayama.jp,,TEL:0866-22-8188
岡山県,県立,岡山県立新見高等学校,新見市,備中,https://www.niimi.okayama-c.ed.jp/wp/,niimi@pref.okayama.jp,,TEL:0867-72-2260
岡山県,県立,岡山県立矢掛高等学校,小田郡矢掛町,備中,https://www.yakage.okayama-c.ed.jp/,yakage@pref.okayama.jp,,TEL:0866-82-0045
岡山県,県立,岡山県立備前緑陽高等学校,備前市,備前,https://www.ryokuyou.okayama-c.ed.jp/,ryokuyou@pref.okayama.jp,,TEL:0869-63-0315
岡山県,県立,岡山県立和気閑谷高等学校,和気郡和気町,備前,https://www.wakesizu.okayama-c.ed.jp/,wakesizu01@pref.okayama.jp,,TEL:0869-93-1188
岡山県,県立,岡山県立津山高等学校,津山市,美作,https://www.tuyama.okayama-c.ed.jp/,tuyama@pref.okayama.jp,,TEL:0868-22-2204
岡山県,県立,岡山県立津山東高等学校,津山市,美作,https://www.tuhigasi.okayama-c.ed.jp/wp/,tuhigasi@pref.okayama.jp,,TEL:0868-22-9307
岡山県,県立,岡山県立津山工業高等学校,津山市,美作,https://www.tsukou.okayama-c.ed.jp/,tsukou@pref.okayama.jp,,TEL:0868-22-4174
岡山県,県立,岡山県立津山商業高等学校,津山市,美作,https://www.tusho.okayama-c.ed.jp/,tusho@pref.okayama.jp,,TEL:0868-22-2421
岡山県,県立,岡山県立林野高等学校,美作市,美作,https://www.hayasino.okayama-c.ed.jp/,hayasino@pref.okayama.jp,,TEL:0868-72-1134
岡山県,県立,岡山県立勝山高等学校,真庭市,美作,https://www.katuyama.okayama-c.ed.jp/,katuyama@pref.okayama.jp,,TEL:0867-44-2628
岡山県,県立,岡山県立勝山高等学校蒜山校地,真庭市,美作,https://www.hiruzen.okayama-c.ed.jp/,katuyama-hiruzen@pref.okayama.jp,,勝山高校分校 TEL:0867-66-2021
岡山県,県立,岡山県立落合高等学校,真庭市,美作,https://www.ochiai.okayama-c.ed.jp/,ochiai@pref.okayama.jp,,TEL:0867-52-2040
岡山県,県立,岡山県立真庭高等学校,真庭市,美作,https://www.maniwa.okayama-c.ed.jp/,maniwa@pref.okayama.jp,,TEL:0867-42-2170
岡山県,県立,岡山県立勝間田高等学校,勝田郡勝央町,美作,https://www.katumata.okayama-c.ed.jp/,katumata@pref.okayama.jp,,TEL:0868-38-2006
岡山県,私立,就実高等学校,岡山市北区,岡山,https://www.shujitsu-h.ed.jp/,info2@shujitsu-h.ed.jp,https://www.shujitsu-h.ed.jp/contact1/,TEL:086-225-1326
岡山県,私立,山陽学園高等学校,岡山市中区,岡山,https://www.sanyogakuen.ed.jp/,,https://sanyogakuen.ed.jp/form/inquiry,TEL:086-272-1181
岡山県,私立,関西高等学校,岡山市北区,岡山,https://kanzei.ac.jp/,,https://kanzei.ac.jp/,TEL:086-252-5121
岡山県,私立,岡山中学校・岡山高等学校,岡山市南区,岡山,https://www.okayama-h.ed.jp/,koho@okayama-h.ed.jp,https://www.okayama-h.ed.jp/contact/,中高一貫 TEL:086-282-6336
岡山県,私立,明誠学院高等学校,岡山市北区,岡山,https://www.meiseigakuin.ac.jp/,,https://www.meiseigakuin.ac.jp/,TEL:086-252-5247
岡山県,私立,岡山学芸館高等学校,岡山市東区,岡山,https://www.gakugeikan.ed.jp/,info@gakugeikan.ed.jp,https://www.gakugeikan.ed.jp/contact/index.html,TEL:086-942-3864
岡山県,私立,岡山白陵中学校・高等学校,赤磐市,岡山,https://www.okahaku.ed.jp/,,https://www.okahaku.ed.jp/access_inquiry/,中高一貫 TEL:086-995-1255
岡山県,私立,岡山理科大学附属高等学校,岡山市北区,岡山,https://okayama.ridaifu.net/,kouho@ridaifu.ed.jp,http://www.ridaifu.net/inquiry/,TEL:086-256-8511
岡山県,私立,岡山商科大学附属高等学校,岡山市北区,岡山,https://www.osu-h.ed.jp/,syoudaifu@osu-h.ed.jp,,TEL:086-252-3407
岡山県,私立,朝日塾中等教育学校,岡山市北区,岡山,https://m-asahijuku.ed.jp/,,https://m-asahijuku.ed.jp/,中等教育学校(後期課程が高校相当) TEL:0867-26-0111
岡山県,私立,清心中学校・清心女子高等学校,倉敷市,備中,https://www.nd-seishin.ac.jp/,kurashiki@nd-seishin.ac.jp,https://www.nd-seishin.ac.jp/contact/,TEL:086-462-1661
岡山県,私立,倉敷高等学校,倉敷市,備中,https://www.kurashiki.ac.jp/,invite@kurashiki.ac.jp,https://www.kurashiki.ac.jp/contact/,TEL:086-462-9000
岡山県,私立,倉敷翠松高等学校,倉敷市,備中,https://www.suisho.ed.jp/,,https://www.suisho.ed.jp/inquiry,TEL:086-422-3565
岡山県,私立,作陽学園高等学校,倉敷市,備中,https://www.sakuyo-h.ed.jp/,,https://www.sakuyo-h.ed.jp/,TEL:086-441-1281
岡山県,私立,岡山龍谷高等学校,笠岡市,備中,https://www.ok-ryukoku.ed.jp/,info@ok-ryukoku.ed.jp,https://www.ok-ryukoku.ed.jp/admissions/,TEL:0865-63-2525
岡山県,私立,金光学園中学・高等学校,浅口市,備中,https://www.konkougakuen.net/high/,,https://www.konkougakuen.net/high/,TEL:0865-42-3131
岡山県,私立,おかやま山陽高等学校,浅口市,備中,https://www.okayama-sanyo-hs.ed.jp/,info@okayama-sanyo-hs.ed.jp,https://www.okayama-sanyo-hs.ed.jp/inquiry/,TEL:0865-44-3100
岡山県,私立,岡山県共生高等学校,新見市,備中,https://www.kyousei.ed.jp/,info@kyousei.ed.jp,https://www.kyousei.ed.jp/school/kaikou.html,TEL:0867-72-0526
岡山県,私立,興譲館高等学校,井原市,備中,https://kojokan-h.ed.jp/,,https://kojokan-h.ed.jp/,TEL:0866-62-0124
岡山県,私立,岡山県美作高等学校,津山市,美作,https://www.mimasaka.ed.jp/,info@mimasaka.ed.jp,,通信制併設 TEL:0868-22-4838
広島県,県立,広島国泰寺高等学校,広島市中区,広島,https://www.kokutaiji-h.hiroshima-c.ed.jp/,kokutaiji-h@hiroshima-c.ed.jp,,
広島県,県立,広島中学校・広島高等学校,東広島市,広島,https://www.hcyuko.hiroshima-c.ed.jp/,,,中高一貫（県立）
広島県,県立,広島皆実高等学校,広島市南区,広島,https://www.minami-h.hiroshima-c.ed.jp/,,,
広島県,県立,広島工業高等学校,広島市南区,広島,https://www.hiroshima-th.hiroshima-c.ed.jp/,hiroshima-th@hiroshima-c.ed.jp,,
広島県,県立,広島商業高等学校,広島市中区,広島,https://www.hiroshima-ch.hiroshima-c.ed.jp/,,,
広島県,県立,広島観音高等学校,広島市西区,広島,https://www.kanon-h.hiroshima-c.ed.jp/,,,
広島県,県立,広島井口高等学校,広島市西区,広島,https://www.inokuchi-h.hiroshima-c.ed.jp/,,,
広島県,県立,祇園北高等学校,広島市安佐南区,広島,https://www.gionkita-h.hiroshima-c.ed.jp/,,,
広島県,県立,安古市高等学校,広島市安佐南区,広島,https://www.yasufuruichi-h.hiroshima-c.ed.jp/,,,
広島県,県立,安芸南高等学校,広島市安芸区,広島,https://www.akiminami-h.hiroshima-c.ed.jp/,,,
広島県,県立,安西高等学校,広島市安佐南区,広島,https://www.yasunishi-h.hiroshima-c.ed.jp/,,,
広島県,県立,高陽高等学校,広島市安佐北区,広島,https://www.koyo-h.hiroshima-c.ed.jp/,,,
広島県,県立,高陽東高等学校,広島市安佐北区,広島,https://www.koyohigashi-h.hiroshima-c.ed.jp/,,,
広島県,県立,可部高等学校,広島市安佐北区,広島,https://www.kabe-h.hiroshima-c.ed.jp/,,,
広島県,県立,広島東高等学校,広島市東区,広島,https://www.hiroshimahigashi-h.hiroshima-c.ed.jp/,,,
広島県,県立,海田高等学校,安芸郡海田町,広島,https://www.kaita-h.hiroshima-c.ed.jp/,,,
広島県,県立,熊野高等学校,安芸郡熊野町,広島,https://www.kumano-h.hiroshima-c.ed.jp/,,,
広島県,県立,安芸府中高等学校,安芸郡府中町,広島,https://www.akifuchu-h.hiroshima-c.ed.jp/,,,
広島県,県立,廿日市高等学校,廿日市市,広島,https://www.hatsukaichi-h.hiroshima-c.ed.jp/,,,
広島県,県立,廿日市西高等学校,廿日市市,広島,https://www.hatsukaichinishi-h.hiroshima-c.ed.jp/,,,
広島県,県立,佐伯高等学校,廿日市市,広島,https://www.saeki-h.hiroshima-c.ed.jp/,,,
広島県,県立,宮島工業高等学校,廿日市市,広島,https://www.miyajima-th.hiroshima-c.ed.jp/,,,
広島県,県立,千代田高等学校,山県郡北広島町,広島,https://www.chiyoda-h.hiroshima-c.ed.jp/,,,
広島県,私立,広島新庄高等学校,山県郡北広島町,広島,https://www.shinjou.jp/,,,中高一貫
広島県,県立,加計高等学校,山県郡安芸太田町,広島,https://www.kake-h.hiroshima-c.ed.jp/,,,
広島県,県立,吉田高等学校,安芸高田市,広島,https://www.yoshida-h.hiroshima-c.ed.jp/,,,
広島県,県立,広島叡智学園中学校・高等学校,豊田郡大崎上島町,広島,https://higa-s.jp/,ecyuko@hiroshima-c.ed.jp,,中高一貫（県立・寄宿制）
広島県,県立,大崎海星高等学校,豊田郡大崎上島町,広島,https://www.osakikaisei-h.hiroshima-c.ed.jp/,,,
広島県,県立,大柿高等学校,江田島市,広島,https://www.ogaki-h.hiroshima-c.ed.jp/,,,
広島県,県立,呉三津田高等学校,呉市,呉,https://www.kuremitsuta-h.hiroshima-c.ed.jp/,,,
広島県,県立,呉宮原高等学校,呉市,呉,https://www.kuremiyahara-h.hiroshima-c.ed.jp/,,,再編対象（呉三津田との統合計画）
広島県,県立,広高等学校,呉市,呉,https://www.hiro-h.hiroshima-c.ed.jp/,,,
広島県,県立,呉工業高等学校,呉市,呉,https://www.kure-th.hiroshima-c.ed.jp/,,,
広島県,県立,呉商業高等学校,呉市,呉,https://www.kure-ch.hiroshima-c.ed.jp/,,,
広島県,県立,音戸高等学校,呉市,呉,https://www.ondo-h.hiroshima-c.ed.jp/,,,
広島県,県立,賀茂高等学校,東広島市,東広島,https://www.kamo-h.hiroshima-c.ed.jp/,,,
広島県,県立,賀茂北高等学校,東広島市,東広島,https://www.kamokita-h.hiroshima-c.ed.jp/,,,
広島県,県立,西条農業高等学校,東広島市,東広島,https://www.saijyo-ah.hiroshima-c.ed.jp/,,,
広島県,県立,黒瀬高等学校,東広島市,東広島,https://www.kurose-h.hiroshima-c.ed.jp/,,,
広島県,県立,河内高等学校,東広島市,東広島,https://www.kouchi-h.hiroshima-c.ed.jp/,,,
広島県,県立,豊田高等学校,東広島市,東広島,https://www.toyota-h.hiroshima-c.ed.jp/,,,
広島県,県立,忠海高等学校,竹原市,尾三,https://www.tadanoumi-h.hiroshima-c.ed.jp/,,,
広島県,県立,竹原高等学校,竹原市,尾三,https://www.takehara-h.hiroshima-c.ed.jp/,,,
広島県,県立,三原高等学校,三原市,尾三,https://www.mihara-h.hiroshima-c.ed.jp/,,,
広島県,県立,三原東高等学校,三原市,尾三,https://www.miharahigashi-h.hiroshima-c.ed.jp/,,,
広島県,県立,総合技術高等学校,三原市,尾三,https://www.sougou-th.hiroshima-c.ed.jp/,,,
広島県,県立,尾道北高等学校,尾道市,尾三,https://www.onomichikita-h.hiroshima-c.ed.jp/,,,
広島県,県立,尾道東高等学校,尾道市,尾三,https://www.onomichihigashi-h.hiroshima-c.ed.jp/,,,
広島県,県立,尾道商業高等学校,尾道市,尾三,https://www.onomichi-ch.hiroshima-c.ed.jp/,,,
広島県,県立,因島高等学校,尾道市,尾三,https://www.innoshima-h.hiroshima-c.ed.jp/,,,
広島県,県立,瀬戸田高等学校,尾道市,尾三,https://www.setoda-h.hiroshima-c.ed.jp/,,,
広島県,県立,御調高等学校,尾道市,尾三,https://www.mitsugi-h.hiroshima-c.ed.jp/,,,
広島県,県立,福山誠之館高等学校,福山市,備後,https://www.fukuyamaseishikan-h.hiroshima-c.ed.jp/,,,
広島県,県立,福山葦陽高等学校,福山市,備後,https://www.fukuyamaiyo-h.hiroshima-c.ed.jp/,,,
広島県,県立,福山明王台高等学校,福山市,備後,https://www.fukuyamamyoodai-h.hiroshima-c.ed.jp/,,,
広島県,県立,福山工業高等学校,福山市,備後,https://www.fukuyama-th.hiroshima-c.ed.jp/,,,
広島県,県立,福山商業高等学校,福山市,備後,https://www.fukuyama-ch.hiroshima-c.ed.jp/,,,
広島県,県立,大門高等学校,福山市,備後,https://www.daimon-h.hiroshima-c.ed.jp/,,,
広島県,県立,神辺高等学校,福山市,備後,https://www.kannabe-h.hiroshima-c.ed.jp/,,,
広島県,県立,神辺旭高等学校,福山市,備後,https://www.kannabeasahi-h.hiroshima-c.ed.jp/,,,
広島県,県立,松永高等学校,福山市,備後,https://www.matsunaga-h.hiroshima-c.ed.jp/,,,
広島県,県立,沼南高等学校,福山市,備後,https://www.syonan-h.hiroshima-c.ed.jp/,,,
広島県,県立,府中高等学校,府中市,備後,https://www.fucyu-h.hiroshima-c.ed.jp/,,,
広島県,県立,府中東高等学校,府中市,備後,https://www.fucyuhigashi-h.hiroshima-c.ed.jp/,,,
広島県,県立,世羅高等学校,世羅郡世羅町,備南,https://www.sera-h.hiroshima-c.ed.jp/,,,
広島県,県立,油木高等学校,神石郡神石高原町,備南,https://www.yuki-h.hiroshima-c.ed.jp/,,,
広島県,県立,三次中学校・高等学校,三次市,備北,https://www.miyoshi-h.hiroshima-c.ed.jp/,,,中高一貫
広島県,県立,庄原格致高等学校,庄原市,備北,https://www.shobarakakuchi-h.hiroshima-c.ed.jp/,,,
広島県,県立,庄原実業高等学校,庄原市,備北,https://www.shobara-h.hiroshima-c.ed.jp/,,,
広島市立,市立,基町高等学校,広島市中区,広島,https://www.motomachi-hs.jp/,motomachi-h@e.city.hiroshima.jp,,
広島市立,市立,舟入高等学校,広島市中区,広島,https://www.funairi-h.edu.city.hiroshima.jp/,,,
広島市立,市立,沼田高等学校,広島市安佐南区,広島,https://www.numata-h.edu.city.hiroshima.jp/,,,
広島市立,市立,美鈴が丘高等学校,広島市佐伯区,広島,https://www.misuzugaoka-h.edu.city.hiroshima.jp/,,,
広島市立,市立,広島工業高等学校,広島市南区,広島,https://www.hiroshima-kougyo-h.edu.city.hiroshima.jp/,,,
広島市立,市立,広島商業高等学校,広島市東区,広島,https://www.hiroshima-syogyo-h.edu.city.hiroshima.jp/,,,
広島県,私立,広島学院高等学校,広島市西区,広島,https://www.hiroshimagakuin.ed.jp/,,,男子校
広島県,私立,修道高等学校,広島市中区,広島,https://www.shudo-h.ed.jp/,,,男子校
広島県,私立,AICJ高等学校,広島市安佐南区,広島,https://aicj.ed.jp/,,,
広島県,私立,崇徳高等学校,広島市西区,広島,https://www.sotoku.ed.jp/,,,男子校
広島県,私立,山陽高等学校,広島市西区,広島,https://www.sanyo.ed.jp/,,,
広島県,私立,ノートルダム清心高等学校,広島市西区,広島,https://www.hiro-seishin.ed.jp/,,,女子校・中高一貫（高校外部募集なし）
広島県,私立,安田女子高等学校,広島市安佐南区,広島,https://www.yasuda-u.ac.jp/jh/,,,女子校
広島県,私立,広島女学院高等学校,広島市中区,広島,https://www.hjs.ed.jp/,,,女子校・中高一貫（高校外部募集なし）
広島県,私立,比治山学園高等学校,広島市南区,広島,https://www.hijiyama-h.ed.jp/,,,"2026年4月より男女共学・校名変更（旧比治山女子）"
広島県,私立,広島城北高等学校,広島市東区,広島,https://www.hiroshimajohoku.ed.jp/,,,男子校
広島県,私立,広島翔洋高等学校,安芸郡坂町,広島,https://www.h-shoyo.ed.jp/,,,
広島県,私立,広島なぎさ高等学校,広島市佐伯区,広島,https://www.nagisa.ed.jp/high/,,,
広島県,私立,広島桜が丘高等学校,広島市東区,広島,https://www.hsakuragaoka-h.ed.jp/,,,
広島県,私立,広島瀬戸内高等学校,広島市東区,広島,https://www.setouchi-h.ed.jp/,,,
広島県,私立,広島国際学院高等学校,安芸郡坂町,広島,https://www.hi.hkg.ac.jp/,,,
広島県,私立,広島工業大学高等学校,広島市西区,広島,https://www.kodaikoko.ed.jp/zennichi/,,,
広島県,私立,広島文教大学附属高等学校,広島市安佐北区,広島,https://www.h-bunkyo.ac.jp/highschool/,,,
広島県,私立,広島修道大学ひろしま協創高等学校,広島市西区,広島,https://www.shudo-u.ac.jp/fuzoku/,,,中高一貫
広島県,私立,英数学館高等学校,広島市中区,広島,https://www.eisu-ejs.ac.jp/,,,
広島県,私立,進徳女子高等学校,広島市南区,広島,https://www.shintoku.ed.jp/,,,"2027年4月より環太平洋大学広島高等学校に改称・共学化予定"
広島県,私立,呉青山高等学校,呉市,呉,https://www.kureaoyama.ed.jp/,,,
広島県,私立,清水ヶ丘高等学校,呉市,呉,https://www.shimizugaoka.ed.jp/,,,
広島県,私立,広陵高等学校,安芸郡府中町,広島,https://www.koryo.ac.jp/,,,
広島県,私立,山陽女学園高等部,廿日市市,広島,http://www.sanyo-jogakuen.ed.jp/,,,女子校
広島県,私立,近畿大学附属広島高等学校東広島校,東広島市,東広島,https://hh.kindai.ac.jp/,,,
広島県,私立,武田高等学校,東広島市,東広島,https://takeda.ed.jp/,,,中高一貫
広島県,私立,如水館高等学校,三原市,尾三,https://www.josuikan.ed.jp/,,,
広島県,私立,盈進高等学校,福山市,備後,https://www.eishin.ed.jp/,,,
広島県,私立,銀河学院高等学校,福山市,備後,https://www.ginga.ac.jp/,,,
広島県,私立,近畿大学附属広島高等学校福山校,福山市,備後,https://www.fukuyama.kindai.ac.jp/,,,
広島県,国立,広島大学附属高等学校,広島市南区,広島,https://www.hiroshima-u.ac.jp/fu_midori,,,国立（広島大学附属）
広島県,国立,広島大学附属福山高等学校,福山市,備後,https://www.hiroshima-u.ac.jp/fu_fukuyama,,,国立（広島大学附属）
山口県,県立,山口県立下関西高等学校,下関市,下関,http://www.shimonishi-h.ysn21.jp/,,,附属中学校設置（2026年4月～）
山口県,県立,山口県立下関工科高等学校,下関市,下関,https://www.shimonosekikoka-h.ysn21.jp/,,, 2016年開校（旧下関工業・旧下関中央工業を統合）
山口県,県立,山口県立下関双葉高等学校,下関市,下関,https://www.futaba.ysn21.jp/,,,2019年開校・定時制
山口県,県立,山口県立下関南高等学校,下関市,下関,https://www.minami-h.ysn21.jp/,,,
山口県,県立,山口県立長府高等学校,下関市,下関,https://www.chofu-h.ysn21.jp/,,,
山口県,県立,山口県立豊浦高等学校,下関市,下関,https://www.toyora-h.ysn21.jp/,,,
山口県,県立,山口県立下関北高等学校,下関市,下関,https://www.shimonosekikita-h.ysn21.jp/,,,2018年開校（旧響高・旧豊北高を統合）
山口県,県立,山口県立田部高等学校,下関市,下関,https://www.tabe-h.ysn21.jp/,,,
山口県,県立,山口県立下関中等教育学校,下関市,下関,https://www.s-chuto.ysn21.jp/,,,中等教育学校（旧下関第一高校）
山口県,市立,下関市立下関商業高等学校,下関市,下関,https://shimosho.ed.jp/,info@shimosho.ed.jp,,
山口県,県立,山口県立宇部高等学校,宇部市,宇部,https://www.ube-h.ysn21.jp/,,,
山口県,県立,山口県立宇部工業高等学校,宇部市,宇部,https://www.ube-t.ysn21.jp/,,,
山口県,県立,山口県立宇部商業高等学校,宇部市,宇部,https://ubesho.jp/,,,
山口県,県立,山口県立宇部中央高等学校,宇部市,宇部,https://www.ubechuo-h.ysn21.jp/,,,
山口県,県立,山口県立小野田高等学校,山陽小野田市,宇部,https://www.onoda-h.ysn21.jp/,,,
山口県,県立,山口県立小野田工業高等学校,山陽小野田市,宇部,https://www.onoda-t.ysn21.jp/,,,
山口県,県立,山口県立厚狭高等学校,山陽小野田市,宇部,https://www.asa-nh.ysn21.jp/,,,
山口県,県立,山口県立美祢青嶺高等学校,美祢市,美祢,https://www.mineseiryo-h.ysn21.jp/,,,
山口県,県立,山口県立山口高等学校,山口市,山口,https://www.yamaguchi-h.ysn21.jp/,,,
山口県,県立,山口県立山口中央高等学校,山口市,山口,https://www.yamaguchichuo-h.ysn21.jp/,sch250@m.ysn21.jp,,
山口県,県立,山口県立山口農業高等学校,山口市,山口,https://www.yamaguchi-a.ysn21.jp/,,,
山口県,県立,山口県立山口農業高等学校西市分校,下関市,下関,https://www.yamaguchi-na.ysn21.jp/,,,山口農業高等学校の分校
山口県,県立,山口県立山口松風館高等学校,山口市,山口,https://www.shofukan-h.ysn21.jp/,,,定時制・通信制
山口県,県立,山口県立西京高等学校,山口市,山口,http://www.saikyo-h.ysn21.jp/,,,
山口県,県立,山口県立防府高等学校,防府市,防府,https://www.hofu-h.ysn21.jp/,,,
山口県,県立,山口県立防府西高等学校,防府市,防府,https://www.hofunishi-h.ysn21.jp/,,,
山口県,県立,山口県立防府商工高等学校,防府市,防府,https://www.hofu-ct.ysn21.jp/,,,
山口県,県立,山口県立岩国高等学校,岩国市,岩国,https://www.iwakuni-h.ysn21.jp/,,,附属中学校設置（2026年4月～）
山口県,県立,山口県立岩国高等学校広瀬分校,岩国市,岩国,https://www.iwakuni-hh.ysn21.jp/,,,2027年3月閉校予定
山口県,県立,山口県立岩国工業高等学校,岩国市,岩国,https://www.iwakuni-t.ysn21.jp/,,,
山口県,県立,山口県立岩国商業高等学校,岩国市,岩国,https://www.iwakuni-c.ysn21.jp/,,,
山口県,県立,山口県立岩国総合高等学校,岩国市,岩国,,,,総合学科（2000年改称）TEL:0827-31-6155
山口県,県立,山口県立柳井高等学校（新）,柳井市,柳井,https://www.yanai-h.ysn21.jp/,,,2026年4月開校（旧柳井・旧柳井商工・旧熊毛南・旧熊毛北・旧田布施農工を再編統合）
山口県,県立,山口県立田布施農工高等学校（新）,熊毛郡田布施町,柳井,https://www.tabuse-at.ysn21.jp/,,,2026年4月開校（旧5校再編統合）
山口県,県立,山口県立光高等学校,光市,柳井,https://www.hikari-h.ysn21.jp/,,,
山口県,県立,山口県立徳山高等学校,周南市,周南,http://www.tokuyama-h.ysn21.jp/,,,
山口県,県立,山口県立徳山商工高等学校,周南市,周南,https://www.tokuyama-ct.ysn21.jp/,,,
山口県,県立,山口県立南陽工業高等学校,周南市,周南,https://www.nanyo-t.ysn21.jp/,,,
山口県,県立,山口県立新南陽高等学校,周南市,周南,https://www.sinnanyo-h.ysn21.jp/,,,
山口県,県立,山口県立下松高等学校,下松市,下松,https://www.kudamatsu-h.ysn21.jp/,,,
山口県,県立,山口県立下松工業高等学校,下松市,下松,https://www.kudamatsu-t.ysn21.jp/,,,
山口県,県立,山口県立萩高等学校,萩市,萩,https://www.hagi-h.ysn21.jp/,,,
山口県,県立,山口県立萩商工高等学校,萩市,萩,https://www.hagi-ct.ysn21.jp/,,,
山口県,県立,山口県立大津緑洋高等学校,長門市,長門,https://www.ohtsuryokuyou-h.ysn21.jp/,,,長門市・萩市にまたがるキャンパス
山口県,県立,山口県立周防大島高等学校,大島郡周防大島町,柳井,https://www.suo-oshima-h.ysn21.jp/,,,2026年4月より山口県立大学附属高校として運営
山口県,私立,早鞆高等学校,下関市,下関,https://www.hayatomo.ac.jp/,,,
山口県,私立,梅光学院高等学校,下関市,下関,https://www.baiko.ac.jp/highschool/,soumu@baiko.ac.jp,,
山口県,私立,下関国際高等学校,下関市,下関,https://www.shiboyama.ac.jp/,info@shiboyama.ac.jp,,
山口県,私立,サビエル高等学校,山陽小野田市,宇部,https://xavier.ed.jp/,info@xavier.ed.jp,,
山口県,私立,宇部鴻城高等学校,宇部市,宇部,https://www.ubekojo-h.ed.jp/,,https://www.ubekojo-h.ed.jp/contact/,
山口県,私立,宇部フロンティア大学付属香川高等学校,宇部市,宇部,https://www.kagawa-h.ed.jp/,,https://www.kagawa-h.ed.jp/page-contact/,
山口県,私立,慶進高等学校,宇部市,宇部,https://www.keishin-ug.ed.jp/,,,
山口県,私立,山口県鴻城高等学校,山口市,山口,https://www.y-kojohs.jp/,info-yamaguchi@kojogijuku.com,https://www.y-kojohs.jp/contact/,
山口県,私立,野田学園高等学校,山口市,山口,https://www.nodagakuen.ed.jp/,,https://www.nodagakuen.ed.jp/contact/,
山口県,私立,誠英高等学校,防府市,防府,https://seiei.ac.jp/,,https://seiei.ac.jp/contact,
山口県,私立,高川学園高等学校,防府市,防府,https://takagawagakuen.com/,,,
山口県,私立,高水高等学校,岩国市,岩国,https://www.takamizu.ed.jp/,,https://www.takamizu.ed.jp/contact/,
山口県,私立,松陰高等学校,岩国市,岩国,https://sho-in.ed.jp/,,https://sho-in.ed.jp/inquiry/,通信制高校
山口県,私立,柳井学園高等学校,柳井市,柳井,https://yanai-g.ed.jp/,gakuen@yanai-g.ed.jp,,
山口県,私立,聖光高等学校,光市,柳井,https://www.seiko-h.ed.jp/,t-seiko@seiko-h.ed.jp,,
山口県,私立,長門高等学校,長門市,長門,https://nagato.ac.jp/,nagato.hs@nagato.ac.jp,,
徳島県,県立,徳島県立城東高等学校,徳島市,徳島,https://joto-hs.tokushima-ec.ed.jp/,joto_hs@mt.tokushima-ec.ed.jp,,
徳島県,県立,徳島県立城南高等学校,徳島市,徳島,https://jonan-hs.tokushima-ec.ed.jp/,jonan-hs@mt.tokushima-ec.ed.jp,,
徳島県,県立,徳島県立城北高等学校,徳島市,徳島,https://johoku-hs.tokushima-ec.ed.jp/,,,メールアドレス未公開
徳島県,県立,徳島県立城西高等学校,徳島市,徳島,https://josei-hs.tokushima-ec.ed.jp/,josei_hs@mt.tokushima-ec.ed.jp,,農業科・植物活用科設置
徳島県,県立,徳島県立城ノ内中等教育学校,徳島市,徳島,https://johnouchi-ss.tokushima-ec.ed.jp/,johnouchi-ss@mt.tokushima-ec.ed.jp,,2020年開校・中等教育学校
徳島県,県立,徳島県立徳島北高等学校,徳島市,徳島,https://tokushimakita-hs.tokushima-ec.ed.jp/,tokushimakita_hs@mt.tokushima-ec.ed.jp,,
徳島県,県立,徳島県立徳島商業高等学校,徳島市,徳島,https://tokusho.tokushima-ec.ed.jp/,tokusho@mt.tokushima-ec.ed.jp,,
徳島県,県立,徳島県立徳島科学技術高等学校,徳島市,徳島,https://tokushima-hst.tokushima-ec.ed.jp/,tokushima_hst@mt.tokushima-ec.ed.jp,,定時制あり
徳島県,県立,徳島県立徳島中央高等学校,徳島市,徳島,https://tokushimachuo.tokushima-ec.ed.jp/,,,定時制・通信制・三部制
徳島県,市立,徳島市立高等学校,徳島市,徳島,https://www.tokushima-m-hs.ed.jp/,ichikou100@tokushima-m-hs.ed.jp,https://www.city.tokushima.tokushima.jp/cgi-bin/formmail/formmail.cgi?d=552400,
徳島県,県立,徳島県立鳴門高等学校,鳴門市,東部,https://naruto-hs.tokushima-ec.ed.jp/,naruto_hs@mt.tokushima-ec.ed.jp,,
徳島県,県立,徳島県立鳴門渦潮高等学校,鳴門市,東部,https://narutouzushio-hs.tokushima-ec.ed.jp/,narutouzushio_hs@mt.tokushima-ec.ed.jp,,
徳島県,県立,徳島県立板野高等学校,板野郡板野町,東部,https://itano-hs.tokushima-ec.ed.jp/,itano-hs@mt.tokushima-ec.ed.jp,,
徳島県,県立,徳島県立川島中学校・高等学校,吉野川市,東部,https://kawashima-hs.tokushima-ec.ed.jp/,kawashima_hs@mt.tokushima-ec.ed.jp,,中高一貫
徳島県,県立,徳島県立名西高等学校,名西郡石井町,東部,https://myozai-hs.tokushima-ec.ed.jp/,myozai_hs@mt.tokushima-ec.ed.jp,,芸術科・定時制あり
徳島県,県立,徳島県立小松島高等学校,小松島市,東部,https://komatsushima-hs.tokushima-ec.ed.jp/,komatsushima_hs@mt.tokushima-ec.ed.jp,,
徳島県,県立,徳島県立小松島西高等学校,小松島市,東部,https://komatsushimanishi-hs.tokushima-ec.ed.jp/,komatsushimanishi_hs@mt.tokushima-ec.ed.jp,,
徳島県,県立,徳島県立小松島西高等学校勝浦校,勝浦郡勝浦町,東部,https://komatsushimanishi-katsuura.tokushima-ec.ed.jp/,komatsushimanishi_katsuura@mt.tokushima-ec.ed.jp,,小松島西高校のサテライト校
徳島県,県立,徳島県立富岡東高等学校,阿南市,東部,https://tomiokahigashi-hs.tokushima-ec.ed.jp/,tomiokahigashi_hs@mt.tokushima-ec.ed.jp,,中学校併設・定時制あり
徳島県,県立,徳島県立富岡西高等学校,阿南市,東部,https://tomiokanishi-hs.tokushima-ec.ed.jp/,tomiokanishi_hs@mt.tokushima-ec.ed.jp,,SSH指定
徳島県,県立,徳島県立阿南光高等学校,阿南市,東部,https://ananhikari-hs.tokushima-ec.ed.jp/,ananhikari_hs@mt.tokushima-ec.ed.jp,,
徳島県,県立,徳島県立那賀高等学校,那賀郡那賀町,南部,https://naka-hs.tokushima-ec.ed.jp/,naka_hs@mt.tokushima-ec.ed.jp,,
徳島県,県立,徳島県立海部高等学校,海部郡海陽町,南部,https://kaifu-hs.tokushima-ec.ed.jp/,kaifu_hs@mt.tokushima-ec.ed.jp,,
徳島県,県立,徳島県立吉野川高等学校,吉野川市,東部,https://yoshinogawa-hs.tokushima-ec.ed.jp/,yoshinogawa_hs@mt.tokushima-ec.ed.jp,,農業科設置
徳島県,県立,徳島県立阿波高等学校,阿波市,東部,https://awa-hs.tokushima-ec.ed.jp/,awa_hs@mt.tokushima-ec.ed.jp,,
徳島県,県立,徳島県立阿波西高等学校,阿波市,東部,https://awanishi-hs.tokushima-ec.ed.jp/,awanishi_hs@mt.tokushima-ec.ed.jp,,中高一貫
徳島県,県立,徳島県立穴吹高等学校,美馬市,西部,https://anabuki-hs.tokushima-ec.ed.jp/,anabuki_hs@mt.tokushima-ec.ed.jp,,
徳島県,県立,徳島県立脇町高等学校,美馬市,西部,https://wakimachi-hs.tokushima-ec.ed.jp/,wakimachi_hs@mt.tokushima-ec.ed.jp,,
徳島県,県立,徳島県立つるぎ高等学校,美馬郡つるぎ町,西部,https://tsurugi-hs.tokushima-ec.ed.jp/,tsurugi-hs@mt.tokushima-ec.ed.jp,,
徳島県,県立,徳島県立城西高等学校神山校,名西郡神山町,東部,https://joseikamiyama-hs.tokushima-ec.ed.jp/,joseikamiyama_hs@mt.tokushima-ec.ed.jp,,城西高校のサテライト校
徳島県,県立,徳島県立池田高等学校,三好市,西部,https://ikeda-hs.tokushima-ec.ed.jp/,ikeda_hs@mt.tokushima-ec.ed.jp,,
徳島県,県立,徳島県立池田高等学校辻校,三好市,西部,https://ikeda-tsuji.tokushima-ec.ed.jp/,ikeda_tsuji@mt.tokushima-ec.ed.jp,,池田高校のサテライト校
徳島県,県立,徳島県立池田高等学校三好校,三好市,西部,https://ikeda-miyoshi.tokushima-ec.ed.jp/,ikeda_hs_miyoshi@mt.tokushima-ec.ed.jp,,池田高校のサテライト校
徳島県,私立,徳島文理高等学校,徳島市,徳島,https://www.bunri.ed.jp/,koho@bunri.ed.jp,,中高一貫
徳島県,私立,生光学園高等学校,徳島市,徳島,https://www.seikogakuen.ac.jp/senior_home/,,,メールアドレス未確認・要問合せ(088-641-1032)
徳島県,私立,香蘭高等学校,徳島市,徳島,https://kouran-kou.jp/,,,メールアドレス未確認・要問合せ(088-652-5044)
香川県,県立,香川県立高松高等学校,高松市,高松,https://www.kagawa-edu.jp/takah02/,takah01@kagawa-edu.jp,,全日制・定時制・通信制
香川県,県立,香川県立高松東高等学校,高松市,高松,https://www.kagawa-edu.jp/teasth02/,teasth01@kagawa-edu.jp,,
香川県,県立,香川県立高松南高等学校,高松市,高松,https://www.kagawa-edu.jp/minamh02/,minamh01@kagawa-edu.jp,,
香川県,県立,香川県立高松西高等学校,高松市,高松,https://www.kagawa-edu.jp/twesth01/,,,
香川県,県立,香川県立高松北高等学校,高松市,高松,https://www.kagawa-edu.jp/kitah02/,,,
香川県,県立,香川県立高松工芸高等学校,高松市,高松,https://www.kagawa-edu.jp/kogeih02/,,,
香川県,県立,香川県立高松商業高等学校,高松市,高松,https://www.kagawa-edu.jp/takash01/home/,,,
香川県,県立,香川県立高松桜井高等学校,高松市,高松,https://www.kagawa-edu.jp/sakrah01/,,,
香川県,県立,香川県立香川中央高等学校,高松市,高松,https://www.kagawa-edu.jp/kgchuh02/,,,旧香川町（高松市香川町）
香川県,県立,香川県立農業経営高等学校,綾歌郡綾川町,高松,https://www.kagawa-edu.jp/nokeih01/,,,
香川県,市立,高松第一高等学校,高松市,高松,http://www.taka-ichi-h.ed.jp/,ichiko1@taka-ichi-h.ed.jp,,県内唯一の市立高校
香川県,県立,香川県立三本松高等学校,東かがわ市,東部,https://www.kagawa-edu.jp/sankoh01/,,,
香川県,県立,香川県立志度高等学校,さぬき市,東部,https://www.kagawa-edu.jp/shidoh02/,shidoh01@kagawa-edu.jp,,
香川県,県立,香川県立津田高等学校,さぬき市,東部,https://www.kagawa-edu.jp/tsudah02/,,,
香川県,県立,香川県立石田高等学校,さぬき市,東部,https://www.kagawa-edu.jp/isidah02/,isidah01@kagawa-edu.jp,,
香川県,県立,香川県立小豆島中央高等学校,小豆島町,東部,https://www.kagawa-edu.jp/syochuh02/,syochuh01@kagawa-edu.jp,,小豆島
香川県,県立,香川県立丸亀高等学校,丸亀市,中部,https://www.kagawa-edu.jp/marukh02/,,,全日制・通信制
香川県,県立,香川県立丸亀城西高等学校,丸亀市,中部,https://www.kagawa-edu.jp/mjh01/,,,
香川県,県立,香川県立飯山高等学校,丸亀市,中部,https://www.kagawa-edu.jp/hanznh02/,hanznh01@kagawa-edu.jp,,
香川県,県立,香川県立坂出高等学校,坂出市,中部,https://www.kagawa-edu.jp/sakadh02/,,,
香川県,県立,香川県立坂出工業高等学校,坂出市,中部,https://www.kagawa-edu.jp/sakakh02/connect/,,,
香川県,県立,香川県立坂出商業高等学校,坂出市,中部,https://www.kagawa-edu.jp/sakash02/,,,
香川県,県立,香川県立善通寺第一高等学校,善通寺市,中部,https://www.kagawa-edu.jp/zen1h02/,zen1h01@kagawa-edu.jp,,
香川県,県立,香川県立琴平高等学校,仲多度郡琴平町,中部,https://www.kagawa-edu.jp/kohtoh01/,kohtoh02@kagawa-edu.jp,,
香川県,県立,香川県立多度津高等学校,仲多度郡多度津町,中部,https://www.kagawa-edu.jp/takouh01/,,,
香川県,県立,香川県立観音寺第一高等学校,観音寺市,西部,https://www.kagawa-edu.jp/kanich02/,,https://www.kagawa-edu.jp/kanich02/contact,
香川県,県立,香川県立観音寺総合高等学校,観音寺市,西部,https://www.kagawa-edu.jp/kansouh01/,,,
香川県,県立,香川県立高瀬高等学校,三豊市,西部,https://www.kagawa-edu.jp/tkseh02/,,https://www.kagawa-edu.jp/tkseh02/inquiry,メール非公開
香川県,県立,香川県立笠田高等学校,三豊市,西部,https://www.kagawa-edu.jp/kasadh02/,,,
香川県,私立,英明高等学校,高松市,高松,https://www.eimei.ed.jp/,eimei@eimei.ed.jp,,
香川県,私立,高松中央高等学校,高松市,高松,https://www.ta-chuo.ed.jp/,,https://www.ta-chuo.ed.jp/contact/,
香川県,私立,大手前高松高等学校,高松市,高松,https://www.otemae.net/,webmaster@otemaetk.com,,倉田学園
香川県,私立,香川誠陵高等学校,高松市,高松,https://k-seiryo.ed.jp/,,,
香川県,私立,藤井学園寒川高等学校,さぬき市,東部,https://www.sangawa.ed.jp/,sangawa1@sangawa.ed.jp,,
香川県,私立,坂出第一高等学校,坂出市,中部,https://www.sakaide1-h.ed.jp/,mail@sakaide1-h.ed.jp,,
香川県,私立,大手前丸亀高等学校,丸亀市,中部,https://www.otemae.ed.jp/,,https://www.otemae.ed.jp/contact_form/otoiawase.html,
香川県,私立,香川県藤井高等学校,丸亀市,中部,https://www.fujii.ed.jp/fujii/,,,学校法人藤井学園
香川県,私立,尽誠学園高等学校,善通寺市,中部,https://jinsei.ed.jp/,,,
香川県,私立,四国学院大学香川西高等学校,三豊市,西部,https://www.kagawanishikou.com/,mail@kagawanishikou.com,,https://www.kagawanishikou.com/contact
愛媛県,国立,愛媛大学附属高等学校,松山市,中予,https://www.hi.ehime-u.ac.jp/,,,国立大学附属
愛媛県,県立,愛媛県立松山東高等学校,松山市,中予,https://matsuyamahigashi-h.esnet.ed.jp/,,,全日制・通信制設置
愛媛県,県立,愛媛県立松山東高等学校（通信制）,松山市,中予,https://matsuyamahigashi-h-c.esnet.ed.jp/,,,通信制課程
愛媛県,県立,愛媛県立松山南高等学校,松山市,中予,https://matsuyamaminami-h.esnet.ed.jp/,,,砥部分校あり
愛媛県,県立,愛媛県立松山南高等学校砥部分校,砥部町,中予,https://matsuyamaminami-h-b.esnet.ed.jp/,,,デザイン科
愛媛県,県立,愛媛県立松山北高等学校,松山市,中予,https://matsuyamakita-h.esnet.ed.jp/,,,
愛媛県,県立,愛媛県立松山中央高等学校,松山市,中予,https://matsuyamachuo-h.esnet.ed.jp/,,,
愛媛県,県立,愛媛県立松山工業高等学校,松山市,中予,https://matsuyama-th.esnet.ed.jp/,,,定時制あり
愛媛県,県立,愛媛県立松山商業高等学校,松山市,中予,https://matsuyama-ch.esnet.ed.jp/,,,
愛媛県,県立,愛媛県立松山西中等教育学校,松山市,中予,https://matsuyamanishi-s.esnet.ed.jp/,,,中等教育学校
愛媛県,県立,愛媛県立北条高等学校,松山市,中予,https://ehm-hojo-h.esnet.ed.jp/,,,2028年3月末廃校予定（全日制）
愛媛県,県立,愛媛県立北条清新高等学校,松山市,中予,https://hojoseishin-h.esnet.ed.jp/,,,2026年4月開校（昼間二部定時制・通信制）
愛媛県,県立,愛媛県立伊予高等学校,伊予市,中予,https://iyo-h.esnet.ed.jp/,,,
愛媛県,県立,愛媛県立伊予農業高等学校,伊予市,中予,https://iyo-ah.esnet.ed.jp/,,,
愛媛県,県立,愛媛県立東温高等学校,東温市,中予,https://tohon-h.esnet.ed.jp/,,,
愛媛県,県立,愛媛県立上浮穴高等学校,久万高原町,中予,https://kamiukena-h.esnet.ed.jp/,,,
愛媛県,県立,愛媛県立川之江高等学校,四国中央市,東予,https://kawanoe-h.esnet.ed.jp/,,,
愛媛県,県立,愛媛県立三島高等学校,四国中央市,東予,https://ehm-mishima-h.esnet.ed.jp/,,,
愛媛県,県立,愛媛県立土居高等学校,四国中央市,東予,https://doi-h.esnet.ed.jp/,,,
愛媛県,県立,愛媛県立新居浜東高等学校,新居浜市,東予,https://niihamahigashi-h.esnet.ed.jp/,,,
愛媛県,県立,愛媛県立新居浜西高等学校,新居浜市,東予,https://niihamanishi-h.esnet.ed.jp/,,,定時制あり
愛媛県,県立,愛媛県立新居浜南高等学校,新居浜市,東予,https://niihamaminami-h.esnet.ed.jp/,,,
愛媛県,県立,愛媛県立新居浜工業高等学校,新居浜市,東予,https://niihama-th.esnet.ed.jp/,,,
愛媛県,県立,愛媛県立西条高等学校,西条市,東予,https://saijo-h.esnet.ed.jp/,,,
愛媛県,県立,愛媛県立西条農業高等学校,西条市,東予,https://ehm-saijo-ah.esnet.ed.jp/,,,
愛媛県,県立,愛媛県立小松高等学校,西条市,東予,https://ehm-komatsu-h.esnet.ed.jp/,,,令和8年度に東予総合高校と統合予定
愛媛県,県立,愛媛県立丹原高等学校,西条市,東予,https://tambara-h.esnet.ed.jp/,,,令和8年度に東予総合高校と統合予定
愛媛県,県立,愛媛県立東予高等学校,西条市,東予,https://toyo-h.esnet.ed.jp/,,,令和8年度に東予総合高校と統合予定
愛媛県,県立,愛媛県立東予総合高等学校,西条市,東予,https://toyosogo-h.esnet.ed.jp/,,,令和8年度新設（統合後）
愛媛県,県立,愛媛県立今治西高等学校,今治市,東予,https://imabarinishi-h.esnet.ed.jp/,,,定時制あり
愛媛県,県立,愛媛県立今治西高等学校伯方分校,今治市,東予,https://ehm-hakata-h.esnet.ed.jp/,,,令和8年度よりしまなみ高校伯方キャンパス
愛媛県,県立,愛媛県立今治北高等学校,今治市,東予,https://imabarikita-h.esnet.ed.jp/,,,
愛媛県,県立,愛媛県立今治北高等学校大三島分校,今治市,東予,https://ohmishima-h.esnet.ed.jp/,,,令和8年度よりしまなみ高校大三島キャンパス
愛媛県,県立,愛媛県立今治南高等学校,今治市,東予,https://imabariminami-h.esnet.ed.jp/,,,
愛媛県,県立,愛媛県立今治工業高等学校,今治市,東予,https://imabari-th.esnet.ed.jp/,,,
愛媛県,県立,愛媛県立今治東中等教育学校,今治市,東予,https://imabarihigashi-s.esnet.ed.jp/,,,中等教育学校
愛媛県,県立,愛媛県立弓削高等学校,上島町,東予,https://ehm-yuge-h.esnet.ed.jp/,,,越智郡上島町
愛媛県,県立,愛媛県立しまなみ高等学校,今治市,東予,https://shimanami-h.esnet.ed.jp/,,,令和8年度新設（統合後）
愛媛県,県立,愛媛県立大洲高等学校,大洲市,南予,https://ehm-ohzu-h.esnet.ed.jp/,,,
愛媛県,県立,愛媛県立大洲農業高等学校,大洲市,南予,https://ohzu-ah.esnet.ed.jp/,,,令和8年度に大洲高校と統合予定
愛媛県,県立,愛媛県立内子高等学校,内子町,南予,https://uchiko-h.esnet.ed.jp/,,,喜多郡内子町
愛媛県,県立,愛媛県立野村高等学校,西予市,南予,https://nomura-h.esnet.ed.jp/,,,
愛媛県,県立,愛媛県立八幡浜高等学校,八幡浜市,南予,https://yawatahama-h.esnet.ed.jp/,,,
愛媛県,県立,愛媛県立八幡浜工業高等学校,八幡浜市,南予,https://yawatahama-th.esnet.ed.jp/,,,
愛媛県,県立,愛媛県立宇和高等学校,西予市,南予,https://uwa-h.esnet.ed.jp/,,,
愛媛県,県立,愛媛県立三崎高等学校,伊方町,南予,https://ehm-misaki-h.esnet.ed.jp/,,,西宇和郡伊方町
愛媛県,県立,愛媛県立吉田高等学校,宇和島市,南予,https://ehm-yoshida-h.esnet.ed.jp/,,,
愛媛県,県立,愛媛県立宇和島東高等学校,宇和島市,南予,https://uwajimahigashi-h.esnet.ed.jp/,,,定時制あり
愛媛県,県立,愛媛県立宇和島東高等学校津島分校,宇和島市,南予,https://ehm-tsushima-h.esnet.ed.jp/,,,令和7年度より本校統合
愛媛県,県立,愛媛県立宇和島水産高等学校,宇和島市,南予,https://uwajimasuisan-h.esnet.ed.jp/,,,
愛媛県,県立,愛媛県立宇和島南中等教育学校,宇和島市,南予,https://uwajimaminami-h.esnet.ed.jp/,,,中等教育学校
愛媛県,県立,愛媛県立北宇和高等学校,宇和島市,南予,https://kitauwa-h.esnet.ed.jp/,,,
愛媛県,県立,愛媛県立北宇和高等学校三間分校,宇和島市,南予,https://mima-h.esnet.ed.jp/,,,
愛媛県,私立,愛光中学校・高等学校,松山市,中予,https://www.aiko.ed.jp/,,https://www.aiko.ed.jp/contact/,
愛媛県,私立,済美高等学校,松山市,中予,https://www.saibi.ac.jp/,,https://www.saibi.ac.jp/contact/contact/,入試問い合わせ: nyuusika@saibi.ac.jp
愛媛県,私立,済美平成中等教育学校,松山市,中予,https://www.saibi-heisei.ed.jp/,,https://www.saibi-heisei.ed.jp/contact/,中等教育学校（後期課程）
愛媛県,私立,新田高等学校,松山市,中予,https://www.nitta.ac.jp/,,https://www.nitta.ac.jp/request/,
愛媛県,私立,松山聖陵高等学校,松山市,中予,https://matsuyamaseiryo-h.ed.jp/,,,
愛媛県,私立,松山学院高等学校,松山市,中予,https://mg-h.ed.jp/,,https://mg-h.ed.jp/form/contact/,旧・松山城南高校（2021年改称）
愛媛県,私立,聖カタリナ学園高等学校,松山市,中予,https://catalina.ed.jp/,,https://catalina.ed.jp/contact/,
愛媛県,私立,今治精華高等学校,今治市,東予,https://highschool.imabariseika.ac.jp/,mail@imabariseika.ac.jp,https://highschool.imabariseika.ac.jp/contact/,通信制課程も設置
愛媛県,私立,帝京第五高等学校,大洲市,南予,https://www.ntu.ac.jp/teikyo5/,teikyo5@teikyo5-h.ed.jp,https://www.ntu.ac.jp/teikyo5/contact/,
愛媛県,私立,新田青雲中等教育学校,松山市,中予,https://www.nitta-seiun.ed.jp/,,,中等教育学校（後期課程）
高知県,県立,高知県立高知追手前高等学校,高知市,高知,https://tokeidai.jpn.org/,otemaehs@g.kochinet.ed.jp,,
高知県,県立,高知県立高知小津高等学校,高知市,高知,https://www.kochinet.ed.jp/ozu-h/,,,メールアドレス未確認
高知県,県立,高知県立高知丸の内高等学校,高知市,高知,https://kmarunouchi.ed.jp/,,,メールアドレス未確認
高知県,県立,高知県立高知東高等学校,高知市,高知,https://www.kochinet.ed.jp/higashi-h/,higashi-h@g.kochinet.ed.jp,,
高知県,県立,高知県立高知工業高等学校,高知市,高知,https://sites.google.com/g.kochinet.ed.jp/kochikogyo-h/,kochikogyo-h@g.kochinet.ed.jp,,
高知県,県立,高知県立春野高等学校,高知市,高知,https://www.kochinet.ed.jp/haruno-h/,haruno-hs@g.kochinet.ed.jp,,令和5年12月メールアドレス変更
高知県,県立,高知県立高知北高等学校,高知市,高知,https://sites.google.com/g.kochinet.ed.jp/kochikitatop/home,320231@ken.pref.kochi.lg.jp,,通信制課程あり
高知県,県立,高知県立高知国際中学校・高等学校,高知市,高知,https://sites.google.com/g.kochinet.ed.jp/kokusai-jh,kokusai-jh@kochinet.ed.jp,,令和3年4月開校・中高一貫
高知県,県立,高知県立高知農業高等学校,南国市,高知,https://www.kochinet.ed.jp/nogyo-h/,nogyo-h@g.kochinet.ed.jp,,
高知県,県立,高知県立高知東工業高等学校,南国市,高知,https://sites.google.com/g.kochinet.ed.jp/khths/,kochihigashikogyo-h@g.kochinet.ed.jp,,
高知県,県立,高知県立岡豊高等学校,南国市,高知,https://sites.google.com/g.kochinet.ed.jp/oko-hs,320141@g.kochinet.ed.jp,,
高知県,県立,高知県立高知追手前高等学校吾北分校,吾川郡いの町,中央,https://www.kochinet.ed.jp/gohoku-h/mt/,,,高知追手前高等学校の分校
高知県,県立,高知県立伊野商業高等学校,吾川郡いの町,中央,https://www.inosho-hs.jp/,inosho-h@kochinet.ed.jp,,
高知県,県立,高知県立高岡高等学校,土佐市,中央,https://www.kochinet.ed.jp/takaoka-h/,,,メールアドレス未確認
高知県,県立,高知県立高知海洋高等学校,須崎市,中央,https://sites.google.com/g.kochinet.ed.jp/kaiyo,320144@ken.pref.kochi.lg.jp,,
高知県,県立,高知県立須崎総合高等学校,須崎市,中央,https://www.kochinet.ed.jp/susakisogo-h/,320148@ken.pref.kochi.lg.jp,,平成31年開校
高知県,県立,高知県立嶺北高等学校,長岡郡本山町,中央,https://www.kochinet.ed.jp/reihoku-h/mt/,reihoku-h@kochinet.ed.jp,,
高知県,県立,高知県立佐川高等学校,高岡郡佐川町,中央,https://sites.google.com/g.kochinet.ed.jp/sakawa-h,320114@ken.pref.kochi.lg.jp,,
高知県,県立,高知県立窪川高等学校,高岡郡四万十町,中央,https://www.kochi-kubokawa.jp/,320118@ken.pref.kochi.lg.jp,,
高知県,県立,高知県立檮原高等学校,高岡郡梼原町,中央,https://www.kochinet.ed.jp/yusuhara-h/,yusuhara-h@kochinet.ed.jp,,
高知県,県立,高知県立山田高等学校,香美市,安芸,https://www.kochinet.ed.jp/yamada-h/,320106@ken.pref.kochi.lg.jp,,
高知県,県立,高知県立中芸高等学校,安芸郡田野町,安芸,https://www.kochinet.ed.jp/chugei-h/,chugei-h@kochinet.ed.jp,,
高知県,県立,高知県立安芸中学校・高等学校,安芸市,安芸,https://sites.google.com/g.kochinet.ed.jp/aki-jh/,kenaki-jh@kochinet.ed.jp,,令和5年4月開校・中高一貫（旧安芸高校・安芸桜ケ丘高校統合）
高知県,県立,高知県立室戸高等学校,室戸市,安芸,https://www.kochinet.ed.jp/muroto-h/,,,メールアドレス未確認
高知県,県立,高知県立四万十高等学校,高岡郡四万十町,幡多,https://sites.google.com/g.kochinet.ed.jp/shimanto-h,,,メールアドレス未確認
高知県,県立,高知県立大方高等学校,幡多郡黒潮町,幡多,https://sites.google.com/g.kochinet.ed.jp/ogata-h/,ogata-h@kochinet.ed.jp,,通信制課程あり
高知県,県立,高知県立幡多農業高等学校,四万十市,幡多,https://sites.google.com/g.kochinet.ed.jp/hatanogyo-h,,,メールアドレス未確認
高知県,県立,高知県立中村中学校・高等学校,四万十市,幡多,https://www.kochinet.ed.jp/kennakamura-jh/mt/kou/index.html,,,中高一貫
高知県,県立,高知県立中村高等学校西土佐分校,四万十市（西土佐地区）,幡多,https://sites.google.com/g.kochinet.ed.jp/nishitosa-h,,,中村高等学校の分校
高知県,県立,高知県立宿毛高等学校,宿毛市,幡多,https://sites.google.com/g.kochinet.ed.jp/sukumo-h/,sukumo-h@kochinet.ed.jp,,
高知県,県立,高知県立宿毛工業高等学校,宿毛市,幡多,https://www.kochinet.ed.jp/sukumokogyo-h/,320127@ken.pref.kochi.lg.jp,,
高知県,県立,高知県立清水高等学校,土佐清水市,幡多,https://sites.google.com/g.kochinet.ed.jp/shimizu-h/,,,メールアドレス未確認
高知県,市立,高知市立高知商業高等学校,高知市,高知,https://www.city.kochi.kochi.jp/deeps/88/kochisho-h/,kochisho-h@city.kochi.lg.jp,https://www.city.kochi.kochi.jp/deeps/88/kochisho-h/qa/index.html,高知県唯一の市立高校・全日制・定時制あり
高知県,私立,土佐中学校・高等学校,高知市,高知,https://www.tosa.ed.jp/,tosa@tosa.ed.jp,,
高知県,私立,土佐女子中学高等学校,高知市,高知,https://www.tosajoshi-jh.ed.jp/,orange@tosajoshi-jh.ed.jp,https://tosajoshi-jh.ed.jp/inquire.cgi?send=briefing,
高知県,私立,高知学芸中学高等学校,高知市,高知,https://www.kochi-gakugei.ed.jp/,gakugei@kochi-gakugei.ed.jp,http://www.kochi-gakugei.ed.jp/page.html?id=9,広報担当:koho@kochi-gakugei.ed.jp
高知県,私立,土佐塾中学・高等学校,高知市,高知,https://www.tosajuku.ed.jp/,koho@tosajuku.ed.jp,,
高知県,私立,高知中学高等学校,高知市,高知,https://www.kochigakuen.jp/,kochi-h@kochigakuen.jp,,学校法人高知学園
高知県,私立,高知中央高等学校,高知市,高知,https://www.kochi-chuo.ed.jp/,info@kochi-chuo.ed.jp,,
高知県,私立,太平洋学園高等学校,高知市,高知,https://www.taiheiyo.ed.jp/,taiheiyo@taiheiyo.ed.jp,,定時制・通信制課程
高知県,私立,明徳義塾中学・高等学校,土佐市,中央,https://www.meitoku-gijuku.ed.jp/,info@meitoku-gijuku.ed.jp,,堂ノ浦キャンパス（須崎市）・竜国際キャンパス（土佐市）
高知県,私立,清和女子中高等学校,南国市,高知,https://seiwa-girl.ed.jp/,,,2026年度末閉校予定（2024年度から新入生募集停止）
福岡県,県立,福岡県立修猷館高等学校,福岡市早良区,福岡,https://shuyu.fku.ed.jp/,,,普通科・理数科
福岡県,県立,福岡県立城南高等学校,福岡市城南区,福岡,https://jonan.fku.ed.jp/,,,普通科
福岡県,県立,福岡県立筑紫丘高等学校,福岡市南区,福岡,https://chikushigaoka.fku.ed.jp/,,,普通科・理数科
福岡県,県立,福岡県立福岡高等学校,福岡市中央区,福岡,https://fukuoka.fku.ed.jp/,,,普通科
福岡県,県立,福岡県立福岡中央高等学校,福岡市中央区,福岡,https://fchs.fku.ed.jp/,,,普通科
福岡県,県立,福岡県立早良高等学校,福岡市早良区,福岡,https://sawara.fku.ed.jp/,,,普通科
福岡県,県立,福岡県立筑前高等学校,福岡市西区,福岡,https://chikuzen.fku.ed.jp/,,,普通科
福岡県,県立,福岡県立福岡講倫館高等学校,福岡市西区,福岡,https://kourin.fku.ed.jp/,,,総合学科（旧今宿高校）
福岡県,県立,福岡県立福岡工業高等学校,福岡市城南区,福岡,https://fths.fku.ed.jp/,,,工業科
福岡県,県立,福岡県立香椎高等学校,福岡市東区,福岡,https://kashii.fku.ed.jp/,,,普通科
福岡県,県立,福岡県立香椎工業高等学校,福岡市東区,福岡,https://kashii-tech.fku.ed.jp/,,,工業科
福岡県,県立,福岡県立福岡農業高等学校,福岡市西区,福岡,https://fukuoka-agr.fku.ed.jp/,,,農業科
福岡県,県立,福岡県立玄洋高等学校,福岡市西区,福岡,https://genyo.fku.ed.jp/,,,普通科
福岡県,県立,福岡県立魁誠高等学校,福岡市東区,福岡,https://kaisei.fku.ed.jp/,,,普通科
福岡県,県立,福岡県立香住丘高等学校,福岡市東区,糟屋,https://kasumigaoka.fku.ed.jp/,,,普通科
福岡県,県立,福岡県立新宮高等学校,糟屋郡新宮町,糟屋,https://shingu.fku.ed.jp/,,,普通科
福岡県,県立,福岡県立春日高等学校,春日市,筑紫,https://kasuga.fku.ed.jp/,,,普通科
福岡県,県立,福岡県立筑紫高等学校,太宰府市,筑紫,https://chikushi.fku.ed.jp/,,,普通科
福岡県,県立,福岡県立筑紫中央高等学校,筑紫野市,筑紫,https://chikushichuo.fku.ed.jp/,,https://chikushichuo.fku.ed.jp/contact/,総合学科
福岡県,県立,福岡県立宗像高等学校,宗像市,宗像,https://munakata.fku.ed.jp/,,,普通科
福岡県,県立,福岡県立宗像中学校・高等学校,宗像市,宗像,https://munakata-jh.fku.ed.jp/,,,中高一貫（中等教育学校）
福岡県,県立,福岡県立水産高等学校,糸島市,糸島,https://suisan.fku.ed.jp/,,,水産科
福岡県,県立,福岡県立糸島高等学校,糸島市,糸島,https://itoshima.fku.ed.jp/,,,普通科
福岡県,県立,福岡県立糸島農業高等学校,糸島市,糸島,https://itoshima-ah.fku.ed.jp/,,,農業科
福岡県,県立,福岡県立朝倉高等学校,朝倉市,朝倉,https://asakura-highschool.ed.jp/,,,普通科
福岡県,県立,福岡県立朝倉東高等学校,朝倉市,朝倉,https://asakurahigashi.fku.ed.jp/,,,農業科
福岡県,県立,福岡県立朝倉光陽高等学校,朝倉市,朝倉,https://asakurakoyo.jp/,,,農業・福祉科（旧朝倉農業・三輪農業統合）
福岡県,県立,福岡県立浮羽究真館高等学校,うきは市,朝倉,https://kyushin.fku.ed.jp/,,,総合学科（旧浮羽・浮羽商業統合）
福岡県,県立,福岡県立明善高等学校,久留米市,筑後,https://meizen.fku.ed.jp/,,,普通科・理数科
福岡県,県立,福岡県立久留米高等学校,久留米市,筑後,https://kurume.fku.ed.jp/,,,普通科
福岡県,県立,福岡県立久留米筑水高等学校,久留米市,筑後,https://kurumechikusui.fku.ed.jp/,,,農業・福祉科
福岡県,県立,福岡県立浮羽工業高等学校,久留米市,筑後,https://ukiha-tech.jp/,,,工業科（田主丸町）
福岡県,県立,福岡県立三潴高等学校,久留米市,筑後,https://mizuma.fku.ed.jp/,,,普通科
福岡県,県立,福岡県立小郡高等学校,小郡市,筑後,https://ogori.fku.ed.jp/,,,普通科
福岡県,県立,福岡県立筑後高等学校,筑後市,筑後,https://chikugo.fku.ed.jp/,,,普通科（URLは未確認）
福岡県,県立,福岡県立八女高等学校,八女市,筑後,https://yame.fku.ed.jp/,,,普通科
福岡県,県立,福岡県立八女工業高等学校,八女市,筑後,https://yameth.fku.ed.jp/,,,工業科
福岡県,県立,福岡県立柳川高等学校,柳川市,筑後,https://www.yanagawa.ed.jp/,,,普通科
福岡県,県立,福岡県立伝習館高等学校,柳川市,筑後,https://denshukan.fku.ed.jp/,,,普通科
福岡県,県立,福岡県立山門高等学校,柳川市,筑後,https://yamato.fku.ed.jp/,,,普通科
福岡県,県立,福岡県立三池高等学校,大牟田市,筑後,https://miike.fku.ed.jp/,,,普通科
福岡県,県立,福岡県立三池工業高等学校,大牟田市,筑後,https://miike-tech.fku.ed.jp/,,,工業科
福岡県,県立,福岡県立大牟田北高等学校,大牟田市,筑後,https://omutakita.fku.ed.jp/,,,総合学科（単位制）
福岡県,県立,ありあけ新世高等学校,大牟田市,筑後,https://ariakeshinsei.fku.ed.jp/,,,総合学科（旧大牟田高校等統合）
福岡県,県立,福岡県立大川樟風高等学校,大川市,筑後,https://shofu.fku.ed.jp/,,,普通科（旧大川高校・大川工業統合）
福岡県,県立,福岡県立嘉穂高等学校,飯塚市,嘉飯,https://kaho.ed.jp/,,,普通科・理数科
福岡県,県立,福岡県立嘉穂総合高等学校,飯塚市,嘉飯,https://kahosogo.fku.ed.jp/,,,総合学科
福岡県,県立,福岡県立嘉穂東高等学校,嘉麻市,嘉飯,https://kahohigashi.fku.ed.jp/,,,普通科
福岡県,県立,福岡県立直方高等学校,直方市,嘉飯,https://nogata.fku.ed.jp/,,,普通科
福岡県,県立,福岡県立筑豊高等学校,直方市,嘉飯,https://chikuho.fku.ed.jp/,,,商業科
福岡県,県立,福岡県立鞍手高等学校,鞍手郡鞍手町,嘉飯,https://kurate.fku.ed.jp/,,,普通科
福岡県,県立,福岡県立鞍手竜徳高等学校,宮若市,嘉飯,https://kurateryutoku.fku.ed.jp/,,https://kurateryutoku.fku.ed.jp/%E3%81%8A%E5%95%8F%E3%81%84%E5%90%88%E3%82%8F%E3%81%9B/,総合学科
福岡県,県立,福岡県立稲築志耕館高等学校,嘉麻市,嘉飯,https://shikoukan.fku.ed.jp/,,,総合学科
福岡県,県立,福岡県立田川高等学校,田川市,嘉飯,https://tagawa.fku.ed.jp/,,,普通科
福岡県,県立,福岡県立田川科学技術高等学校,田川市,嘉飯,https://tagawakagaku.fku.ed.jp/,,,工業科
福岡県,県立,福岡県立折尾高等学校,北九州市八幡西区,北九州,https://orio.fku.ed.jp/,,,商業・家庭科
福岡県,県立,福岡県立中間高等学校,中間市,北九州,https://nakama.fku.ed.jp/,,,普通科
福岡県,県立,福岡県立小倉高等学校,北九州市小倉北区,北九州,https://kokura.fku.ed.jp/,,,普通科・理数科
福岡県,県立,福岡県立東筑高等学校,北九州市八幡西区,北九州,https://tochiku.fku.ed.jp/,,,普通科・理数科
福岡県,県立,福岡県立小倉南高等学校,北九州市小倉南区,北九州,https://kokuraminami.fku.ed.jp/,,,普通科
福岡県,県立,福岡県立小倉東高等学校,北九州市小倉南区,北九州,https://kokurahigashi.fku.ed.jp/,,,普通科
福岡県,県立,福岡県立小倉西高等学校,北九州市小倉北区,北九州,https://kokuranishi.fku.ed.jp/,,,普通科
福岡県,県立,福岡県立小倉工業高等学校,北九州市小倉北区,北九州,https://kokura-th.fku.ed.jp/,,,工業科
福岡県,県立,福岡県立小倉商業高等学校,北九州市小倉南区,北九州,https://kokura-ch.fku.ed.jp/,,,商業科
福岡県,県立,福岡県立高稜高等学校,北九州市若松区,北九州,https://koryo.fku.ed.jp/,,,普通科
福岡県,県立,福岡県立曽根高等学校,北九州市小倉南区,北九州,https://sone.fku.ed.jp/,,,普通科
福岡県,県立,福岡県立北九州高等学校,北九州市八幡西区,北九州,https://kitakyushu.fku.ed.jp/,,,普通科（定時制）
福岡県,県立,福岡県立北九州高等学園,北九州市八幡西区,北九州,https://hokugaku.fku.ed.jp/,,,知的障害特別支援
福岡県,県立,福岡県立戸畑高等学校,北九州市戸畑区,北九州,https://tobata.fku.ed.jp/,,,普通科
福岡県,県立,福岡県立戸畑工業高等学校,北九州市戸畑区,北九州,https://tobata-tech.fku.ed.jp/,,,工業科
福岡県,県立,福岡県立八幡高等学校,北九州市八幡東区,北九州,https://yahata.fku.ed.jp/,,,普通科
福岡県,県立,福岡県立八幡南高等学校,北九州市八幡西区,北九州,https://yahataminami.fku.ed.jp/,,,普通科
福岡県,県立,福岡県立八幡工業高等学校,北九州市八幡東区,北九州,https://yahata-tech.fku.ed.jp/,,,工業科
福岡県,県立,福岡県立八幡中央高等学校,北九州市八幡西区,北九州,https://yahatachuo.fku.ed.jp/,,,普通科
福岡県,県立,福岡県立若松高等学校,北九州市若松区,北九州,https://wakamatu.fku.ed.jp/,,,普通科
福岡県,県立,福岡県立北筑高等学校,北九州市八幡西区,北九州,https://hokuchiku.fku.ed.jp/,,,普通科
福岡県,県立,福岡県立門司学園中学校・高等学校,北九州市門司区,北九州,https://mojigakuen.fku.ed.jp/,,,中高一貫（中等教育学校）
福岡県,県立,福岡県立育徳館中学校・高等学校,京都郡みやこ町,北九州,https://ikutoku-h.fku.ed.jp/,,,中高一貫（旧豊津高校）
福岡県,県立,福岡県立行橋高等学校,行橋市,北九州,https://yukuhashi.fku.ed.jp/,,,普通科
福岡県,県立,福岡県立京都高等学校,京都郡苅田町,北九州,https://miyako.fku.ed.jp/,,,普通科・工業科
福岡県,市立,北九州市立高等学校,北九州市戸畑区,北九州,https://ichiko-ed.jp/,,,普通科（北九州市立）
福岡県,市立,福岡市立福岡西陵高等学校,福岡市西区,福岡,https://sites.google.com/fuku-c.ed.jp/fukuokaseiryou/,,,普通科（福岡市立）
福岡県,市立,久留米市立久留米商業高等学校,久留米市,筑後,https://kyusho.kurume.ed.jp/,,,商業科（久留米市立）
福岡県,私立,筑紫女学園高等学校,福岡市中央区,福岡,https://chikujo.ed.jp/,,,女子校・仏教系
福岡県,私立,福岡女学院高等学校,福岡市南区,福岡,https://www.fukujo.ac.jp/high/,,,女子校・キリスト教系
福岡県,私立,福岡雙葉高等学校,福岡市中央区,福岡,https://www.fukuokafutaba.ed.jp/highschool/,,,女子校・カトリック系
福岡県,私立,精華女子高等学校,福岡市博多区,福岡,https://www.seika-ghs.ed.jp/,,,女子校
福岡県,私立,上智福岡高等学校,福岡市中央区,福岡,https://www.sophia-fukuoka.ed.jp/,,,共学・カトリック系
福岡県,私立,福岡大学附属大濠高等学校,福岡市中央区,福岡,https://www.ohori.ed.jp/,,,共学
福岡県,私立,福岡大学附属若葉高等学校,福岡市中央区,福岡,https://www.f-wakaba.ed.jp/,,,男子校
福岡県,私立,西南学院高等学校,福岡市早良区,福岡,https://hs.seinan.ed.jp/,,,男子校・キリスト教系
福岡県,私立,東福岡高等学校,福岡市博多区,福岡,https://www.higashifukuoka.ed.jp/,,,男子校
福岡県,私立,中村学園女子高等学校,福岡市城南区,福岡,https://www.nakamura-njh.ed.jp/,,,女子校（2026年共学化）
福岡県,私立,純真高等学校,福岡市南区,福岡,https://junshin-hs.ed.jp/,,,共学
福岡県,私立,福岡海星女子学院高等学校,福岡市南区,福岡,https://www.f-kaisei.ed.jp/senior/,,,女子校
福岡県,私立,福岡舞鶴高等学校,福岡市中央区,福岡,https://fmaizuru.ed.jp/,,,女子校
福岡県,私立,博多女子高等学校,福岡市博多区,福岡,https://www.ghakata.ac.jp/sh/,,,女子校
福岡県,私立,九州産業大学附属九州高等学校,福岡市東区,福岡,https://www.kyusanfhs.ed.jp/,,,共学
福岡県,私立,九州産業大学附属九州産業高等学校,福岡市東区,福岡,https://www.kyusan-hs.ed.jp/,,,共学（工業系）
福岡県,私立,福岡第一高等学校,福岡市東区,福岡,https://f.f-parama.ed.jp/,,,共学
福岡県,私立,福岡工業大学附属城東高等学校,福岡市東区,福岡,https://www.fjk.ed.jp/,,,共学
福岡県,私立,福岡常葉高等学校,福岡市南区,福岡,https://www.fukuoka-tokoha.ed.jp/,,,共学
福岡県,私立,西日本短期大学附属高等学校,福岡市城南区,福岡,https://www.nishitan-high.ed.jp/,,,共学
福岡県,私立,中村学園三陽高等学校,福岡市城南区,福岡,https://www.sanyo-hs.ed.jp/,,,共学
福岡県,私立,筑陽学園高等学校,太宰府市,筑紫,https://www.chikuyo.ed.jp/,,,共学
福岡県,私立,太宰府高等学校,太宰府市,筑紫,https://www.dazaifu-hs.ed.jp/,,,共学
福岡県,私立,筑紫台高等学校,春日市,筑紫,https://chikushidai.ed.jp/,,,共学
福岡県,私立,希望が丘高等学校,糟屋郡宇美町,糟屋,https://www.kibougaoka.ed.jp/,,,共学
福岡県,私立,東海大学付属福岡高等学校,宗像市,宗像,https://www.fukuoka.tokai.ed.jp/,,https://www.fukuoka.tokai.ed.jp/contact/,共学
福岡県,私立,九州国際大学付属高等学校,北九州市八幡西区,北九州,https://www.kyukoku.ed.jp/,,,共学
福岡県,私立,西南女学院高等学校,北九州市小倉北区,北九州,https://www.seinan-jogakuin.jp/,,,女子校
福岡県,私立,明治学園高等学校,北九州市戸畑区,北九州,https://meijigakuen.ed.jp/jsh/,,,共学
福岡県,私立,自由ケ丘高等学校,北九州市八幡西区,北九州,https://www.jiyugaoka-hs.ed.jp/,,,男子校
福岡県,私立,折尾愛真高等学校,北九州市八幡西区,北九州,https://www.orioaishin.ac.jp/hs/,,,共学
福岡県,私立,東筑紫学園高等学校,北九州市小倉北区,北九州,https://www.hcg.ed.jp/,,,共学
福岡県,私立,九州女子高等学校,北九州市八幡西区,北九州,https://www.kyujoshi.ac.jp/,,,女子校
福岡県,私立,九州英数学館高等学校,北九州市小倉北区,北九州,https://www.kyushu-eisu.ac.jp/,,,共学
福岡県,私立,立花高等学校,北九州市若松区,北九州,https://www.tachibanahs.net/,,,共学
福岡県,私立,大同学園高等学校,北九州市小倉南区,北九州,https://www.daidogakuen.ed.jp/,,,共学
福岡県,県立,福岡県立青豊高等学校,豊前市,北九州,https://seiho.fku.ed.jp/,,,総合学科
福岡県,私立,慶成高等学校,北九州市小倉北区,北九州,https://keisei-h.jp/,,,共学
福岡県,私立,近畿大学附属福岡高等学校,飯塚市,嘉飯,https://www.kindai-fukuoka.ed.jp/,,,共学
福岡県,私立,飯塚高等学校,飯塚市,嘉飯,https://iizuka.ed.jp/,,,共学
福岡県,私立,久留米大学附設高等学校,久留米市,筑後,https://fusetsu.kurume-u.ac.jp/,,,共学・中高一貫
福岡県,私立,久留米信愛高等学校,久留米市,筑後,https://www.kurume-shinai.ac.jp/highschool/,,,女子校
福岡県,私立,大牟田高等学校,大牟田市,筑後,https://www.ohmuta.ac.jp/hs,,,共学
佐賀県,県立,佐賀県立佐賀西高等学校,佐賀市,佐賀,https://www.education.saga.jp/hp/saganishikoukou/,saganishikoukou@pref.saga.lg.jp,,メールアドレスはURLパスパターンから推定
佐賀県,県立,佐賀県立佐賀北高等学校,佐賀市,佐賀,https://www.education.saga.jp/hp/sagakitakoukou/,sagakitakoukou@pref.saga.lg.jp,,全日制・通信制併設
佐賀県,県立,佐賀県立佐賀東高等学校,佐賀市,佐賀,https://www.education.saga.jp/hp/sagahigashikoukou/,sagahigashikoukou@pref.saga.lg.jp,,メールアドレスはURLパスパターンから推定
佐賀県,県立,佐賀県立致遠館高等学校,佐賀市,佐賀,https://www.education.saga.jp/hp/chienkankoukou/,chienkankoukou@pref.saga.lg.jp,,中高一貫校・メールアドレスはURLパスパターンから推定
佐賀県,県立,佐賀県立佐賀工業高等学校,佐賀市,佐賀,https://www.education.saga.jp/hp/sagakougyoukoukou/,sagakougyoukoukou@pref.saga.lg.jp,,メールアドレスはURLパスパターンから推定
佐賀県,県立,佐賀県立佐賀商業高等学校,佐賀市,佐賀,https://www.education.saga.jp/hp/sagashougyoukoukou/,sagashougyoukoukou@pref.saga.lg.jp,,メールアドレスはURLパスパターンから推定
佐賀県,県立,佐賀県立高志館高等学校,佐賀市,佐賀,https://www.education.saga.jp/hp/koushikankoukou/,koushikankoukou@pref.saga.lg.jp,,メールアドレスはURLパスパターンから推定
佐賀県,県立,佐賀県立神埼高等学校,神埼市,佐賀,https://www.education.saga.jp/hp/kanzakikoukou/,kanzakikoukou@pref.saga.lg.jp,,メールアドレスはURLパスパターンから推定
佐賀県,県立,佐賀県立神埼清明高等学校,神埼市,佐賀,https://www.education.saga.jp/hp/kanzakiseimeikoukou/,kanzakiseimeikoukou@pref.saga.lg.jp,,メールアドレスはURLパスパターンから推定
佐賀県,県立,佐賀県立佐賀農業高等学校,杵島郡白石町,有明,https://www.education.saga.jp/hp/saganougyoukoukou/,saganougyoukoukou@pref.saga.lg.jp,,メールアドレスはURLパスパターンから推定
佐賀県,県立,佐賀県立唐津東高等学校,唐津市,唐津,https://www.education.saga.jp/hp/karatsuhigashikoukou/,karatsuhigashikoukou@pref.saga.lg.jp,,中高一貫校
佐賀県,県立,佐賀県立唐津西高等学校,唐津市,唐津,https://www.education.saga.jp/hp/karatsunishikoukou/,karatsunishikoukou@pref.saga.lg.jp,,メールアドレスはURLパスパターンから推定
佐賀県,県立,佐賀県立唐津工業高等学校,唐津市,唐津,https://www.education.saga.jp/hp/karatsukougyoukoukou/,karatsukougyoukoukou@pref.saga.lg.jp,,メールアドレスはURLパスパターンから推定
佐賀県,県立,佐賀県立唐津商業高等学校,唐津市,唐津,https://www.education.saga.jp/hp/karatsushougyoukoukou/,karatsushougyoukoukou@pref.saga.lg.jp,,メールアドレスはURLパスパターンから推定
佐賀県,県立,佐賀県立唐津南高等学校,唐津市,唐津,https://www.education.saga.jp/hp/karatsuminamikoukou/,karatsuminamikoukou@pref.saga.lg.jp,,メールアドレスはURLパスパターンから推定
佐賀県,県立,佐賀県立唐津青翔高等学校,唐津市,唐津,https://www.education.saga.jp/hp/karatsuseishoukoukou/,karatsuseishoukoukou@pref.saga.lg.jp,,メールアドレスはURLパスパターンから推定
佐賀県,県立,佐賀県立厳木高等学校,唐津市,唐津,https://www.education.saga.jp/hp/kyuuragikoukou/,kyuuragikoukou@pref.saga.lg.jp,,メールアドレスはURLパスパターンから推定
佐賀県,県立,佐賀県立伊万里高等学校,伊万里市,伊万里,https://www.education.saga.jp/hp/imarikoukou/,imarikoukou@pref.saga.lg.jp,,メールアドレスはURLパスパターンから推定
佐賀県,県立,佐賀県立伊万里実業高等学校,伊万里市,伊万里,https://www.education.saga.jp/hp/imarijitsugyoukoukou/,imarijitsugyoukoukou@pref.saga.lg.jp,,メールアドレスはURLパスパターンから推定
佐賀県,県立,佐賀県立有田工業高等学校,西松浦郡有田町,伊万里,https://www.education.saga.jp/hp/aritakougyoukoukou/,aritakougyoukoukou@pref.saga.lg.jp,,メールアドレスはURLパスパターンから推定
佐賀県,県立,佐賀県立武雄高等学校,武雄市,武雄,https://www.education.saga.jp/hp/takeokoukou/,takeokoukou@pref.saga.lg.jp,,メールアドレスはURLパスパターンから推定
佐賀県,県立,佐賀県立嬉野高等学校,嬉野市,武雄,https://www.education.saga.jp/hp/ureshinokoukou-n/,ureshinokoukou@pref.saga.lg.jp,,嬉野校舎・塩田校舎。メールアドレスはURLパスパターンから推定
佐賀県,県立,佐賀県立多久高等学校,多久市,武雄,https://www.education.saga.jp/hp/takukoukou/,takukoukou@pref.saga.lg.jp,,メールアドレスはURLパスパターンから推定
佐賀県,県立,佐賀県立小城高等学校,小城市,佐賀,https://www.education.saga.jp/hp/ogikoukou/,ogikoukou@pref.saga.lg.jp,,メールアドレスはURLパスパターンから推定
佐賀県,県立,佐賀県立牛津高等学校,小城市,佐賀,https://www.education.saga.jp/hp/ushidukoukou/,ushidukoukou@pref.saga.lg.jp,,メールアドレスはURLパスパターンから推定
佐賀県,県立,佐賀県立鹿島高等学校,鹿島市,有明,https://www.education.saga.jp/hp/kashimakoukou-n/,kashimakoukou@pref.saga.lg.jp,,メールアドレスはURLパスパターンから推定
佐賀県,県立,佐賀県立白石高等学校,杵島郡白石町,有明,https://www.education.saga.jp/hp/shiroishikoukou-n/,shiroishikoukou@pref.saga.lg.jp,,メールアドレスはURLパスパターンから推定
佐賀県,県立,佐賀県立太良高等学校,藤津郡太良町,有明,https://www.education.saga.jp/hp/tarakoukou/,tarakoukou@pref.saga.lg.jp,,メールアドレスはURLパスパターンから推定
佐賀県,県立,佐賀県立三養基高等学校,三養基郡みやき町,有明,https://www.education.saga.jp/hp/miyakikoukou/,miyakikoukou@pref.saga.lg.jp,,メールアドレスはURLパスパターンから推定
佐賀県,県立,佐賀県立鳥栖高等学校,鳥栖市,有明,https://www.education.saga.jp/hp/tosukoukou/,tosukoukou@pref.saga.lg.jp,,メールアドレスはURLパスパターンから推定
佐賀県,県立,佐賀県立鳥栖工業高等学校,鳥栖市,有明,https://www.education.saga.jp/hp/tosukougyoukoukou/,tosukougyoukoukou@pref.saga.lg.jp,,メールアドレスはURLパスパターンから推定
佐賀県,県立,佐賀県立鳥栖商業高等学校,鳥栖市,有明,https://www.education.saga.jp/hp/tosushougyoukoukou/,tosushougyoukoukou@pref.saga.lg.jp,,メールアドレスはURLパスパターンから推定
佐賀県,私立,龍谷高等学校,佐賀市,佐賀,https://www.sagaryukoku.ed.jp/hsc/,,https://www.sagaryukoku.ed.jp/hsc/contact/,
佐賀県,私立,佐賀清和高等学校,佐賀市,佐賀,https://sagaseiwa.com/highschool/,sagaseiwagakuen@po3.bunbun.ne.jp,https://sagaseiwa.com/contact/,
佐賀県,私立,佐賀学園高等学校,佐賀市,佐賀,https://www.sagagakuen.ed.jp/,sgh@po.bunbun.ne.jp,https://www.sagagakuen.ed.jp/contact/,
佐賀県,私立,北陵高等学校,佐賀市,佐賀,https://hokuryo.ac.jp/,info@hokuryo.ac.jp,,
佐賀県,私立,弘学館高等学校,佐賀市,佐賀,https://www.kogakukan.ac.jp/,,,中高一貫・学寮制
佐賀県,私立,佐賀女子高等学校,佐賀市,佐賀,https://www.asahigakuen.ac.jp/sagajoshikou/,,,旭学園
佐賀県,私立,東明館高等学校,三養基郡基山町,有明,https://www.tomeikan.ed.jp/,info@tomeikan.ed.jp,https://inner.tomeikan.ed.jp/about-school/inquiry/,中高一貫
佐賀県,私立,早稲田佐賀高等学校,唐津市,唐津,https://www.wasedasaga.jp/,,https://www.wasedasaga.jp/request/contact/,早稲田大学系属校
佐賀県,私立,敬徳高等学校,伊万里市,伊万里,https://keitoku.ed.jp/,,https://keitoku.ed.jp/contact/,
長崎県,県立,長崎東中学校・高等学校,長崎市,長崎,https://www.news.ed.jp/higashi-h/,,,中高一貫校（附属中学校併設）
長崎県,県立,長崎西高等学校,長崎市,長崎,https://www.nagasaki-nishi.ed.jp/,,,
長崎県,県立,長崎南高等学校,長崎市,長崎,https://nagasaki-minami.net/,,,
長崎県,県立,長崎北高等学校,長崎市,長崎,https://nagasaki-kita.ed.jp/,,,
長崎県,県立,長崎北陽台高等学校,西彼杵郡長与町,長崎,https://www2.news.ed.jp/section/hokuyoudai-h/,,,
長崎県,県立,長崎鶴洋高等学校,長崎市,長崎,http://www.news.ed.jp/kakuyo-h/,kakuyo-h@news.ed.jp,,水産・総合学科
長崎県,県立,長崎明誠高等学校,長崎市,長崎,https://www.news.ed.jp/meisei-h/,meisei-h@news.ed.jp,,
長崎県,県立,長崎工業高等学校,長崎市,長崎,http://www2.nagasaki-th.ed.jp/,,,
長崎県,県立,佐世保北中学校・高等学校,佐世保市,県北,https://www2.news.ed.jp/section/sasebokita-h/,,,中高一貫校（附属中学校併設）
長崎県,県立,佐世保南高等学校,佐世保市,県北,https://www.news.ed.jp/sasebominami-h/,,,
長崎県,県立,佐世保西高等学校,佐世保市,県北,https://www.news.ed.jp/sasebonishi-h/,,,
長崎県,県立,佐世保工業高等学校,佐世保市,県北,http://www2.news.ed.jp/section/sasebo-th/,,,
長崎県,県立,宇久高等学校,佐世保市,県北,https://www2.news.ed.jp/section/uku-h/,,,佐世保市宇久島
長崎県,県立,猶興館高等学校,平戸市,県北,https://www2.news.ed.jp/section/yukoukan-h/,,,
長崎県,県立,平戸高等学校,平戸市,県北,https://www2.news.ed.jp/section/hirado-h/,,,
長崎県,県立,北松農業高等学校,平戸市,県北,http://www2.news.ed.jp/section/hokusho-ah/,,,田平町
長崎県,県立,松浦高等学校,松浦市,県北,http://www2.news.ed.jp/section/matsuura-h/,,,
長崎県,県立,鹿町工業高等学校,佐世保市,県北,http://www2.news.ed.jp/section/shikamachi-th/,,,佐世保市鹿町町
長崎県,県立,西陵高等学校,諫早市,県央,https://www.news.ed.jp/seiryo-h/,,,
長崎県,県立,諫早高等学校,諫早市,県央,https://www.news.ed.jp/isahaya-h/,,,附属中学校併設
長崎県,県立,諫早東高等学校,諫早市,県央,https://www2.news.ed.jp/section/isahayahigashi-h/,,,
長崎県,県立,諫早農業高等学校,諫早市,県央,https://www.news.ed.jp/isahaya-ah/,isahaya-ah@news.ed.jp,,
長崎県,県立,諫早商業高等学校,諫早市,県央,https://www2.news.ed.jp/section/isahaya-ch/,,,
長崎県,県立,大村高等学校,大村市,県央,https://www.news.ed.jp/omura-h/,,,
長崎県,県立,大村城南高等学校,大村市,県央,https://www2.news.ed.jp/section/jounan-h/,jounan-h@news.ed.jp,,
長崎県,県立,大村工業高等学校,大村市,県央,https://www2.news.ed.jp/section/omura-th/,,,
長崎県,県立,西彼杵高等学校,西海市,長崎,http://www2.news.ed.jp/section/nishisonogi-h/,,,
長崎県,県立,西彼農業高等学校,西海市,長崎,https://www.news.ed.jp/seihi-ah/,,,
長崎県,県立,大崎高等学校,西海市,長崎,http://www2.news.ed.jp/section/osaki-h/,,,
長崎県,県立,国見高等学校,雲仙市,島原,http://www2.news.ed.jp/section/kunimi-h/,,,
長崎県,県立,小浜高等学校,雲仙市,島原,https://www2.news.ed.jp/section/obama-h/,obama-h@news.ed.jp,,
長崎県,県立,島原高等学校,島原市,島原,http://www.shimabara-h.ed.jp/,,,
長崎県,県立,島原農業高等学校,島原市,島原,https://www.news.ed.jp/shimabara-ah/,shimabara-ah@news.ed.jp,,
長崎県,県立,島原工業高等学校,島原市,島原,https://shimabara-th.ed.jp/,,,
長崎県,県立,島原商業高等学校,島原市,島原,https://www2.news.ed.jp/section/shimabara-ch/,,,
長崎県,県立,島原翔南高等学校,南島原市,島原,https://www2.news.ed.jp/section/shounan-h/,,,南有馬町
長崎県,県立,口加高等学校,南島原市,島原,https://www.news.ed.jp/kouka-h/,,,口之津町
長崎県,県立,五島高等学校,五島市,五島,https://www2.news.ed.jp/section/goto-h/,,,
長崎県,県立,五島南高等学校,五島市,五島,https://www2.news.ed.jp/section/gotouminami-h/,,,富江町
長崎県,県立,奈留高等学校,五島市,五島,https://www2.news.ed.jp/section/naru-h/,,,奈留島
長崎県,県立,壱岐高等学校,壱岐市,壱岐,https://www2.news.ed.jp/section/iki-h/,,,
長崎県,県立,壱岐商業高等学校,壱岐市,壱岐,http://www2.news.ed.jp/section/iki-ch/,,,
長崎県,県立,対馬高等学校,対馬市,対馬,https://tsushima-h.jp/,,,
長崎県,県立,豊玉高等学校,対馬市,対馬,https://www2.news.ed.jp/section/toyotama-h/,,,豊玉町
長崎県,県立,上対馬高等学校,対馬市,対馬,http://www2.news.ed.jp/section/kamitsushima-h/,,,上対馬町
長崎県,市立,長崎市立長崎商業高等学校,長崎市,長崎,https://www.nchs.nagasaki-city.ed.jp/,,,長崎市立
長崎県,私立,青雲中学校・高等学校,西彼杵郡時津町,長崎,https://seiun-jh.ed.jp/,,,中高一貫
長崎県,私立,長崎南山中学校・高等学校,長崎市,長崎,https://www.n-nanzan.ed.jp/,,,中高一貫
長崎県,私立,純心中学校・純心女子高等学校,長崎市,長崎,https://www.n-junshin.ed.jp/,,,女子校・中高一貫
長崎県,私立,活水中学校・高等学校,長崎市,長崎,https://www.kwassui.ac.jp/chuko/,,,女子校・中高一貫
長崎県,私立,海星中学校・高等学校,長崎市,長崎,https://kaisei-ngs.ed.jp/,,,中高一貫
長崎県,私立,長崎女子高等学校,長崎市,長崎,https://kakumei.ac.jp/high_school/,,,鶴鳴学園
長崎県,私立,長崎女子商業高等学校,長崎市,長崎,https://n-joshisho.sakura.ne.jp,,,女子校
長崎県,私立,長崎玉成高等学校,長崎市,長崎,https://tamaki.ac.jp/koukou/,,,
長崎県,私立,瓊浦高等学校,長崎市,長崎,http://keiho.ed.jp/,,,
長崎県,私立,聖母の騎士高等学校,長崎市,長崎,https://www.seibonokishi.ed.jp/,,,
長崎県,私立,長崎総合科学大学附属高等学校,長崎市,長崎,https://nias.ed.jp/,,,
長崎県,私立,長崎日本大学中学校・高等学校,諫早市,県央,https://nagasaki-nichidai.jp/,,,中高一貫
長崎県,私立,鎮西学院高等学校,諫早市,県央,https://www.chinzeigakuin.ed.jp/,,,
長崎県,私立,創成館高等学校,諫早市,県央,https://www.sohseikan.ac.jp/,,,
長崎県,私立,向陽高等学校,大村市,県央,http://www.koyogakuen.ed.jp/high_school/,,,
長崎県,私立,聖和女子学院中学校・高等学校,佐世保市,県北,https://www.seiwajoshi.ed.jp/,,,女子校・中高一貫
長崎県,私立,西海学園高等学校,佐世保市,県北,https://saikaigakuen.ed.jp/,,,
長崎県,私立,九州文化学園高等学校,佐世保市,県北,https://high-school.kyubun.ed.jp/,,,
長崎県,私立,久田学園佐世保女子高等学校,佐世保市,県北,https://www.hisata-gakuen.com/,,,女子校
長崎県,私立,精道三川台中学高等学校,長崎市,長崎,https://seido-gakuen.net/secondary/,,,中高一貫・男子校
長崎県,私立,島原中央高等学校,島原市,島原,https://shimabara-chuo.ac.jp/,,,
長崎県,私立,佐世保実業高等学校,佐世保市,県北,https://sajitsu.ed.jp/,,,
熊本県,県立,熊本県立済々黌高等学校,熊本市中央区,熊本,https://seiseiko-hs.ed.jp/,,https://seiseiko-hs.ed.jp/bbs/board.php?bo_table=contact&wr_id=1,
熊本県,県立,熊本県立熊本高等学校,熊本市東区,熊本,https://sh.higo.ed.jp/kumamoto/,kumamoto-h@pref.kumamoto.lg.jp,,
熊本県,県立,熊本県立第一高等学校,熊本市中央区,熊本,https://sh.higo.ed.jp/dai1sh/,daiichi-h@pref.kumamoto.lg.jp,,
熊本県,県立,熊本県立第二高等学校,熊本市東区,熊本,https://kumamoto-d2hs.ed.jp/,,,
熊本県,県立,熊本県立熊本北高等学校,熊本市北区,熊本,https://kumamoto-kitako.ed.jp/,,,
熊本県,県立,熊本県立熊本西高等学校,熊本市西区,熊本,https://sh.higo.ed.jp/kumanishi/,,,
熊本県,県立,熊本県立東稜高等学校,熊本市東区,熊本,https://sh.higo.ed.jp/touryo/,,,
熊本県,県立,熊本県立湧心館高等学校,熊本市中央区,熊本,https://sh.higo.ed.jp/yusinkan/,,,定時制・通信制併設
熊本県,県立,熊本県立熊本工業高等学校,熊本市中央区,熊本,https://sh.higo.ed.jp/kumakoths/,kumamoto-th@pref.kumamoto.lg.jp,,定時制併設
熊本県,県立,熊本県立熊本商業高等学校,熊本市中央区,熊本,https://sh.higo.ed.jp/kumamoto-ch/,,,
熊本県,県立,熊本県立熊本農業高等学校,熊本市南区,熊本,https://sh.higo.ed.jp/kumanou/,,,
熊本県,県立,熊本県立玉名高等学校,玉名市,玉名,https://sh.higo.ed.jp/tamana/,,,
熊本県,県立,熊本県立玉名工業高等学校,玉名市,玉名,https://sh.higo.ed.jp/tamanath/,,,
熊本県,県立,熊本県立岱志高等学校,荒尾市,荒尾,https://sh.higo.ed.jp/taishi/,,,
熊本県,県立,熊本県立北稜高等学校,玉名市,玉名,https://sh.higo.ed.jp/hokuryo/,,,
熊本県,県立,熊本県立鹿本高等学校,山鹿市,菊池,https://sh.higo.ed.jp/kamoto/,kamoto-h@pref.kumamoto.lg.jp,,
熊本県,県立,熊本県立鹿本商工高等学校,山鹿市,菊池,https://sh.higo.ed.jp/kasyoko/,kamoto-cth@pref.kumamoto.lg.jp,,
熊本県,県立,熊本県立菊池高等学校,菊池市,菊池,https://sh.higo.ed.jp/kikuchih/,kikuchi-h@pref.kumamoto.lg.jp,,
熊本県,県立,熊本県立菊池農業高等学校,菊池市,菊池,https://sh.higo.ed.jp/kiku-ag/,,,
熊本県,県立,熊本県立大津高等学校,菊池郡大津町,菊池,https://sh.higo.ed.jp/oozu/,oozu-h@pref.kumamoto.lg.jp,,
熊本県,県立,熊本県立翔陽高等学校,菊池郡菊陽町,菊池,https://sh.higo.ed.jp/shoyo/,,,
熊本県,県立,熊本県立小国高等学校,阿蘇郡小国町,阿蘇,https://sh.higo.ed.jp/ogunish/,oguni-h@pref.kumamoto.lg.jp,,
熊本県,県立,熊本県立阿蘇中央高等学校（阿蘇校舎）,阿蘇市,阿蘇,https://sh.higo.ed.jp/asochuohs/,,,
熊本県,県立,熊本県立阿蘇中央高等学校（清峰校舎）,阿蘇郡南阿蘇村,阿蘇,https://sh.higo.ed.jp/asochuohs/,,,阿蘇中央高等学校の2校舎
熊本県,県立,熊本県立高森高等学校,阿蘇郡高森町,阿蘇,https://sh.higo.ed.jp/takamorish/,takamori-h@pref.kumamoto.lg.jp,,
熊本県,県立,熊本県立宇土高等学校,宇土市,宇城,https://uto-sh.com/,uto-h@pref.kumamoto.lg.jp,,宇土中学校併設
熊本県,県立,熊本県立松橋高等学校,宇城市,宇城,https://sh.higo.ed.jp/matsubasesh/,matsubase-h@pref.kumamoto.lg.jp,,
熊本県,県立,熊本県立御船高等学校,上益城郡御船町,宇城,https://sh.higo.ed.jp/mifunesh/,mifune-h@pref.kumamoto.lg.jp,,
熊本県,県立,熊本県立甲佐高等学校,上益城郡甲佐町,宇城,https://sh.higo.ed.jp/kousa/,,,
熊本県,県立,熊本県立矢部高等学校,上益城郡山都町,宇城,https://sh.higo.ed.jp/yabesh/,,,
熊本県,県立,熊本県立八代高等学校,八代市,宇城,https://yatsushirohighschool.com/,,,八代中学校併設
熊本県,県立,熊本県立八代東高等学校,八代市,宇城,https://sh.higo.ed.jp/yatsue/,yatsushirohigashi-h@pref.kumamoto.lg.jp,,
熊本県,県立,熊本県立八代工業高等学校,八代市,宇城,https://sh.higo.ed.jp/yatuths/,yatsushiro-th@pref.kumamoto.lg.jp,,
熊本県,県立,熊本県立八代農業高等学校,八代市,宇城,https://sh.higo.ed.jp/yatsuno/,yatsushiro-ah@pref.kumamoto.lg.jp,,
熊本県,県立,熊本県立八代清流高等学校,八代市,宇城,https://sh.higo.ed.jp/yatsusei/,,,
熊本県,県立,熊本県立人吉高等学校,人吉市,球磨,https://sh.higo.ed.jp/hitoyoshi-z/,,,
熊本県,県立,熊本県立人吉高等学校五木分校,球磨郡五木村,球磨,https://sh.higo.ed.jp/hitoyoshi-z/,,,人吉高校分校
熊本県,県立,熊本県立球磨工業高等学校,人吉市,球磨,https://sh.higo.ed.jp/kuma-ths/,kuma-th@pref.kumamoto.lg.jp,,
熊本県,県立,熊本県立南稜高等学校,球磨郡あさぎり町,球磨,https://sh.higo.ed.jp/nanryou/,,,
熊本県,県立,熊本県立水俣高等学校,水俣市,球磨,https://sh.higo.ed.jp/mina/,minamata-h@pref.kumamoto.lg.jp,,
熊本県,県立,熊本県立芦北高等学校,葦北郡芦北町,球磨,https://sh.higo.ed.jp/ashikita/,ashikita-h@pref.kumamoto.lg.jp,,
熊本県,県立,熊本県立天草高等学校,天草市,天草,https://sh.higo.ed.jp/amakusa/,amakusa-h@pref.kumamoto.lg.jp,,
熊本県,県立,熊本県立天草高等学校倉岳校,天草市,天草,https://sh.higo.ed.jp/kuratakesh/,kuratake-h@pref.kumamoto.lg.jp,,天草高校分校
熊本県,県立,熊本県立天草工業高等学校,天草市,天草,https://sh.higo.ed.jp/amakusaths/,,,
熊本県,県立,熊本県立天草拓心高等学校（本渡校舎）,天草市,天草,https://sh.higo.ed.jp/amakusatakushin/,,,
熊本県,県立,熊本県立天草拓心高等学校（マリン校舎）,天草市苓北町,天草,https://sh.higo.ed.jp/amakusatakushin/,,,天草拓心の2校舎
熊本県,県立,熊本県立上天草高等学校,上天草市,天草,https://sh.higo.ed.jp/kamiamakusa/,,,
熊本県,県立,熊本県立牛深高等学校,天草市,天草,https://sh.higo.ed.jp/ushikou/,,,
熊本県,市立,熊本市立必由館高等学校,熊本市中央区,熊本,https://www.kumamoto-kmm.ed.jp/school/h/hitsuyukan/,hitsuyuukan@city.kumamoto.lg.jp,https://www.kumamoto-kmm.ed.jp/school/h/hitsuyukan/form.html,
熊本県,市立,熊本市立千原台高等学校,熊本市西区,熊本,https://www.kumamoto-kmm.ed.jp/school/h/chiharadai/,chiharadai@city.kumamoto.lg.jp,,
熊本県,私立,九州学院高等学校,熊本市中央区,熊本,https://kyugaku.ed.jp/hs/,,,
熊本県,私立,熊本マリスト学園高等学校,熊本市東区,熊本,https://www.marist.ed.jp/,,,
熊本県,私立,真和高等学校,熊本市中央区,熊本,https://www.shinwa.ed.jp/,,,
熊本県,私立,鎮西高等学校,熊本市中央区,熊本,https://www.chinzei.ed.jp/,,,
熊本県,私立,尚絅高等学校,熊本市中央区,熊本,https://www.shokei.jp/,,,中学校併設
熊本県,私立,熊本信愛女学院高等学校,熊本市中央区,熊本,https://www.kumamoto-shin-ai.ed.jp/,,,
熊本県,私立,ルーテル学院高等学校,熊本市中央区,熊本,https://luther.ed.jp/,,,
熊本県,私立,熊本国府高等学校,熊本市中央区,熊本,http://www.kumamotokokufu-h.ed.jp/,,,
熊本県,私立,熊本学園大学付属高等学校,熊本市中央区,熊本,https://www.kumagaku-h.ed.jp/,,,
熊本県,私立,東海大学付属熊本星翔高等学校,熊本市東区,熊本,https://www.seisho.tokai.ed.jp/,,,
熊本県,私立,文徳高等学校,熊本市西区,熊本,https://www.buntoku-h.ed.jp/,buntoku@buntoku-h.ed.jp,,
熊本県,私立,熊本中央高等学校,熊本市北区,熊本,https://kasumigakuen.ac.jp/,,https://kasumigakuen.ac.jp/pages/3/,
熊本県,私立,開新高等学校,熊本市中央区,熊本,https://www.kaishin.ed.jp/,,,
熊本県,私立,慶誠高等学校,熊本市中央区,熊本,https://keisei-h.ed.jp/,,,
熊本県,私立,専修大学熊本玉名高等学校,玉名市,玉名,http://www.senshu.ac.jp/,,,旧称：専修大学玉名高等学校（2023年改称）
熊本県,私立,有明高等学校,荒尾市,荒尾,https://ariake-hs.ed.jp/,,,
熊本県,私立,菊池女子高等学校,菊池市,菊池,https://www.kikuchijoshi.ac.jp/,,,
熊本県,私立,秀岳館高等学校,八代市,宇城,https://syugakukan.ed.jp/,,,
熊本県,私立,八代白百合学園高等学校,八代市,宇城,https://yatsushiro-shirayuri.ed.jp/,,,
熊本県,私立,玉名女子高等学校,玉名市,玉名,https://www.tamanajoshi-h.ed.jp/,,,
大分県,県立,大分県立大分上野丘高等学校,大分市,大分,https://kou.oita-ed.jp/oitauenogaoka/,a32200@oen.ed.jp,,
大分県,県立,大分県立大分舞鶴高等学校,大分市,大分,https://kou.oita-ed.jp/oitamaizuru/,a32210@oen.ed.jp,,
大分県,県立,大分県立大分雄城台高等学校,大分市,大分,https://kou.oita-ed.jp/oitaoginodai/,a32270@oen.ed.jp,,
大分県,県立,大分県立大分南高等学校,大分市,大分,https://kou.oita-ed.jp/oitaminami/,a32280@oen.ed.jp,,
大分県,県立,大分県立大分豊府高等学校,大分市,大分,https://kou.oita-ed.jp/oitahoufu/,a32290@oen.ed.jp,,
大分県,県立,大分県立大分工業高等学校,大分市,大分,https://kou.oita-ed.jp/oitakougyou/,,,メールアドレス未確認
大分県,県立,大分県立大分商業高等学校,大分市,大分,https://kou.oita-ed.jp/oitasyougyou/,,,メールアドレス未確認
大分県,県立,大分県立芸術緑丘高等学校,大分市,大分,https://kou.oita-ed.jp/midorigaoka/,,,メールアドレス未確認
大分県,県立,大分県立大分西高等学校,大分市,大分,https://kou.oita-ed.jp/oitanisi/,,,メールアドレス未確認
大分県,県立,大分県立爽風館高等学校,大分市,大分,https://kou.oita-ed.jp/sofukan-sanbu/,,,定時制・通信制（sofukan-sanbu/定時制、sofukan-tusin/通信制）
大分県,県立,大分県立大分鶴崎高等学校,大分市,大分,https://kou.oita-ed.jp/oitaturusaki/,a32310@oen.ed.jp,,
大分県,県立,大分県立鶴崎工業高等学校,大分市,大分,https://kou.oita-ed.jp/turusakikougyou/,a32320@oen.ed.jp,,
大分県,県立,大分県立情報科学高等学校,大分市,大分,https://kou.oita-ed.jp/jouhoukagaku/,,,メールアドレス未確認
大分県,県立,大分県立大分東高等学校,大分市,大分,https://kou.oita-ed.jp/oitahigasi/,a32330@oen.ed.jp,,
大分県,県立,大分県立由布高等学校,由布市,大分,https://kou.oita-ed.jp/yufu/,a32370@oen.ed.jp,,
大分県,県立,大分県立臼杵高等学校,臼杵市,佐伯,https://kou.oita-ed.jp/usuki/,,,メールアドレス未確認
大分県,県立,大分県立津久見高等学校,津久見市,佐伯,https://kou.oita-ed.jp/tsukumi/,,,メールアドレス未確認
大分県,県立,大分県立海洋科学高等学校,佐伯市,佐伯,https://kou.oita-ed.jp/kaiyoukagaku/,,,メールアドレス未確認
大分県,県立,大分県立佐伯鶴城高等学校,佐伯市,佐伯,https://kou.oita-ed.jp/saikikakujou/,,,メールアドレス未確認
大分県,県立,大分県立佐伯豊南高等学校,佐伯市,佐伯,https://kou.oita-ed.jp/saikihounan1/,,,メールアドレス未確認
大分県,県立,大分県立三重総合高等学校,豊後大野市,佐伯,https://kou.oita-ed.jp/miesogo/,,,メールアドレス未確認
大分県,県立,大分県立久住高原農業高等学校,竹田市,豊後,https://kou.oita-ed.jp/kujyuu/,a32680@oen.ed.jp,,全国募集実施校
大分県,県立,大分県立竹田高等学校,竹田市,豊後,https://kou.oita-ed.jp/taketa/,,,メールアドレス未確認
大分県,県立,大分県立玖珠美山高等学校,玖珠郡玖珠町,玖珠,https://kou.oita-ed.jp/kusumiyama/,,,メールアドレス未確認
大分県,県立,大分県立日田高等学校,日田市,日田,https://kou.oita-ed.jp/hita/,a32720@oen.ed.jp,,
大分県,県立,大分県立日田三隈高等学校,日田市,日田,https://kou.oita-ed.jp/hitamikuma/,,,メールアドレス未確認
大分県,県立,大分県立日田林工高等学校,日田市,日田,https://kou.oita-ed.jp/hitarinkou/,a32740@oen.ed.jp,,
大分県,県立,大分県立中津南高等学校,中津市,中津,https://kou.oita-ed.jp/nakatuminami/,a32810@oen.ed.jp,,
大分県,県立,大分県立中津南高等学校耶馬溪校,中津市,中津,https://kou.oita-ed.jp/yabakei/,a32811@oen.ed.jp,,全国募集実施校（2026年度入試から）
大分県,県立,大分県立中津北高等学校,中津市,中津,https://kou.oita-ed.jp/nakatukita/,a32820@oen.ed.jp,,
大分県,県立,大分県立中津東高等学校,中津市,中津,https://kou.oita-ed.jp/nakatuhigasi/,,,メールアドレス未確認
大分県,県立,大分県立宇佐高等学校,宇佐市,中津,https://kou.oita-ed.jp/usa/,a32930@oen.ed.jp,,
大分県,県立,大分県立宇佐産業科学高等学校,宇佐市,中津,https://kou.oita-ed.jp/usasangyoukagaku/,a32910@oen.ed.jp,,
大分県,県立,大分県立安心院高等学校,宇佐市,中津,https://kou.oita-ed.jp/ajimu/,a32920@oen.ed.jp,,全国募集実施校
大分県,県立,大分県立別府翔青高等学校,別府市,別府,https://kou.oita-ed.jp/beppushosei/,a32140@oen.ed.jp,,
大分県,県立,大分県立別府鶴見丘高等学校,別府市,別府,https://kou.oita-ed.jp/bepputurumigaoka/,,,メールアドレス未確認
大分県,県立,大分県立高田高等学校,豊後高田市,国東,https://kou.oita-ed.jp/takada/,a32010@oen.ed.jp,,
大分県,県立,大分県立国東高等学校,国東市,国東,https://kou.oita-ed.jp/kunisaki/,a32030@oen.ed.jp,,全国募集実施校
大分県,県立,大分県立杵築高等学校,杵築市,国東,https://kou.oita-ed.jp/kituki/,,,メールアドレス未確認
大分県,県立,大分県立日出総合高等学校,速見郡日出町,国東,https://kou.oita-ed.jp/hijisogo/,a32090@oen.ed.jp,,
大分県,私立,岩田中学校・高等学校,大分市,大分,https://iwata.ed.jp/,,,メールアドレス非公開
大分県,私立,大分中学校・大分高等学校,大分市,大分,http://www.oita-h.ed.jp/,,,メールアドレス非公開
大分県,私立,大分東明高等学校,大分市,大分,https://www.hiramatsu.ac.jp/tomei,tomei@hiramatsu.ac.jp,,
大分県,私立,楊志館高等学校,大分市,大分,https://www.gotogakuen.ac.jp/yoshikan,,,メールアドレス非公開
大分県,私立,大分国際情報高等学校,大分市,大分,https://kokujou.ed.jp/,,,メールアドレス非公開
大分県,私立,福徳学院高等学校,大分市,大分,https://fukutoku.ed.jp/,,,メールアドレス非公開
大分県,私立,明豊中学・高等学校,別府市,別府,https://meiho-beppu.jp/,,https://meiho-beppu.jp/contact/,
大分県,私立,別府溝部学園高等学校,別府市,別府,https://www.mizobe-h.ed.jp/,,,メールアドレス非公開
大分県,私立,柳ヶ浦高等学校,宇佐市,中津,https://yanagigaura.ed.jp/,,,メールアドレス非公開
大分県,私立,藤蔭高等学校,日田市,日田,http://www.tohin.ac.jp/,tohin@ansin-anzen.jp,,
大分県,私立,昭和学園高等学校,日田市,日田,https://www.showa-h.ed.jp/,showa01@m1.b-net.kcv.jp,,
大分県,私立,日本文理大学附属高等学校,佐伯市,佐伯,https://www.nbu-h.ed.jp/,,,メールアドレス非公開
大分県,私立,稲葉学園高等学校,竹田市,豊後,https://inabagakuen.jp/,,,旧竹田南高等学校。メールアドレス非公開
宮崎県,県立,宮崎大宮高等学校,宮崎市,宮崎,https://miyazakiohmiya-h.ed.jp/,ohmiya-s@pref.miyazaki.lg.jp,,
宮崎県,県立,宮崎西高等学校,宮崎市,宮崎,https://cms.miyazaki-c.ed.jp/6037/,,,附属中学校併設
宮崎県,県立,宮崎南高等学校,宮崎市,宮崎,https://www.miyazaki-c.ed.jp/miyazakiminami-h/,,,
宮崎県,県立,宮崎北高等学校,宮崎市,宮崎,https://cms.miyazaki-c.ed.jp/6040/,,,
宮崎県,県立,宮崎東高等学校,宮崎市,宮崎,https://cms.miyazaki-c.ed.jp/6041/,miyahigashi-h@miyazaki-c.ed.jp,,定時制・通信制・昼間部
宮崎県,県立,宮崎工業高等学校,宮崎市,宮崎,https://www.miyazaki-c.ed.jp/miyazaki-th/,,,
宮崎県,県立,宮崎商業高等学校,宮崎市,宮崎,https://miyasho.ed.jp/,,,
宮崎県,県立,宮崎農業高等学校,宮崎市,宮崎,https://cms.miyazaki-c.ed.jp/6004/,,,
宮崎県,県立,宮崎海洋高等学校,宮崎市,宮崎,https://cms.miyazaki-c.ed.jp/6046hp/,,,
宮崎県,県立,佐土原高等学校,宮崎市,宮崎,https://www.miyazaki-c.ed.jp/sadowara-th/,,https://www.miyazaki-c.ed.jp/sadowara-th/page_access/quest.html,
宮崎県,県立,本庄高等学校,東諸県郡国富町,宮崎,https://cms.miyazaki-c.ed.jp/6006/,,,
宮崎県,県立,高鍋高等学校,児湯郡高鍋町,西都,https://takanabe-hs.ed.jp/,,,
宮崎県,県立,高鍋農業高等学校,児湯郡高鍋町,西都,https://www.takanabe-ah.ed.jp/,,,
宮崎県,県立,妻高等学校,西都市,西都,https://cms.miyazaki-c.ed.jp/6052/,,,
宮崎県,県立,日南高等学校,日南市,日南,https://cms.miyazaki-c.ed.jp/6007/,,,
宮崎県,県立,日南振徳高等学校,日南市,日南,https://cms.miyazaki-c.ed.jp/6051/,,,
宮崎県,県立,福島高等学校,串間市,日南,https://cms.miyazaki-c.ed.jp/6010/,,,
宮崎県,県立,都城泉ヶ丘高等学校,都城市,都城,https://cms.miyazaki-c.ed.jp/6011/,,,附属中学校併設
宮崎県,県立,都城西高等学校,都城市,都城,https://tonishi-h.com/,6015ha@miyazaki-c.ed.jp,,
宮崎県,県立,都城工業高等学校,都城市,都城,https://cms.miyazaki-c.ed.jp/6014/,,,
宮崎県,県立,都城商業高等学校,都城市,都城,https://cms.miyazaki-c.ed.jp/6013/,,,
宮崎県,県立,都城農業高等学校,都城市,都城,https://cms.miyazaki-c.ed.jp/6012/,,,
宮崎県,県立,高城高等学校,都城市,都城,https://cms.miyazaki-c.ed.jp/6016/,,,
宮崎県,県立,小林高等学校,小林市,えびの,https://cms.miyazaki-c.ed.jp/6017/,,,
宮崎県,県立,小林秀峰高等学校,小林市,えびの,https://k-shuho.ed.jp/,,,
宮崎県,県立,飯野高等学校,えびの市,えびの,https://iino-hs.ed.jp/,,,
宮崎県,県立,延岡高等学校,延岡市,延岡,https://cms.miyazaki-c.ed.jp/6027/,,,SSH指定校・ユネスコスクール
宮崎県,県立,延岡工業高等学校,延岡市,延岡,https://cms.miyazaki-c.ed.jp/6029/,,,
宮崎県,県立,延岡商業高等学校,延岡市,延岡,https://cms.miyazaki-c.ed.jp/6030/,,,
宮崎県,県立,延岡星雲高等学校,延岡市,延岡,https://nobeokaseiun.ed.jp/,,,
宮崎県,県立,延岡青朋高等学校,延岡市,延岡,https://cms.miyazaki-c.ed.jp/6049/,,,定時制・通信制
宮崎県,県立,日向高等学校,日向市,日向,https://hyuga-hs.ed.jp/,,,
宮崎県,県立,日向工業高等学校,日向市,日向,https://cms.miyazaki-c.ed.jp/6032/,hyuugakougyou-a@miyazaki-c.ed.jp,,
宮崎県,県立,富島高等学校,日向市,日向,https://tomishima.ed.jp/zen/,,,
宮崎県,県立,門川高等学校,東臼杵郡門川町,日向,https://cms.miyazaki-c.ed.jp/6048/,,,
宮崎県,県立,高千穂高等学校,西臼杵郡高千穂町,延岡,https://portal.takachiho-hs.ed.jp/,,,
宮崎県,県立,五ヶ瀬中等教育学校,西臼杵郡五ヶ瀬町,延岡,https://gokase-ss.ed.jp/,,,中等教育学校（高校相当）
宮崎県,私立,宮崎学園高等学校,宮崎市,宮崎,https://www.miyagaku.ed.jp/hs/,,https://www.miyagaku.ed.jp/high-school/contact/,
宮崎県,私立,鵬翔高等学校,宮崎市,宮崎,https://www.hosho.ed.jp/,,,
宮崎県,私立,日章学園高等学校,宮崎市,宮崎,https://nissho.ed.jp/,,,
宮崎県,私立,宮崎第一高等学校,宮崎市,宮崎,https://miyaichi.ed.jp/hs/,,https://miyaichi.ed.jp/contactus/,
宮崎県,私立,宮崎日本大学高等学校,宮崎市,宮崎,https://www.m-nichidai.com/,,,
宮崎県,私立,日向学院高等学校,宮崎市,宮崎,http://www.hyugagakuin.ac.jp/,,,
宮崎県,私立,日南学園高等学校（宮崎穎学館）,宮崎市,宮崎,https://www.eigakukan.ed.jp/,,https://www.eigakukan.ed.jp/contact/captmail.cgi,宮崎市田野町に所在
宮崎県,私立,都城高等学校,都城市,都城,https://kubogakuen.ac.jp/,,,
宮崎県,私立,聖心ウルスラ学園高等学校,延岡市,延岡,https://ursula.ed.jp/high/,,https://ursula.ed.jp/high/contact/,
宮崎県,私立,延岡学園高等学校,延岡市,延岡,https://nobeokagakuen-ed.jp/,planning@nobeokagakuen-ed.jp,,
宮崎県,私立,日章学園九州国際高等学校,えびの市,えびの,https://www.nissho.ac.jp/nkih/,,,
鹿児島県,県立,鹿児島県立鶴丸高等学校,鹿児島市,鹿児島,https://tsurumaru.edu.pref.kagoshima.jp/,,,薬師2丁目1-1
鹿児島県,県立,鹿児島県立甲南高等学校,鹿児島市,鹿児島,http://konan.edu.pref.kagoshima.jp/,,,上之園町23-1
鹿児島県,県立,鹿児島県立鹿児島中央高等学校,鹿児島市,鹿児島,https://chuo.edu.pref.kagoshima.jp/,,,加治屋町10-1
鹿児島県,県立,鹿児島県立武岡台高等学校,鹿児島市,鹿児島,http://www.edu.pref.kagoshima.jp/sh/takeoka/,,,小野町3175
鹿児島県,県立,鹿児島県立明桜館高等学校,鹿児島市,鹿児島,http://www.edu.pref.kagoshima.jp/sh/meiokan/,,,郡山町100
鹿児島県,県立,鹿児島県立松陽高等学校,鹿児島市,鹿児島,http://www.edu.pref.kagoshima.jp/sh/shoyo/,,,福山町573
鹿児島県,県立,鹿児島県立鹿児島東高等学校,鹿児島市,鹿児島,https://higashi.edu.pref.kagoshima.jp/,,,東坂元3丁目28-1
鹿児島県,県立,鹿児島県立鹿児島工業高等学校,鹿児島市,鹿児島,http://kagoshima-t.edu.pref.kagoshima.jp/,,,草牟田2丁目57-1
鹿児島県,県立,鹿児島県立鹿児島南高等学校,鹿児島市,鹿児島,https://www.edu.pref.kagoshima.jp/sh/minami/,,,谷山中央8丁目4-1
鹿児島県,県立,鹿児島県立開陽高等学校,鹿児島市,鹿児島,http://www.edu.pref.kagoshima.jp/sh/kaiyo/,,,西谷山1丁目2-1
鹿児島県,県立,鹿児島県立錦江湾高等学校,鹿児島市,鹿児島,http://www.edu.pref.kagoshima.jp/sh/kinkowan/,,,平川町
鹿児島県,県立,鹿児島県立鹿児島農業高等学校,鹿児島市,鹿児島,http://www.edu.pref.kagoshima.jp/sh/kagoshima-a/,,,七ツ島2丁目
鹿児島県,市立,鹿児島市立鹿児島玉龍高等学校,鹿児島市,鹿児島,https://www.keinet.com/gyokuk/,,,池之上町20-57 ※公式サイトはkeinet.com内
鹿児島県,市立,鹿児島市立鹿児島商業高等学校,鹿児島市,鹿児島,http://www.city.kagoshima.lg.jp/kyoiku/kyoiku/gakumu/shisetsu/sho-chu-ko/,,,西坂元町58-1
鹿児島県,私立,ラ・サール高等学校,鹿児島市,鹿児島,https://www.lasalle.ed.jp/,,,小松原2丁目10-1
鹿児島県,私立,鹿児島高等学校,鹿児島市,鹿児島,https://www.kagoshima-h.ed.jp/,kakou@kagoshima-h.ed.jp,https://www.kagoshima-h.ed.jp/information/,薬師1丁目21-9
鹿児島県,私立,樟南高等学校,鹿児島市,鹿児島,https://www.shonan-h.ac.jp/,,,東谷山3丁目
鹿児島県,私立,鹿児島実業高等学校,鹿児島市,鹿児島,https://www.kajitsu.ac.jp/,,,下荒田4丁目
鹿児島県,私立,志學館高等部,鹿児島市,鹿児島,https://www.jh.shigakukan.ac.jp/,,,唐湊4丁目
鹿児島県,私立,鹿児島情報高等学校,鹿児島市,鹿児島,https://ka-joho.jp/,,https://ka-joho.jp/contactus/,谷山中央2丁目4118
鹿児島県,私立,鹿児島純心女子高等学校,鹿児島市,鹿児島,http://www.k-junshin.ed.jp/,,,薬師1丁目
鹿児島県,私立,鹿児島城西高等学校,日置市,鹿児島,http://www.kjojo.ed.jp/,,,日置市伊集院町
鹿児島県,私立,鹿児島育英館高等学校,日置市,鹿児島,https://ikueikan.ed.jp/,,,日置市東市来町
鹿児島県,県立,鹿児島県立伊集院高等学校,日置市,南薩,https://www.edu.pref.kagoshima.jp/sh/ijuin/,,,日置市伊集院町郡1984
鹿児島県,県立,鹿児島県立市来農芸高等学校,いちき串木野市,南薩,https://ichiki.edu.pref.kagoshima.jp/,,,いちき串木野市
鹿児島県,県立,鹿児島県立加世田高等学校,南さつま市,南薩,https://kaseda.edu.pref.kagoshima.jp/,,,南さつま市加世田
鹿児島県,県立,鹿児島県立加世田常潤高等学校,南さつま市,南薩,http://www.edu.pref.kagoshima.jp/sh/kasedajojun/,,,南さつま市加世田
鹿児島県,県立,鹿児島県立薩南工業高等学校,南九州市,南薩,https://satsunan.edu.pref.kagoshima.jp/,,,南九州市知覧町郡5232
鹿児島県,県立,鹿児島県立川辺高等学校,南九州市,南薩,https://kawanabe.edu.pref.kagoshima.jp/,,,南九州市川辺町
鹿児島県,県立,鹿児島県立指宿高等学校,指宿市,南薩,https://www.edu.pref.kagoshima.jp/sh/ibusuki/,,,指宿市十町236
鹿児島県,市立,指宿市立指宿商業高等学校,指宿市,南薩,http://www12.synapse.ne.jp/ibusyo/,,,指宿市岩本2747
鹿児島県,私立,鳳凰高等学校,南さつま市,南薩,https://houou.ed.jp/,,,南さつま市加世田
鹿児島県,県立,鹿児島県立川内高等学校,薩摩川内市,北薩,https://sendai.edu.pref.kagoshima.jp/,,,薩摩川内市御陵下町6-3
鹿児島県,県立,鹿児島県立川内商工高等学校,薩摩川内市,北薩,https://sendai-c-t.edu.pref.kagoshima.jp/,,,薩摩川内市
鹿児島県,県立,鹿児島県立川薩清修館高等学校,薩摩川内市,北薩,http://www.edu.pref.kagoshima.jp/sh/sensatsu/,,,薩摩川内市入来町副田5961
鹿児島県,県立,鹿児島県立薩摩中央高等学校,さつま町,北薩,https://sachuo.edu.pref.kagoshima.jp/,,,薩摩郡さつま町虎居1900
鹿児島県,県立,鹿児島県立出水高等学校,出水市,北薩,http://www.edu.pref.kagoshima.jp/sh/izumi/,,,出水市
鹿児島県,県立,鹿児島県立出水工業高等学校,出水市,北薩,http://www.edu.pref.kagoshima.jp/sh/izumi-k/,,,出水市西出水町
鹿児島県,県立,鹿児島県立野田女子高等学校,出水市,北薩,https://www.edu.pref.kagoshima.jp/sh/noda/,,,出水市野田町
鹿児島県,県立,鹿児島県立鶴翔高等学校,阿久根市,北薩,https://kakusho.edu.pref.kagoshima.jp/,,,阿久根市赤瀬川1800
鹿児島県,私立,出水中央高等学校,出水市,北薩,https://izumi.ac.jp/,,,出水市西出水町
鹿児島県,私立,れいめい高等学校,薩摩川内市,北薩,https://reimei.ed.jp/,,,薩摩川内市
鹿児島県,県立,鹿児島県立大口高等学校,伊佐市,姶良,http://www.edu.pref.kagoshima.jp/sh/okuchi/,,,伊佐市大口
鹿児島県,県立,鹿児島県立伊佐農林高等学校,伊佐市,姶良,https://isa.edu.pref.kagoshima.jp/,,,伊佐市大口
鹿児島県,県立,鹿児島県立菱刈高等学校,伊佐市,姶良,http://www.edu.pref.kagoshima.jp/sh/hishikari/,,,伊佐市菱刈
鹿児島県,県立,鹿児島県立国分高等学校,霧島市,姶良,https://kokubu.edu.pref.kagoshima.jp/,,,霧島市国分中央2-8-1
鹿児島県,県立,鹿児島県立加治木高等学校,姶良市,姶良,http://www.edu.pref.kagoshima.jp/sh/kajiki/,,,姶良市加治木町仮屋町211
鹿児島県,県立,鹿児島県立加治木工業高等学校,姶良市,姶良,https://kajiki-t.edu.pref.kagoshima.jp/,,,姶良市加治木町新富町
鹿児島県,県立,鹿児島県立蒲生高等学校,姶良市,姶良,http://www.edu.pref.kagoshima.jp/sh/kamo/,,,姶良市蒲生町下久徳
鹿児島県,県立,鹿児島県立霧島高等学校,霧島市,姶良,http://www.edu.pref.kagoshima.jp/sh/kirishima/,,,霧島市牧園町
鹿児島県,県立,鹿児島県立福山高等学校,霧島市,姶良,http://www.edu.pref.kagoshima.jp/sh/fukuyama/,,,霧島市福山町
鹿児島県,県立,鹿児島県立隼人工業高等学校,霧島市,姶良,http://www.edu.pref.kagoshima.jp/sh/hayato/,,,霧島市隼人町内山田
鹿児島県,市立,霧島市立国分中央高等学校,霧島市,姶良,https://www.mct.ne.jp/users/kokubu-chuo/,,,霧島市国分中央1-10-1
鹿児島県,私立,大口明光学園高等学校,伊佐市,姶良,http://www.omg.ed.jp/,,,伊佐市大口
鹿児島県,私立,鹿児島第一高等学校,霧島市,姶良,http://www.k-dai1.ed.jp/,,,霧島市国分
鹿児島県,私立,龍桜高等学校,姶良市,姶良,https://gh-kagoshima.ac.jp/ryu/,,,姶良市加治木町木田
鹿児島県,県立,鹿児島県立鹿屋高等学校,鹿屋市,大隅,https://www.edu.pref.kagoshima.jp/sh/kanoya/,,,鹿屋市白崎町
鹿児島県,県立,鹿児島県立鹿屋農業高等学校,鹿屋市,大隅,https://kanoya-a.edu.pref.kagoshima.jp/,,,鹿屋市
鹿児島県,県立,鹿児島県立鹿屋工業高等学校,鹿屋市,大隅,https://kanoya-th.edu.pref.kagoshima.jp/,,,鹿屋市川西町
鹿児島県,県立,鹿児島県立垂水高等学校,垂水市,大隅,https://tarumizu.edu.pref.kagoshima.jp/,,,垂水市
鹿児島県,県立,鹿児島県立曽於高等学校,曽於市,大隅,https://soo.edu.pref.kagoshima.jp/,,,曽於市
鹿児島県,県立,鹿児島県立志布志高等学校,志布志市,大隅,https://www.edu.pref.kagoshima.jp/sh/shibushi/,,,志布志市
鹿児島県,県立,鹿児島県立南大隅高等学校,南大隅町,大隅,https://www.edu.pref.kagoshima.jp/sh/minamiosumi/,,,肝属郡南大隅町川北
鹿児島県,私立,尚志館高等学校,志布志市,大隅,https://www.shoshikan.ed.jp/,,,志布志市
鹿児島県,私立,鹿屋中央高等学校,鹿屋市,大隅,http://www.kanoya-chuo.ed.jp/,,,鹿屋市
鹿児島県,県立,鹿児島県立種子島高等学校,西之表市,熊毛,http://www.edu.pref.kagoshima.jp/sh/tanejima/,,,西之表市
鹿児島県,県立,鹿児島県立種子島中央高等学校,中種子町,熊毛,https://www.edu.pref.kagoshima.jp/sh/tanechuo/,,,熊毛郡中種子町野間
鹿児島県,県立,鹿児島県立屋久島高等学校,屋久島町,熊毛,http://www.edu.pref.kagoshima.jp/sh/yakushima/,,,熊毛郡屋久島町
鹿児島県,私立,屋久島おおぞら高等学校,屋久島町,熊毛,https://okz.ac.jp/,,,熊毛郡屋久島町
鹿児島県,県立,鹿児島県立大島高等学校,奄美市,奄美,https://www.edu.pref.kagoshima.jp/sh/oshima/,,,奄美市名瀬安勝町
鹿児島県,県立,鹿児島県立奄美高等学校,奄美市,奄美,https://amami.edu.pref.kagoshima.jp/,,,奄美市名瀬古田町
鹿児島県,県立,鹿児島県立大島北高等学校,奄美市,奄美,http://www.edu.pref.kagoshima.jp/sh/oshima-kita/,,,奄美市笠利町中金久
鹿児島県,県立,鹿児島県立古仁屋高等学校,瀬戸内町,奄美,https://koniya.edu.pref.kagoshima.jp/,,,大島郡瀬戸内町
鹿児島県,県立,鹿児島県立喜界高等学校,喜界町,奄美,https://www.edu.pref.kagoshima.jp/sh/kikai/,,,大島郡喜界町
鹿児島県,県立,鹿児島県立徳之島高等学校,徳之島町,奄美,http://www.edu.pref.kagoshima.jp/sh/tokunoshima/,,,大島郡徳之島町亀津
鹿児島県,県立,鹿児島県立沖永良部高等学校,知名町,奄美,http://www.edu.pref.kagoshima.jp/sh/okierabu/,,,大島郡知名町余多
鹿児島県,県立,鹿児島県立与論高等学校,与論町,奄美,http://www.edu.pref.kagoshima.jp/sh/yoron/,,,大島郡与論町茶花
鹿児島県,私立,樟南第二高等学校,徳之島町,奄美,https://shonandaini.wixsite.com/shonandaini,,,大島郡徳之島町
沖縄県,県立,辺土名高等学校,国頭村,北部,https://www.hentoname-h.open.ed.jp/,xx330019@pref.okinawa.lg.jp,,普通科・全日制
沖縄県,県立,北山高等学校,今帰仁村,北部,https://www.kitayama-h.open.ed.jp/,xx330027@pref.okinawa.lg.jp,,普通科・理数科・全日制
沖縄県,県立,名護高等学校,名護市,北部,https://www.nago-h.open.ed.jp/,xx330043@pref.okinawa.lg.jp,,普通科・全日制
沖縄県,県立,名護商工高等学校,名護市,北部,https://www.nago-th.open.ed.jp/,xx331040@pref.okinawa.lg.jp,,商業・工業・全日制
沖縄県,県立,北部農林高等学校,名護市,北部,https://www.hokubu-ah.open.ed.jp/,xx330418@pref.okinawa.lg.jp,,農業・全日制
沖縄県,県立,本部高等学校,本部町,北部,https://www.motobu-h.open.ed.jp/,xx330035@pref.okinawa.lg.jp,,普通科・全日制
沖縄県,県立,宜野座高等学校,宜野座村,北部,https://www.ginoza-h.open.ed.jp/,xx330051@pref.okinawa.lg.jp,,普通科・全日制
沖縄県,県立,石川高等学校,うるま市,中部,https://www.ishikawa-h.open.ed.jp/,xx330060@pref.okinawa.lg.jp,,普通科・全日制
沖縄県,県立,読谷高等学校,読谷村,中部,https://www.yomitan-h.open.ed.jp/,xx330086@pref.okinawa.lg.jp,,普通科・全日制
沖縄県,県立,嘉手納高等学校,嘉手納町,中部,https://www.kadena-h.open.ed.jp/,xx330299@pref.okinawa.lg.jp,,普通科・全日制
沖縄県,県立,北谷高等学校,北谷町,中部,https://www.chatan-h.open.ed.jp/,xx330205@pref.okinawa.lg.jp,,普通科・全日制
沖縄県,県立,北中城高等学校,北中城村,中部,https://www.kitanaka-h.open.ed.jp/,xx330281@pref.okinawa.lg.jp,,普通科・全日制
沖縄県,県立,中部農林高等学校,北中城村,中部,https://www.chubu-ah.open.ed.jp/,xx330426@pref.okinawa.lg.jp,,農業・全日制
沖縄県,県立,向陽高等学校,中城村,中部,https://www.koyo-h.open.ed.jp/,xx330752@pref.okinawa.lg.jp,,普通・理数・国際文・全日制
沖縄県,県立,宜野湾高等学校,宜野湾市,中部,https://www.ginowan-h.open.ed.jp/,xx330256@pref.okinawa.lg.jp,,普通科・全日制
沖縄県,県立,普天間高等学校,宜野湾市,中部,https://www.futenma-h.open.ed.jp/,xx330108@pref.okinawa.lg.jp,,普通科・全日制
沖縄県,県立,中部商業高等学校,宜野湾市,中部,https://www.chubu-ch.open.ed.jp/,xx330604@pref.okinawa.lg.jp,,商業・全日制
沖縄県,県立,具志川高等学校,うるま市,中部,https://www.gushikawa-h.open.ed.jp/,xx330272@pref.okinawa.lg.jp,,普通科・全日制
沖縄県,県立,具志川商業高等学校,うるま市,中部,https://www.gushikawa-ch.open.ed.jp/,xx330647@pref.okinawa.lg.jp,,商業・全日制
沖縄県,県立,与勝高等学校,うるま市,中部,https://www.yokatsu-h.open.ed.jp/,xx330248@pref.okinawa.lg.jp,,普通科・全日制
沖縄県,県立,前原高等学校,うるま市,中部,https://www.maehara-h.open.ed.jp/,xx330078@pref.okinawa.lg.jp,,普通・英語・総合スポーツ・全日制
沖縄県,県立,美里高等学校,沖縄市,中部,https://www.misato-h.open.ed.jp/,xx330220@pref.okinawa.lg.jp,,普通科・全日制
沖縄県,県立,美里工業高等学校,沖縄市,中部,https://www.misato-th.open.ed.jp/,xx330531@pref.okinawa.lg.jp,,工業・全日制
沖縄県,県立,コザ高等学校,沖縄市,中部,http://www.koza-h.open.ed.jp/,xx330094@pref.okinawa.lg.jp,,普通・商業・全日制定時制
沖縄県,県立,球陽高等学校,沖縄市,中部,https://www.kyuyo-h.open.ed.jp/,xx330744@pref.okinawa.lg.jp,,普通・理数・国際文・全日制
沖縄県,県立,美来工科高等学校,沖縄市,中部,https://www.mirai-th.open.ed.jp/,xx330523@pref.okinawa.lg.jp,,工業・全日制
沖縄県,県立,西原高等学校,西原町,那覇,https://www.nishihara-h.open.ed.jp/,xx330191@pref.okinawa.lg.jp,,普通科・全日制
沖縄県,県立,沖縄工業高等学校,那覇市,那覇,https://www.okinawa-th.open.ed.jp/,xx330558@pref.okinawa.lg.jp,,工業・全日制
沖縄県,県立,浦添高等学校,浦添市,那覇,https://www.urasoe-h.open.ed.jp/,xx330116@pref.okinawa.lg.jp,,普通科・全日制
沖縄県,県立,浦添工業高等学校,浦添市,那覇,https://www.urasoe-th.open.ed.jp/,xx330574@pref.okinawa.lg.jp,,工業・全日制
沖縄県,県立,浦添商業高等学校,浦添市,那覇,https://www.urasoe-ch.open.ed.jp/,xx330639@pref.okinawa.lg.jp,,商業・全日制
沖縄県,県立,陽明高等学校,浦添市,那覇,https://www.yomei-h.open.ed.jp/,xx330230@pref.okinawa.lg.jp,,普通科・全日制
沖縄県,県立,那覇高等学校,那覇市,那覇,https://www.naha-h.open.ed.jp/,xx330132@pref.okinawa.lg.jp,,普通科・全日制
沖縄県,県立,那覇国際高等学校,那覇市,那覇,https://www.nahakokusai-h.open.ed.jp/,xx330329@pref.okinawa.lg.jp,,普通・国際文・全日制
沖縄県,県立,那覇商業高等学校,那覇市,那覇,https://www.naha-ch.open.ed.jp/,xx330612@pref.okinawa.lg.jp,,商業・全日制定時制
沖縄県,県立,那覇工業高等学校,那覇市,那覇,https://www.naha-th.open.ed.jp/,xx330540@pref.okinawa.lg.jp,,工業・全日制定時制
沖縄県,県立,那覇西高等学校,那覇市,那覇,https://www.nahanishi-h.open.ed.jp/,xx330311@pref.okinawa.lg.jp,,普通・国際人文・体育・全日制
沖縄県,県立,首里高等学校,那覇市,那覇,https://www.shuri-h.open.ed.jp/,xx330124@pref.okinawa.lg.jp,,普通科・全日制
沖縄県,県立,首里東高等学校,那覇市,那覇,https://www.shurihigashi-h.open.ed.jp/,xx330302@pref.okinawa.lg.jp,,普通科・全日制
沖縄県,県立,真和志高等学校,那覇市,那覇,https://www.mahashi-h.open.ed.jp/,xx330141@pref.okinawa.lg.jp,,普通・クリエイティブアーツ・全日制
沖縄県,県立,小禄高等学校,那覇市,那覇,https://www.oroku-h.open.ed.jp/,xx330159@pref.okinawa.lg.jp,,普通科・全日制
沖縄県,県立,開邦高等学校,南城市,那覇,https://www.kaiho-h.open.ed.jp/,xx330736@pref.okinawa.lg.jp,,普通・理数・国際文・全日制
沖縄県,県立,泊高等学校,那覇市,那覇,https://www.tomari-h.open.ed.jp/,xx340812@pref.okinawa.lg.jp,,普通科・定時制
沖縄県,県立,知念高等学校,与那原町,島尻,https://www.chinen-h.open.ed.jp/,xx330175@pref.okinawa.lg.jp,,普通科・全日制（校名は知念だが現在地は与那原町）
沖縄県,県立,南風原高等学校,南風原町,島尻,https://www.haebaru-h.open.ed.jp/,xx330213@pref.okinawa.lg.jp,,普通科・全日制
沖縄県,県立,豊見城高等学校,豊見城市,島尻,https://www.tomishiro-h.open.ed.jp/,xx330167@pref.okinawa.lg.jp,,普通科・全日制
沖縄県,県立,豊見城南高等学校,豊見城市,島尻,https://www.tomishironami-h.open.ed.jp/,xx330264@pref.okinawa.lg.jp,,普通科・全日制
沖縄県,県立,糸満高等学校,糸満市,島尻,https://www.itoman-h.open.ed.jp/,xx330183@pref.okinawa.lg.jp,,普通科・全日制
沖縄県,県立,沖縄水産高等学校,糸満市,島尻,http://www.okisui-h.open.ed.jp/,xx330710@pref.okinawa.lg.jp,,水産・全日制
沖縄県,県立,南部農林高等学校,豊見城市,島尻,https://www.nanbu-ah.open.ed.jp/,xx330434@pref.okinawa.lg.jp,,農業・全日制
沖縄県,県立,南部工業高等学校,糸満市,島尻,https://www.nanbu-th.open.ed.jp/,xx330566@pref.okinawa.lg.jp,,工業・全日制
沖縄県,県立,南部商業高等学校,糸満市,島尻,http://www.nanbu-ch.open.ed.jp/,xx330621@pref.okinawa.lg.jp,,商業・全日制
沖縄県,県立,久米島高等学校,久米島町,島尻,https://www.kumejima-h.open.ed.jp/,xx330817@pref.okinawa.lg.jp,,普通・園芸・全日制
沖縄県,県立,宮古高等学校,宮古島市,宮古,https://www.miyako-h.open.ed.jp/,xx330914@pref.okinawa.lg.jp,,普通科・全日制
沖縄県,県立,宮古工業高等学校,宮古島市,宮古,https://www.miyako-th.open.ed.jp/,xx330931@pref.okinawa.lg.jp,,工業・全日制
沖縄県,県立,宮古総合実業高等学校,宮古島市,宮古,https://www.miyasou-h.open.ed.jp/,xx331050@pref.okinawa.lg.jp,,農業・商業・全日制
沖縄県,県立,八重山高等学校,石垣市,八重山,https://www.yaeyama-h.open.ed.jp/,xx331015@pref.okinawa.lg.jp,,普通科・全日制
沖縄県,県立,八重山商工高等学校,石垣市,八重山,https://www.yaeyama-th.open.ed.jp/,xx331031@pref.okinawa.lg.jp,,工業・商業・全日制
沖縄県,県立,八重山農林高等学校,石垣市,八重山,https://www.yaeyama-ah.open.ed.jp/,xx331023@pref.okinawa.lg.jp,,農業・全日制
沖縄県,私立,興南高等学校,那覇市,那覇,https://konan-h.ed.jp/,soumu@konan-h.ed.jp,,男女共学・全日制
沖縄県,私立,沖縄尚学高等学校,那覇市,那覇,https://www.okisho.ed.jp/,query@okisho.ed.jp,https://www.okisho.ed.jp/contact/,男女共学・全日制
沖縄県,私立,沖縄カトリック高等学校,宜野湾市,中部,https://ocjs.catholic-okinawa.ed.jp/,official01@catholic-okinawa.ed.jp,,男女共学・全日制
沖縄県,私立,昭和薬科大学附属高等学校,浦添市,那覇,https://www.showayakka-jh.ed.jp/,sy-jimu@southernx.ne.jp,,男女共学・全日制
沖縄県,私立,八洲学園大学国際高等学校,本部町,北部,https://www.yashima.ac.jp/okinawa/,okinawa@yashima.ac.jp,,通信制
